v -2.25 0 0
v -2.25 0 0
v -2.25 0 0
v -2.25 0 0
v -2.25 0 0
v -2.25 0 0
v -2.25 0 0
v -2.25 0 0
v -2.35 0 0.24
v -2.35 -0.16971 0.16971
v -2.35 -0.24 0
v -2.35 -0.16971 -0.16971
v -2.35 0 -0.24
v -2.35 0.16971 -0.16971
v -2.35 0.24 0
v -2.35 0.16971 0.16971
v -2.2 0 0.33
v -2.2 -0.23335 0.23335
v -2.2 -0.33 0
v -2.2 -0.23335 -0.23335
v -2.2 0 -0.33
v -2.2 0.23335 -0.23335
v -2.2 0.33 0
v -2.2 0.23335 0.23335
v -1.75 0 0.37
v -1.75 -0.26163 0.26163
v -1.75 -0.37 0
v -1.75 -0.26163 -0.26163
v -1.75 0 -0.37
v -1.75 0.26163 -0.26163
v -1.75 0.37 0
v -1.75 0.26163 0.26163
v -1.55 0 0.45
v -1.55 -0.3182 0.3182
v -1.55 -0.45 0
v -1.55 -0.3182 -0.3182
v -1.55 0 -0.45
v -1.55 0.3182 -0.3182
v -1.55 0.45 0
v -1.55 0.3182 0.3182
v -1.3 0 0.43
v -1.3 -0.30406 0.30406
v -1.3 -0.43 0
v -1.3 -0.30406 -0.30406
v -1.3 0 -0.43
v -1.3 0.30406 -0.30406
v -1.3 0.43 0
v -1.3 0.30406 0.30406
v -1 0 0.5
v -1 -0.35355 0.35355
v -1 -0.5 0
v -1 -0.35355 -0.35355
v -1 0 -0.5
v -1 0.35355 -0.35355
v -1 0.5 0
v -1 0.35355 0.35355
v -0.45 0 0.47
v -0.45 -0.33234 0.33234
v -0.45 -0.47 0
v -0.45 -0.33234 -0.33234
v -0.45 0 -0.47
v -0.45 0.33234 -0.33234
v -0.45 0.47 0
v -0.45 0.33234 0.33234
v 0.15 0 0.55
v 0.15 -0.38891 0.38891
v 0.15 -0.55 0
v 0.15 -0.38891 -0.38891
v 0.15 0 -0.55
v 0.15 0.38891 -0.38891
v 0.15 0.55 0
v 0.15 0.38891 0.38891
v 0.45 0 0.55
v 0.45 -0.38891 0.38891
v 0.45 -0.55 0
v 0.45 -0.38891 -0.38891
v 0.45 0 -0.55
v 0.45 0.38891 -0.38891
v 0.45 0.55 0
v 0.45 0.38891 0.38891
v 0.8 0 0.45
v 0.8 -0.3182 0.3182
v 0.8 -0.45 0
v 0.8 -0.3182 -0.3182
v 0.8 0 -0.45
v 0.8 0.3182 -0.3182
v 0.8 0.45 0
v 0.8 0.3182 0.3182
v 1.1 0 0.5
v 1.1 -0.35355 0.35355
v 1.1 -0.5 0
v 1.1 -0.35355 -0.35355
v 1.1 0 -0.5
v 1.1 0.35355 -0.35355
v 1.1 0.5 0
v 1.1 0.35355 0.35355
v 1.75 0 0.42
v 1.75 -0.29698 0.29698
v 1.75 -0.42 0
v 1.75 -0.29698 -0.29698
v 1.75 0 -0.42
v 1.75 0.29698 -0.29698
v 1.75 0.42 0
v 1.75 0.29698 0.29698
v 1.9 0 0.34
v 1.9 -0.24042 0.24042
v 1.9 -0.34 0
v 1.9 -0.24042 -0.24042
v 1.9 0 -0.34
v 1.9 0.24042 -0.24042
v 1.9 0.34 0
v 1.9 0.24042 0.24042
v 1.8 0 0
v 1.8 0 0
v 1.8 0 0
v 1.8 0 0
v 1.8 0 0
v 1.8 0 0
v 1.8 0 0
v 1.8 0 0
v -1.25 0.46 0
v -1.25 0.46 0
v -1.25 0.46 0
v -1.25 0.46 0
v -1.25 0.46 0
v -1.25 0.46 0
v -1.25 0.46 0
v -1.25 0.46 0
v -1.28 0.46 0.08
v -1.28 0.40343 0.05657
v -1.28 0.38 0
v -1.28 0.40343 -0.05657
v -1.28 0.46 -0.08
v -1.28 0.51657 -0.05657
v -1.28 0.54 0
v -1.28 0.51657 0.05657
v -1.2 0.48 0.1
v -1.2 0.40929 0.07071
v -1.2 0.38 0
v -1.2 0.40929 -0.07071
v -1.2 0.48 -0.1
v -1.2 0.55071 -0.07071
v -1.2 0.58 0
v -1.2 0.55071 0.07071
v -1 0.48 0.1
v -1 0.40929 0.07071
v -1 0.38 0
v -1 0.40929 -0.07071
v -1 0.48 -0.1
v -1 0.55071 -0.07071
v -1 0.58 0
v -1 0.55071 0.07071
v -0.95 0.48 0.13
v -0.95 0.38808 0.09192
v -0.95 0.35 0
v -0.95 0.38808 -0.09192
v -0.95 0.48 -0.13
v -0.95 0.57192 -0.09192
v -0.95 0.61 0
v -0.95 0.57192 0.09192
v -0.7 0.48 0.15
v -0.7 0.37393 0.10607
v -0.7 0.33 0
v -0.7 0.37393 -0.10607
v -0.7 0.48 -0.15
v -0.7 0.58607 -0.10607
v -0.7 0.63 0
v -0.7 0.58607 0.10607
v -0.4 0.48 0.25
v -0.4 0.30322 0.17678
v -0.4 0.23 0
v -0.4 0.30322 -0.17678
v -0.4 0.48 -0.25
v -0.4 0.65678 -0.17678
v -0.4 0.73 0
v -0.4 0.65678 0.17678
v 0 0.48 0.15
v 0 0.37393 0.10607
v 0 0.33 0
v 0 0.37393 -0.10607
v 0 0.48 -0.15
v 0 0.58607 -0.10607
v 0 0.63 0
v 0 0.58607 0.10607
v 0.3 0.43 0.1
v 0.3 0.35929 0.07071
v 0.3 0.33 0
v 0.3 0.35929 -0.07071
v 0.3 0.43 -0.1
v 0.3 0.50071 -0.07071
v 0.3 0.53 0
v 0.3 0.50071 0.07071
v -1.25 -0.46 0
v -1.25 -0.46 0
v -1.25 -0.46 0
v -1.25 -0.46 0
v -1.25 -0.46 0
v -1.25 -0.46 0
v -1.25 -0.46 0
v -1.25 -0.46 0
v -1.28 -0.46 -0.08
v -1.28 -0.40343 -0.05657
v -1.28 -0.38 0
v -1.28 -0.40343 0.05657
v -1.28 -0.46 0.08
v -1.28 -0.51657 0.05657
v -1.28 -0.54 0
v -1.28 -0.51657 -0.05657
v -1.2 -0.48 -0.1
v -1.2 -0.40929 -0.07071
v -1.2 -0.38 0
v -1.2 -0.40929 0.07071
v -1.2 -0.48 0.1
v -1.2 -0.55071 0.07071
v -1.2 -0.58 0
v -1.2 -0.55071 -0.07071
v -1 -0.48 -0.1
v -1 -0.40929 -0.07071
v -1 -0.38 0
v -1 -0.40929 0.07071
v -1 -0.48 0.1
v -1 -0.55071 0.07071
v -1 -0.58 0
v -1 -0.55071 -0.07071
v -0.95 -0.48 -0.13
v -0.95 -0.38808 -0.09192
v -0.95 -0.35 0
v -0.95 -0.38808 0.09192
v -0.95 -0.48 0.13
v -0.95 -0.57192 0.09192
v -0.95 -0.61 0
v -0.95 -0.57192 -0.09192
v -0.7 -0.48 -0.15
v -0.7 -0.37393 -0.10607
v -0.7 -0.33 0
v -0.7 -0.37393 0.10607
v -0.7 -0.48 0.15
v -0.7 -0.58607 0.10607
v -0.7 -0.63 0
v -0.7 -0.58607 -0.10607
v -0.4 -0.48 -0.25
v -0.4 -0.30322 -0.17678
v -0.4 -0.23 0
v -0.4 -0.30322 0.17678
v -0.4 -0.48 0.25
v -0.4 -0.65678 0.17678
v -0.4 -0.73 0
v -0.4 -0.65678 -0.17678
v 0 -0.48 -0.15
v 0 -0.37393 -0.10607
v 0 -0.33 0
v 0 -0.37393 0.10607
v 0 -0.48 0.15
v 0 -0.58607 0.10607
v 0 -0.63 0
v 0 -0.58607 -0.10607
v 0.3 -0.43 -0.1
v 0.3 -0.35929 -0.07071
v 0.3 -0.33 0
v 0.3 -0.35929 0.07071
v 0.3 -0.43 0.1
v 0.3 -0.50071 0.07071
v 0.3 -0.53 0
v 0.3 -0.50071 -0.07071
v -0.05 0.55 0
v -0.05 0.55 0
v -0.05 0.55 0
v -0.05 0.55 0
v -0.05 0.55 0
v -0.05 0.55 0
v -0.05 0.55 0
v -0.05 0.55 0
v 0.25 0.53 0.15
v 0.25 0.42393 0.10607
v 0.25 0.38 0
v 0.25 0.42393 -0.10607
v 0.25 0.53 -0.15
v 0.25 0.63607 -0.10607
v 0.25 0.68 0
v 0.25 0.63607 0.10607
v 0.45 0.53 0.11
v 0.45 0.45222 0.07778
v 0.45 0.42 0
v 0.45 0.45222 -0.07778
v 0.45 0.53 -0.11
v 0.45 0.60778 -0.07778
v 0.45 0.64 0
v 0.45 0.60778 0.07778
v 0.64 0.54 0.14
v 0.64 0.44101 0.09899
v 0.64 0.4 0
v 0.64 0.44101 -0.09899
v 0.64 0.54 -0.14
v 0.64 0.63899 -0.09899
v 0.64 0.68 0
v 0.64 0.63899 0.09899
v 0.9 0.5 0.13
v 0.9 0.40808 0.09192
v 0.9 0.37 0
v 0.9 0.40808 -0.09192
v 0.9 0.5 -0.13
v 0.9 0.59192 -0.09192
v 0.9 0.63 0
v 0.9 0.59192 0.09192
v 1.1 0.4 0.1
v 1.1 0.32929 0.07071
v 1.1 0.3 0
v 1.1 0.32929 -0.07071
v 1.1 0.4 -0.1
v 1.1 0.47071 -0.07071
v 1.1 0.5 0
v 1.1 0.47071 0.07071
v -0.05 -0.55 0
v -0.05 -0.55 0
v -0.05 -0.55 0
v -0.05 -0.55 0
v -0.05 -0.55 0
v -0.05 -0.55 0
v -0.05 -0.55 0
v -0.05 -0.55 0
v 0.25 -0.53 -0.15
v 0.25 -0.42393 -0.10607
v 0.25 -0.38 0
v 0.25 -0.42393 0.10607
v 0.25 -0.53 0.15
v 0.25 -0.63607 0.10607
v 0.25 -0.68 0
v 0.25 -0.63607 -0.10607
v 0.45 -0.53 -0.11
v 0.45 -0.45222 -0.07778
v 0.45 -0.42 0
v 0.45 -0.45222 0.07778
v 0.45 -0.53 0.11
v 0.45 -0.60778 0.07778
v 0.45 -0.64 0
v 0.45 -0.60778 -0.07778
v 0.64 -0.54 -0.14
v 0.64 -0.44101 -0.09899
v 0.64 -0.4 0
v 0.64 -0.44101 0.09899
v 0.64 -0.54 0.14
v 0.64 -0.63899 0.09899
v 0.64 -0.68 0
v 0.64 -0.63899 -0.09899
v 0.9 -0.5 -0.13
v 0.9 -0.40808 -0.09192
v 0.9 -0.37 0
v 0.9 -0.40808 0.09192
v 0.9 -0.5 0.13
v 0.9 -0.59192 0.09192
v 0.9 -0.63 0
v 0.9 -0.59192 -0.09192
v 1.1 -0.4 -0.1
v 1.1 -0.32929 -0.07071
v 1.1 -0.3 0
v 1.1 -0.32929 0.07071
v 1.1 -0.4 0.1
v 1.1 -0.47071 0.07071
v 1.1 -0.5 0
v 1.1 -0.47071 -0.07071
v -0.05 0.7 0
v -0.05 0.6 -0.02679
v -0.05 0.52679 -0.1
v -0.05 0.5 -0.2
v -0.05 0.52679 -0.3
v -0.05 0.6 -0.37321
v -0.05 0.7 -0.4
v -0.05 0.8 -0.37321
v -0.05 0.87321 -0.3
v -0.05 0.9 -0.2
v -0.05 0.87321 -0.1
v -0.05 0.8 -0.02679
v 0.2 0.68 -0.05
v 0.2 0.605 -0.0701
v 0.2 0.5501 -0.125
v 0.2 0.53 -0.2
v 0.2 0.5501 -0.275
v 0.2 0.605 -0.3299
v 0.2 0.68 -0.35
v 0.2 0.755 -0.3299
v 0.2 0.8099 -0.275
v 0.2 0.83 -0.2
v 0.2 0.8099 -0.125
v 0.2 0.755 -0.0701
v 0.45 0.68 -0.08
v 0.45 0.62 -0.09608
v 0.45 0.57608 -0.14
v 0.45 0.56 -0.2
v 0.45 0.57608 -0.26
v 0.45 0.62 -0.30392
v 0.45 0.68 -0.32
v 0.45 0.74 -0.30392
v 0.45 0.78392 -0.26
v 0.45 0.8 -0.2
v 0.45 0.78392 -0.14
v 0.45 0.74 -0.09608
v 0.64 0.69 -0.03
v 0.64 0.605 -0.05278
v 0.64 0.54278 -0.115
v 0.64 0.52 -0.2
v 0.64 0.54278 -0.285
v 0.64 0.605 -0.34722
v 0.64 0.69 -0.37
v 0.64 0.775 -0.34722
v 0.64 0.83722 -0.285
v 0.64 0.86 -0.2
v 0.64 0.83722 -0.115
v 0.64 0.775 -0.05278
v 0.8 0.65 -0.04
v 0.8 0.57 -0.06144
v 0.8 0.51144 -0.12
v 0.8 0.49 -0.2
v 0.8 0.51144 -0.28
v 0.8 0.57 -0.33856
v 0.8 0.65 -0.36
v 0.8 0.73 -0.33856
v 0.8 0.78856 -0.28
v 0.8 0.81 -0.2
v 0.8 0.78856 -0.12
v 0.8 0.73 -0.06144
v 1.3 0.6 -0.02
v 1.3 0.51 -0.04412
v 1.3 0.44412 -0.11
v 1.3 0.42 -0.2
v 1.3 0.44412 -0.29
v 1.3 0.51 -0.35588
v 1.3 0.6 -0.38
v 1.3 0.69 -0.35588
v 1.3 0.75588 -0.29
v 1.3 0.78 -0.2
v 1.3 0.75588 -0.11
v 1.3 0.69 -0.04412
v 1.55 0.52 -0.05
v 1.55 0.445 -0.0701
v 1.55 0.3901 -0.125
v 1.55 0.37 -0.2
v 1.55 0.3901 -0.275
v 1.55 0.445 -0.3299
v 1.55 0.52 -0.35
v 1.55 0.595 -0.3299
v 1.55 0.6499 -0.275
v 1.55 0.67 -0.2
v 1.55 0.6499 -0.125
v 1.55 0.595 -0.0701
v 1.45 0.52 -0.2
v 1.45 0.52 -0.2
v 1.45 0.52 -0.2
v 1.45 0.52 -0.2
v 1.45 0.52 -0.2
v 1.45 0.52 -0.2
v 1.45 0.52 -0.2
v 1.45 0.52 -0.2
v 1.45 0.52 -0.2
v 1.45 0.52 -0.2
v 1.45 0.52 -0.2
v 1.45 0.52 -0.2
v -0.05 -0.7 -0.4
v -0.05 -0.6 -0.37321
v -0.05 -0.52679 -0.3
v -0.05 -0.5 -0.2
v -0.05 -0.52679 -0.1
v -0.05 -0.6 -0.02679
v -0.05 -0.7 0
v -0.05 -0.8 -0.02679
v -0.05 -0.87321 -0.1
v -0.05 -0.9 -0.2
v -0.05 -0.87321 -0.3
v -0.05 -0.8 -0.37321
v 0.2 -0.68 -0.35
v 0.2 -0.605 -0.3299
v 0.2 -0.5501 -0.275
v 0.2 -0.53 -0.2
v 0.2 -0.5501 -0.125
v 0.2 -0.605 -0.0701
v 0.2 -0.68 -0.05
v 0.2 -0.755 -0.0701
v 0.2 -0.8099 -0.125
v 0.2 -0.83 -0.2
v 0.2 -0.8099 -0.275
v 0.2 -0.755 -0.3299
v 0.45 -0.68 -0.32
v 0.45 -0.62 -0.30392
v 0.45 -0.57608 -0.26
v 0.45 -0.56 -0.2
v 0.45 -0.57608 -0.14
v 0.45 -0.62 -0.09608
v 0.45 -0.68 -0.08
v 0.45 -0.74 -0.09608
v 0.45 -0.78392 -0.14
v 0.45 -0.8 -0.2
v 0.45 -0.78392 -0.26
v 0.45 -0.74 -0.30392
v 0.64 -0.69 -0.37
v 0.64 -0.605 -0.34722
v 0.64 -0.54278 -0.285
v 0.64 -0.52 -0.2
v 0.64 -0.54278 -0.115
v 0.64 -0.605 -0.05278
v 0.64 -0.69 -0.03
v 0.64 -0.775 -0.05278
v 0.64 -0.83722 -0.115
v 0.64 -0.86 -0.2
v 0.64 -0.83722 -0.285
v 0.64 -0.775 -0.34722
v 0.8 -0.65 -0.36
v 0.8 -0.57 -0.33856
v 0.8 -0.51144 -0.28
v 0.8 -0.49 -0.2
v 0.8 -0.51144 -0.12
v 0.8 -0.57 -0.06144
v 0.8 -0.65 -0.04
v 0.8 -0.73 -0.06144
v 0.8 -0.78856 -0.12
v 0.8 -0.81 -0.2
v 0.8 -0.78856 -0.28
v 0.8 -0.73 -0.33856
v 1.3 -0.6 -0.38
v 1.3 -0.51 -0.35588
v 1.3 -0.44412 -0.29
v 1.3 -0.42 -0.2
v 1.3 -0.44412 -0.11
v 1.3 -0.51 -0.04412
v 1.3 -0.6 -0.02
v 1.3 -0.69 -0.04412
v 1.3 -0.75588 -0.11
v 1.3 -0.78 -0.2
v 1.3 -0.75588 -0.29
v 1.3 -0.69 -0.35588
v 1.55 -0.52 -0.35
v 1.55 -0.445 -0.3299
v 1.55 -0.3901 -0.275
v 1.55 -0.37 -0.2
v 1.55 -0.3901 -0.125
v 1.55 -0.445 -0.0701
v 1.55 -0.52 -0.05
v 1.55 -0.595 -0.0701
v 1.55 -0.6499 -0.125
v 1.55 -0.67 -0.2
v 1.55 -0.6499 -0.275
v 1.55 -0.595 -0.3299
v 1.45 -0.52 -0.2
v 1.45 -0.52 -0.2
v 1.45 -0.52 -0.2
v 1.45 -0.52 -0.2
v 1.45 -0.52 -0.2
v 1.45 -0.52 -0.2
v 1.45 -0.52 -0.2
v 1.45 -0.52 -0.2
v 1.45 -0.52 -0.2
v 1.45 -0.52 -0.2
v 1.45 -0.52 -0.2
v 1.45 -0.52 -0.2
v 0.1 0.16 0.5
v 0.1 0.16 0.5
v 0.1 0.16 0.5
v 0.1 0.16 0.5
v 0.1 0.16 0.5
v 0.1 0.16 0.5
v 0.1 0.16 0.5
v 0.1 0.16 0.5
v 0.05 0.16 0.6
v 0.05 0.08929 0.57071
v 0.05 0.06 0.5
v 0.05 0.08929 0.42929
v 0.05 0.16 0.4
v 0.05 0.23071 0.42929
v 0.05 0.26 0.5
v 0.05 0.23071 0.57071
v 0.25 0.2 0.65
v 0.25 0.09393 0.60607
v 0.25 0.05 0.5
v 0.25 0.09393 0.39393
v 0.25 0.2 0.35
v 0.25 0.30607 0.39393
v 0.25 0.35 0.5
v 0.25 0.30607 0.60607
v 0.4 0.2 0.63
v 0.4 0.10808 0.59192
v 0.4 0.07 0.5
v 0.4 0.10808 0.40808
v 0.4 0.2 0.37
v 0.4 0.29192 0.40808
v 0.4 0.33 0.5
v 0.4 0.29192 0.59192
v 0.6 0.2 0.63
v 0.6 0.10808 0.59192
v 0.6 0.07 0.5
v 0.6 0.10808 0.40808
v 0.6 0.2 0.37
v 0.6 0.29192 0.40808
v 0.6 0.33 0.5
v 0.6 0.29192 0.59192
v 0.75 0.19 0.67
v 0.75 0.06979 0.62021
v 0.75 0.02 0.5
v 0.75 0.06979 0.37979
v 0.75 0.19 0.33
v 0.75 0.31021 0.37979
v 0.75 0.36 0.5
v 0.75 0.31021 0.62021
v 0.95 0.18 0.64
v 0.95 0.08101 0.59899
v 0.95 0.04 0.5
v 0.95 0.08101 0.40101
v 0.95 0.18 0.36
v 0.95 0.27899 0.40101
v 0.95 0.32 0.5
v 0.95 0.27899 0.59899
v 1.15 0.18 0.66
v 1.15 0.06686 0.61314
v 1.15 0.02 0.5
v 1.15 0.06686 0.38686
v 1.15 0.18 0.34
v 1.15 0.29314 0.38686
v 1.15 0.34 0.5
v 1.15 0.29314 0.61314
v 1.4 0.14 0.62
v 1.4 0.05515 0.58485
v 1.4 0.02 0.5
v 1.4 0.05515 0.41515
v 1.4 0.14 0.38
v 1.4 0.22485 0.41515
v 1.4 0.26 0.5
v 1.4 0.22485 0.58485
v 1.6 0.05 0.5
v 1.6 0.05 0.5
v 1.6 0.05 0.5
v 1.6 0.05 0.5
v 1.6 0.05 0.5
v 1.6 0.05 0.5
v 1.6 0.05 0.5
v 1.6 0.05 0.5
v 0.1 -0.16 0.5
v 0.1 -0.16 0.5
v 0.1 -0.16 0.5
v 0.1 -0.16 0.5
v 0.1 -0.16 0.5
v 0.1 -0.16 0.5
v 0.1 -0.16 0.5
v 0.1 -0.16 0.5
v 0.05 -0.16 0.4
v 0.05 -0.08929 0.42929
v 0.05 -0.06 0.5
v 0.05 -0.08929 0.57071
v 0.05 -0.16 0.6
v 0.05 -0.23071 0.57071
v 0.05 -0.26 0.5
v 0.05 -0.23071 0.42929
v 0.25 -0.2 0.35
v 0.25 -0.09393 0.39393
v 0.25 -0.05 0.5
v 0.25 -0.09393 0.60607
v 0.25 -0.2 0.65
v 0.25 -0.30607 0.60607
v 0.25 -0.35 0.5
v 0.25 -0.30607 0.39393
v 0.4 -0.2 0.37
v 0.4 -0.10808 0.40808
v 0.4 -0.07 0.5
v 0.4 -0.10808 0.59192
v 0.4 -0.2 0.63
v 0.4 -0.29192 0.59192
v 0.4 -0.33 0.5
v 0.4 -0.29192 0.40808
v 0.6 -0.2 0.37
v 0.6 -0.10808 0.40808
v 0.6 -0.07 0.5
v 0.6 -0.10808 0.59192
v 0.6 -0.2 0.63
v 0.6 -0.29192 0.59192
v 0.6 -0.33 0.5
v 0.6 -0.29192 0.40808
v 0.75 -0.19 0.33
v 0.75 -0.06979 0.37979
v 0.75 -0.02 0.5
v 0.75 -0.06979 0.62021
v 0.75 -0.19 0.67
v 0.75 -0.31021 0.62021
v 0.75 -0.36 0.5
v 0.75 -0.31021 0.37979
v 0.95 -0.18 0.36
v 0.95 -0.08101 0.40101
v 0.95 -0.04 0.5
v 0.95 -0.08101 0.59899
v 0.95 -0.18 0.64
v 0.95 -0.27899 0.59899
v 0.95 -0.32 0.5
v 0.95 -0.27899 0.40101
v 1.15 -0.18 0.34
v 1.15 -0.06686 0.38686
v 1.15 -0.02 0.5
v 1.15 -0.06686 0.61314
v 1.15 -0.18 0.66
v 1.15 -0.29314 0.61314
v 1.15 -0.34 0.5
v 1.15 -0.29314 0.38686
v 1.4 -0.14 0.38
v 1.4 -0.05515 0.41515
v 1.4 -0.02 0.5
v 1.4 -0.05515 0.58485
v 1.4 -0.14 0.62
v 1.4 -0.22485 0.58485
v 1.4 -0.26 0.5
v 1.4 -0.22485 0.41515
v 1.6 -0.05 0.5
v 1.6 -0.05 0.5
v 1.6 -0.05 0.5
v 1.6 -0.05 0.5
v 1.6 -0.05 0.5
v 1.6 -0.05 0.5
v 1.6 -0.05 0.5
v 1.6 -0.05 0.5
v 0.4 0 0.75
v 0.4 0 0.75
v 0.4 0 0.75
v 0.4 0 0.75
v 0.4 0 0.75
v 0.4 0 0.75
v 0.4 0 0.75
v 0.4 0 0.75
v 0.35 0 0.87
v 0.35 -0.08485 0.83485
v 0.35 -0.12 0.75
v 0.35 -0.08485 0.66515
v 0.35 0 0.63
v 0.35 0.08485 0.66515
v 0.35 0.12 0.75
v 0.35 0.08485 0.83485
v 0.6 0 0.89
v 0.6 -0.09899 0.84899
v 0.6 -0.14 0.75
v 0.6 -0.09899 0.65101
v 0.6 0 0.61
v 0.6 0.09899 0.65101
v 0.6 0.14 0.75
v 0.6 0.09899 0.84899
v 0.7 0 0.93
v 0.7 -0.12728 0.87728
v 0.7 -0.18 0.75
v 0.7 -0.12728 0.62272
v 0.7 0 0.57
v 0.7 0.12728 0.62272
v 0.7 0.18 0.75
v 0.7 0.12728 0.87728
v 0.85 0 0.9
v 0.85 -0.10607 0.85607
v 0.85 -0.15 0.75
v 0.85 -0.10607 0.64393
v 0.85 0 0.6
v 0.85 0.10607 0.64393
v 0.85 0.15 0.75
v 0.85 0.10607 0.85607
v 1.1 0 0.9
v 1.1 -0.10607 0.85607
v 1.1 -0.15 0.75
v 1.1 -0.10607 0.64393
v 1.1 0 0.6
v 1.1 0.10607 0.64393
v 1.1 0.15 0.75
v 1.1 0.10607 0.85607
v 1.3 0 0.93
v 1.3 -0.12728 0.87728
v 1.3 -0.18 0.75
v 1.3 -0.12728 0.62272
v 1.3 0 0.57
v 1.3 0.12728 0.62272
v 1.3 0.18 0.75
v 1.3 0.12728 0.87728
v 1.55 0 0.93
v 1.55 -0.12728 0.87728
v 1.55 -0.18 0.75
v 1.55 -0.12728 0.62272
v 1.55 0 0.57
v 1.55 0.12728 0.62272
v 1.55 0.18 0.75
v 1.55 0.12728 0.87728
v 1.75 0 0.89
v 1.75 -0.09899 0.84899
v 1.75 -0.14 0.75
v 1.75 -0.09899 0.65101
v 1.75 0 0.61
v 1.75 0.09899 0.65101
v 1.75 0.14 0.75
v 1.75 0.09899 0.84899
v 1.65 0 0.75
v 1.65 0 0.75
v 1.65 0 0.75
v 1.65 0 0.75
v 1.65 0 0.75
v 1.65 0 0.75
v 1.65 0 0.75
v 1.65 0 0.75
v -1.98 0 0.3
v -1.98 0 0.3
v -1.98 0 0.3
v -1.98 0 0.3
v -1.98 0 0.3
v -1.98 0 0.3
v -1.98 0 0.3
v -1.98 0 0.3
v -1.98 0 0.3
v -1.98 0 0.3
v -1.98 0 0.3
v -1.98 0 0.3
v -2 0 0.38
v -2 -0.04 0.36928
v -2 -0.06928 0.34
v -2 -0.08 0.3
v -2 -0.06928 0.26
v -2 -0.04 0.23072
v -2 0 0.22
v -2 0.04 0.23072
v -2 0.06928 0.26
v -2 0.08 0.3
v -2 0.06928 0.34
v -2 0.04 0.36928
v -1.85 0 0.45
v -1.85 -0.06 0.43392
v -1.85 -0.10392 0.39
v -1.85 -0.12 0.33
v -1.85 -0.10392 0.27
v -1.85 -0.06 0.22608
v -1.85 0 0.21
v -1.85 0.06 0.22608
v -1.85 0.10392 0.27
v -1.85 0.12 0.33
v -1.85 0.10392 0.39
v -1.85 0.06 0.43392
v -1.6 0 0.52
v -1.6 -0.07 0.50124
v -1.6 -0.12124 0.45
v -1.6 -0.14 0.38
v -1.6 -0.12124 0.31
v -1.6 -0.07 0.25876
v -1.6 0 0.24
v -1.6 0.07 0.25876
v -1.6 0.12124 0.31
v -1.6 0.14 0.38
v -1.6 0.12124 0.45
v -1.6 0.07 0.50124
v -1.45 0 0.52
v -1.45 -0.065 0.50258
v -1.45 -0.11258 0.455
v -1.45 -0.13 0.39
v -1.45 -0.11258 0.325
v -1.45 -0.065 0.27742
v -1.45 0 0.26
v -1.45 0.065 0.27742
v -1.45 0.11258 0.325
v -1.45 0.13 0.39
v -1.45 0.11258 0.455
v -1.45 0.065 0.50258
v -1.3 0 0.52
v -1.3 -0.065 0.50258
v -1.3 -0.11258 0.455
v -1.3 -0.13 0.39
v -1.3 -0.11258 0.325
v -1.3 -0.065 0.27742
v -1.3 0 0.26
v -1.3 0.065 0.27742
v -1.3 0.11258 0.325
v -1.3 0.13 0.39
v -1.3 0.11258 0.455
v -1.3 0.065 0.50258
v -1.2 0 0.59
v -1.2 -0.09 0.56588
v -1.2 -0.15588 0.5
v -1.2 -0.18 0.41
v -1.2 -0.15588 0.32
v -1.2 -0.09 0.25412
v -1.2 0 0.23
v -1.2 0.09 0.25412
v -1.2 0.15588 0.32
v -1.2 0.18 0.41
v -1.2 0.15588 0.5
v -1.2 0.09 0.56588
v -1.05 0 0.58
v -1.05 -0.075 0.5599
v -1.05 -0.1299 0.505
v -1.05 -0.15 0.43
v -1.05 -0.1299 0.355
v -1.05 -0.075 0.3001
v -1.05 0 0.28
v -1.05 0.075 0.3001
v -1.05 0.1299 0.355
v -1.05 0.15 0.43
v -1.05 0.1299 0.505
v -1.05 0.075 0.5599
v -0.8 0 0.58
v -0.8 -0.075 0.5599
v -0.8 -0.1299 0.505
v -0.8 -0.15 0.43
v -0.8 -0.1299 0.355
v -0.8 -0.075 0.3001
v -0.8 0 0.28
v -0.8 0.075 0.3001
v -0.8 0.1299 0.355
v -0.8 0.15 0.43
v -0.8 0.1299 0.505
v -0.8 0.075 0.5599
v -0.7 0 0.61
v -0.7 -0.09 0.58588
v -0.7 -0.15588 0.52
v -0.7 -0.18 0.43
v -0.7 -0.15588 0.34
v -0.7 -0.09 0.27412
v -0.7 0 0.25
v -0.7 0.09 0.27412
v -0.7 0.15588 0.34
v -0.7 0.18 0.43
v -0.7 0.15588 0.52
v -0.7 0.09 0.58588
v -0.5 0 0.61
v -0.5 -0.09 0.58588
v -0.5 -0.15588 0.52
v -0.5 -0.18 0.43
v -0.5 -0.15588 0.34
v -0.5 -0.09 0.27412
v -0.5 0 0.25
v -0.5 0.09 0.27412
v -0.5 0.15588 0.34
v -0.5 0.18 0.43
v -0.5 0.15588 0.52
v -0.5 0.09 0.58588
v -1.65 0.08 0.4
v -1.65 0.04464 0.38536
v -1.65 0.03 0.35
v -1.65 0.04464 0.31464
v -1.65 0.08 0.3
v -1.65 0.11536 0.31464
v -1.65 0.13 0.35
v -1.65 0.11536 0.38536
v -1.55 0.1 0.45
v -1.55 0.02929 0.42071
v -1.55 0 0.35
v -1.55 0.02929 0.27929
v -1.55 0.1 0.25
v -1.55 0.17071 0.27929
v -1.55 0.2 0.35
v -1.55 0.17071 0.42071
v -1.32 0.1 0.45
v -1.32 0.02929 0.42071
v -1.32 0 0.35
v -1.32 0.02929 0.27929
v -1.32 0.1 0.25
v -1.32 0.17071 0.27929
v -1.32 0.2 0.35
v -1.32 0.17071 0.42071
v -1.25 0.1 0.49
v -1.25 0.00101 0.44899
v -1.25 -0.04 0.35
v -1.25 0.00101 0.25101
v -1.25 0.1 0.21
v -1.25 0.19899 0.25101
v -1.25 0.24 0.35
v -1.25 0.19899 0.44899
v -1.1 0.1 0.49
v -1.1 0.00101 0.44899
v -1.1 -0.04 0.35
v -1.1 0.00101 0.25101
v -1.1 0.1 0.21
v -1.1 0.19899 0.25101
v -1.1 0.24 0.35
v -1.1 0.19899 0.44899
v -0.95 0.1 0.52
v -0.95 -0.02021 0.47021
v -0.95 -0.07 0.35
v -0.95 -0.02021 0.22979
v -0.95 0.1 0.18
v -0.95 0.22021 0.22979
v -0.95 0.27 0.35
v -0.95 0.22021 0.47021
v -0.85 0.1 0.52
v -0.85 -0.02021 0.47021
v -0.85 -0.07 0.35
v -0.85 -0.02021 0.22979
v -0.85 0.1 0.18
v -0.85 0.22021 0.22979
v -0.85 0.27 0.35
v -0.85 0.22021 0.47021
v -0.7 0.1 0.49
v -0.7 0.00101 0.44899
v -0.7 -0.04 0.35
v -0.7 0.00101 0.25101
v -0.7 0.1 0.21
v -0.7 0.19899 0.25101
v -0.7 0.24 0.35
v -0.7 0.19899 0.44899
v -0.55 0.1 0.49
v -0.55 0.00101 0.44899
v -0.55 -0.04 0.35
v -0.55 0.00101 0.25101
v -0.55 0.1 0.21
v -0.55 0.19899 0.25101
v -0.55 0.24 0.35
v -0.55 0.19899 0.44899
v -0.45 0.1 0.43
v -0.45 0.04343 0.40657
v -0.45 0.02 0.35
v -0.45 0.04343 0.29343
v -0.45 0.1 0.27
v -0.45 0.15657 0.29343
v -0.45 0.18 0.35
v -0.45 0.15657 0.40657
v -1.65 -0.08 0.3
v -1.65 -0.04464 0.31464
v -1.65 -0.03 0.35
v -1.65 -0.04464 0.38536
v -1.65 -0.08 0.4
v -1.65 -0.11536 0.38536
v -1.65 -0.13 0.35
v -1.65 -0.11536 0.31464
v -1.55 -0.1 0.25
v -1.55 -0.02929 0.27929
v -1.55 0 0.35
v -1.55 -0.02929 0.42071
v -1.55 -0.1 0.45
v -1.55 -0.17071 0.42071
v -1.55 -0.2 0.35
v -1.55 -0.17071 0.27929
v -1.32 -0.1 0.25
v -1.32 -0.02929 0.27929
v -1.32 0 0.35
v -1.32 -0.02929 0.42071
v -1.32 -0.1 0.45
v -1.32 -0.17071 0.42071
v -1.32 -0.2 0.35
v -1.32 -0.17071 0.27929
v -1.25 -0.1 0.21
v -1.25 -0.00101 0.25101
v -1.25 0.04 0.35
v -1.25 -0.00101 0.44899
v -1.25 -0.1 0.49
v -1.25 -0.19899 0.44899
v -1.25 -0.24 0.35
v -1.25 -0.19899 0.25101
v -1.1 -0.1 0.21
v -1.1 -0.00101 0.25101
v -1.1 0.04 0.35
v -1.1 -0.00101 0.44899
v -1.1 -0.1 0.49
v -1.1 -0.19899 0.44899
v -1.1 -0.24 0.35
v -1.1 -0.19899 0.25101
v -0.95 -0.1 0.18
v -0.95 0.02021 0.22979
v -0.95 0.07 0.35
v -0.95 0.02021 0.47021
v -0.95 -0.1 0.52
v -0.95 -0.22021 0.47021
v -0.95 -0.27 0.35
v -0.95 -0.22021 0.22979
v -0.85 -0.1 0.18
v -0.85 0.02021 0.22979
v -0.85 0.07 0.35
v -0.85 0.02021 0.47021
v -0.85 -0.1 0.52
v -0.85 -0.22021 0.47021
v -0.85 -0.27 0.35
v -0.85 -0.22021 0.22979
v -0.7 -0.1 0.21
v -0.7 -0.00101 0.25101
v -0.7 0.04 0.35
v -0.7 -0.00101 0.44899
v -0.7 -0.1 0.49
v -0.7 -0.19899 0.44899
v -0.7 -0.24 0.35
v -0.7 -0.19899 0.25101
v -0.55 -0.1 0.21
v -0.55 -0.00101 0.25101
v -0.55 0.04 0.35
v -0.55 -0.00101 0.44899
v -0.55 -0.1 0.49
v -0.55 -0.19899 0.44899
v -0.55 -0.24 0.35
v -0.55 -0.19899 0.25101
v -0.45 -0.1 0.27
v -0.45 -0.04343 0.29343
v -0.45 -0.02 0.35
v -0.45 -0.04343 0.40657
v -0.45 -0.1 0.43
v -0.45 -0.15657 0.40657
v -0.45 -0.18 0.35
v -0.45 -0.15657 0.29343
v -0.55 0 -0.7
v -0.50607 -0.10607 -0.7
v -0.4 -0.15 -0.7
v -0.29393 -0.10607 -0.7
v -0.25 0 -0.7
v -0.29393 0.10607 -0.7
v -0.4 0.15 -0.7
v -0.50607 0.10607 -0.7
v -0.55 0 -0.6
v -0.50607 -0.10607 -0.6
v -0.4 -0.15 -0.6
v -0.29393 -0.10607 -0.6
v -0.25 0 -0.6
v -0.29393 0.10607 -0.6
v -0.4 0.15 -0.6
v -0.50607 0.10607 -0.6
v -0.6 0 -0.5
v -0.54142 -0.14142 -0.5
v -0.4 -0.2 -0.5
v -0.25858 -0.14142 -0.5
v -0.2 0 -0.5
v -0.25858 0.14142 -0.5
v -0.4 0.2 -0.5
v -0.54142 0.14142 -0.5
v -0.6 0 -0.4
v -0.54142 -0.14142 -0.4
v -0.4 -0.2 -0.4
v -0.25858 -0.14142 -0.4
v -0.2 0 -0.4
v -0.25858 0.14142 -0.4
v -0.4 0.2 -0.4
v -0.54142 0.14142 -0.4
v -0.6 0 0.4
v -0.54142 -0.14142 0.4
v -0.4 -0.2 0.4
v -0.25858 -0.14142 0.4
v -0.2 0 0.4
v -0.25858 0.14142 0.4
v -0.4 0.2 0.4
v -0.54142 0.14142 0.4
v -0.6 0 0.5
v -0.54142 -0.14142 0.5
v -0.4 -0.2 0.5
v -0.25858 -0.14142 0.5
v -0.2 0 0.5
v -0.25858 0.14142 0.5
v -0.4 0.2 0.5
v -0.54142 0.14142 0.5
v -0.55 0 0.6
v -0.50607 -0.10607 0.6
v -0.4 -0.15 0.6
v -0.29393 -0.10607 0.6
v -0.25 0 0.6
v -0.29393 0.10607 0.6
v -0.4 0.15 0.6
v -0.50607 0.10607 0.6
v -0.55 0 0.7
v -0.50607 -0.10607 0.7
v -0.4 -0.15 0.7
v -0.29393 -0.10607 0.7
v -0.25 0 0.7
v -0.29393 0.10607 0.7
v -0.4 0.15 0.7
v -0.50607 0.10607 0.7
v -0.4 0.75 0
v -0.2 0.7 0
v -0.4 0.65 0
v -0.6 0.7 0
v -0.4 0.69291 -0.28701
v -0.2 0.64672 -0.26788
v -0.4 0.60052 -0.24874
v -0.6 0.64672 -0.26788
v -0.4 0.53033 -0.53033
v -0.2 0.49497 -0.49497
v -0.4 0.45962 -0.45962
v -0.6 0.49497 -0.49497
v -0.4 0.28701 -0.69291
v -0.2 0.26788 -0.64672
v -0.4 0.24874 -0.60052
v -0.6 0.26788 -0.64672
v -0.4 0 -0.75
v -0.2 0 -0.7
v -0.4 0 -0.65
v -0.6 0 -0.7
v -0.4 -0.28701 -0.69291
v -0.2 -0.26788 -0.64672
v -0.4 -0.24874 -0.60052
v -0.6 -0.26788 -0.64672
v -0.4 -0.53033 -0.53033
v -0.2 -0.49497 -0.49497
v -0.4 -0.45962 -0.45962
v -0.6 -0.49497 -0.49497
v -0.4 -0.69291 -0.28701
v -0.2 -0.64672 -0.26788
v -0.4 -0.60052 -0.24874
v -0.6 -0.64672 -0.26788
v -0.4 -0.75 0
v -0.2 -0.7 0
v -0.4 -0.65 0
v -0.6 -0.7 0
v -0.4 -0.69291 0.28701
v -0.2 -0.64672 0.26788
v -0.4 -0.60052 0.24874
v -0.6 -0.64672 0.26788
v -0.4 -0.53033 0.53033
v -0.2 -0.49497 0.49497
v -0.4 -0.45962 0.45962
v -0.6 -0.49497 0.49497
v -0.4 -0.28701 0.69291
v -0.2 -0.26788 0.64672
v -0.4 -0.24874 0.60052
v -0.6 -0.26788 0.64672
v -0.4 0 0.75
v -0.2 0 0.7
v -0.4 0 0.65
v -0.6 0 0.7
v -0.4 0.28701 0.69291
v -0.2 0.26788 0.64672
v -0.4 0.24874 0.60052
v -0.6 0.26788 0.64672
v -0.4 0.53033 0.53033
v -0.2 0.49497 0.49497
v -0.4 0.45962 0.45962
v -0.6 0.49497 0.49497
v -0.4 0.69291 0.28701
v -0.2 0.64672 0.26788
v -0.4 0.60052 0.24874
v -0.6 0.64672 0.26788
v -0.4 0.75 0
v -0.2 0.7 0
v -0.4 0.65 0
v -0.6 0.7 0
v -1 0.55 0
v -0.2 0.55 0.1
v -0.2 0.55 -0.1
v 0 0.55 0
v -0.875 0.8 0
v -0.355 0.8 0.065
v -0.355 0.8 -0.065
v -0.225 0.8 0
v -0.45 0.95 0
v -0.15 0.95 0
v -1 -0.55 0
v -0.2 -0.55 0.1
v -0.2 -0.55 -0.1
v 0 -0.55 0
v -0.875 -0.8 0
v -0.355 -0.8 0.065
v -0.355 -0.8 -0.065
v -0.225 -0.8 0
v -0.45 -0.95 0
v -0.15 -0.95 0
v -0.4 0.55 0
v 0.08 0.55 0.03
v 0.08 0.55 -0.03
v 0.2 0.55 0
v -0.425 0.87 0
v -0.065 0.87 0.0225
v -0.065 0.87 -0.0225
v 0.025 0.87 0
v -0.1 1.01 0
v 0.1 1.01 0
v -0.4 -0.55 0
v 0.08 -0.55 0.03
v 0.08 -0.55 -0.03
v 0.2 -0.55 0
v -0.425 -0.87 0
v -0.065 -0.87 0.0225
v -0.065 -0.87 -0.0225
v 0.025 -0.87 0
v -0.1 -1.01 0
v 0.1 -1.01 0
v -2.1 0.32 0
v -1.62 0.32 0.03
v -1.62 0.32 -0.03
v -1.5 0.32 0
v -2.15 0.42 0
v -1.85 0.42 0
v -2.1 -0.32 0
v -1.62 -0.32 0.03
v -1.62 -0.32 -0.03
v -1.5 -0.32 0
v -2.15 -0.42 0
v -1.85 -0.42 0
v -2.1 0.32 0.02
v -1.7 0.32 0.045
v -1.7 0.32 -0.005
v -1.6 0.32 0.02
v -2.135 0.39 0.02
v -1.885 0.39 0.02
v -2.1 -0.32 0.02
v -1.7 -0.32 0.045
v -1.7 -0.32 -0.005
v -1.6 -0.32 0.02
v -2.135 -0.39 0.02
v -1.885 -0.39 0.02
v 0.85 0.45 0
v 1.1 0.45 0.05
v 1.1 0.45 -0.05
v 1.35 0.45 0
v 0.8 0.75 0
v 0.95 0.75 0.03
v 0.95 0.75 -0.03
v 1.1 0.75 0
v 1.025 1 0
v 1.175 1 0
v 0.85 -0.45 0
v 1.1 -0.45 0.05
v 1.1 -0.45 -0.05
v 1.35 -0.45 0
v 0.8 -0.75 0
v 0.95 -0.75 0.03
v 0.95 -0.75 -0.03
v 1.1 -0.75 0
v 1.025 -1 0
v 1.175 -1 0
v 0.95 0.45 -0.02
v 1.2 0.45 0.005
v 1.2 0.45 -0.045
v 1.45 0.45 -0.02
v 0.95 0.7 -0.02
v 1.15 0.7 0
v 1.15 0.7 -0.04
v 1.35 0.7 -0.02
v 1.35 0.85 -0.02
v 1.55 0.85 -0.02
v 0.95 -0.45 -0.02
v 1.2 -0.45 0.005
v 1.2 -0.45 -0.045
v 1.45 -0.45 -0.02
v 0.95 -0.7 -0.02
v 1.15 -0.7 0
v 1.15 -0.7 -0.04
v 1.35 -0.7 -0.02
v 1.35 -0.85 -0.02
v 1.55 -0.85 -0.02

vt 0.1375 0.275
vt 0.1375 0.475
vt 0.2375 0.475
vt 0.2375 0.275
vt 0.1375 0.275
vt 0.2375 0.475
vt 0.1375 0.275
vt 0.1375 0.475
vt 0.2375 0.475
vt 0.2375 0.275
vt 0.1375 0.275
vt 0.2375 0.475
vt 0.1375 0.275
vt 0.1375 0.475
vt 0.2375 0.475
vt 0.2375 0.275
vt 0.1375 0.275
vt 0.2375 0.475
vt 0.1375 0.275
vt 0.1375 0.475
vt 0.2375 0.475
vt 0.2375 0.275
vt 0.1375 0.275
vt 0.2375 0.475
vt 0.1375 0.275
vt 0.1375 0.475
vt 0.2375 0.275
vt 0.1375 0.475
vt 0.2375 0.475
vt 0.2375 0.275
vt 0.1375 0.275
vt 0.1375 0.475
vt 0.2375 0.275
vt 0.1375 0.475
vt 0.2375 0.475
vt 0.2375 0.275
vt 0.1375 0.275
vt 0.1375 0.475
vt 0.2375 0.275
vt 0.1375 0.475
vt 0.2375 0.475
vt 0.2375 0.275
vt 0.1375 0.275
vt 0.1375 0.475
vt 0.2375 0.275
vt 0.1375 0.475
vt 0.2375 0.475
vt 0.2375 0.275
vt 0.5125 0.775
vt 0.5125 0.975
vt 0.6125 0.975
vt 0.6125 0.775
vt 0.5125 0.775
vt 0.6125 0.975
vt 0.5125 0.775
vt 0.5125 0.975
vt 0.6125 0.975
vt 0.6125 0.775
vt 0.5125 0.775
vt 0.6125 0.975
vt 0.5125 0.775
vt 0.5125 0.975
vt 0.6125 0.975
vt 0.6125 0.775
vt 0.5125 0.775
vt 0.6125 0.975
vt 0.5125 0.775
vt 0.5125 0.975
vt 0.6125 0.975
vt 0.6125 0.775
vt 0.5125 0.775
vt 0.6125 0.975
vt 0.5125 0.775
vt 0.5125 0.975
vt 0.6125 0.775
vt 0.5125 0.975
vt 0.6125 0.975
vt 0.6125 0.775
vt 0.5125 0.775
vt 0.5125 0.975
vt 0.6125 0.775
vt 0.5125 0.975
vt 0.6125 0.975
vt 0.6125 0.775
vt 0.5125 0.775
vt 0.5125 0.975
vt 0.6125 0.775
vt 0.5125 0.975
vt 0.6125 0.975
vt 0.6125 0.775
vt 0.5125 0.775
vt 0.5125 0.975
vt 0.6125 0.775
vt 0.5125 0.975
vt 0.6125 0.975
vt 0.6125 0.775
vt 0.2625 0.525
vt 0.2625 0.725
vt 0.3625 0.725
vt 0.3625 0.525
vt 0.2625 0.525
vt 0.3625 0.725
vt 0.2625 0.525
vt 0.2625 0.725
vt 0.3625 0.725
vt 0.3625 0.525
vt 0.2625 0.525
vt 0.3625 0.725
vt 0.2625 0.525
vt 0.2625 0.725
vt 0.3625 0.725
vt 0.3625 0.525
vt 0.2625 0.525
vt 0.3625 0.725
vt 0.2625 0.525
vt 0.2625 0.725
vt 0.3625 0.725
vt 0.3625 0.525
vt 0.2625 0.525
vt 0.3625 0.725
vt 0.2625 0.525
vt 0.2625 0.725
vt 0.3625 0.525
vt 0.2625 0.725
vt 0.3625 0.725
vt 0.3625 0.525
vt 0.2625 0.525
vt 0.2625 0.725
vt 0.3625 0.525
vt 0.2625 0.725
vt 0.3625 0.725
vt 0.3625 0.525
vt 0.2625 0.525
vt 0.2625 0.725
vt 0.3625 0.525
vt 0.2625 0.725
vt 0.3625 0.725
vt 0.3625 0.525
vt 0.2625 0.525
vt 0.2625 0.725
vt 0.3625 0.525
vt 0.2625 0.725
vt 0.3625 0.725
vt 0.3625 0.525
vt 0.94792 0.025
vt 0.94792 0.225
vt 0.94792 0.225
vt 0.94792 0.025
vt 0.94792 0.025
vt 0.94792 0.225
vt 0.94792 0.025
vt 0.94792 0.225
vt 0.94792 0.225
vt 0.94792 0.025
vt 0.94792 0.025
vt 0.94792 0.225
vt 0.94792 0.025
vt 0.94792 0.225
vt 0.94792 0.225
vt 0.94792 0.025
vt 0.94792 0.025
vt 0.94792 0.225
vt 0.94792 0.025
vt 0.94792 0.225
vt 0.94792 0.225
vt 0.94792 0.025
vt 0.94792 0.025
vt 0.94792 0.225
vt 0.94792 0.025
vt 0.94792 0.225
vt 0.94792 0.025
vt 0.94792 0.225
vt 0.94792 0.225
vt 0.94792 0.025
vt 0.94792 0.025
vt 0.94792 0.225
vt 0.94792 0.025
vt 0.94792 0.225
vt 0.94792 0.225
vt 0.94792 0.025
vt 0.94792 0.025
vt 0.94792 0.225
vt 0.94792 0.025
vt 0.94792 0.225
vt 0.94792 0.225
vt 0.94792 0.025
vt 0.94792 0.025
vt 0.94792 0.225
vt 0.94792 0.025
vt 0.94792 0.225
vt 0.94792 0.225
vt 0.94792 0.025
vt 0.6375 0.525
vt 0.6375 0.725
vt 0.7375 0.725
vt 0.7375 0.525
vt 0.6375 0.525
vt 0.7375 0.725
vt 0.6375 0.525
vt 0.6375 0.725
vt 0.7375 0.725
vt 0.7375 0.525
vt 0.6375 0.525
vt 0.7375 0.725
vt 0.6375 0.525
vt 0.6375 0.725
vt 0.7375 0.725
vt 0.7375 0.525
vt 0.6375 0.525
vt 0.7375 0.725
vt 0.6375 0.525
vt 0.6375 0.725
vt 0.7375 0.725
vt 0.7375 0.525
vt 0.6375 0.525
vt 0.7375 0.725
vt 0.6375 0.525
vt 0.6375 0.725
vt 0.7375 0.525
vt 0.6375 0.725
vt 0.7375 0.725
vt 0.7375 0.525
vt 0.6375 0.525
vt 0.6375 0.725
vt 0.7375 0.525
vt 0.6375 0.725
vt 0.7375 0.725
vt 0.7375 0.525
vt 0.6375 0.525
vt 0.6375 0.725
vt 0.7375 0.525
vt 0.6375 0.725
vt 0.7375 0.725
vt 0.7375 0.525
vt 0.6375 0.525
vt 0.6375 0.725
vt 0.7375 0.525
vt 0.6375 0.725
vt 0.7375 0.725
vt 0.7375 0.525
vt 0.5125 0.775
vt 0.5125 0.975
vt 0.6125 0.975
vt 0.6125 0.775
vt 0.5125 0.775
vt 0.6125 0.975
vt 0.5125 0.775
vt 0.5125 0.975
vt 0.6125 0.975
vt 0.6125 0.775
vt 0.5125 0.775
vt 0.6125 0.975
vt 0.5125 0.775
vt 0.5125 0.975
vt 0.6125 0.975
vt 0.6125 0.775
vt 0.5125 0.775
vt 0.6125 0.975
vt 0.5125 0.775
vt 0.5125 0.975
vt 0.6125 0.975
vt 0.6125 0.775
vt 0.5125 0.775
vt 0.6125 0.975
vt 0.5125 0.775
vt 0.5125 0.975
vt 0.6125 0.775
vt 0.5125 0.975
vt 0.6125 0.975
vt 0.6125 0.775
vt 0.5125 0.775
vt 0.5125 0.975
vt 0.6125 0.775
vt 0.5125 0.975
vt 0.6125 0.975
vt 0.6125 0.775
vt 0.5125 0.775
vt 0.5125 0.975
vt 0.6125 0.775
vt 0.5125 0.975
vt 0.6125 0.975
vt 0.6125 0.775
vt 0.5125 0.775
vt 0.5125 0.975
vt 0.6125 0.775
vt 0.5125 0.975
vt 0.6125 0.975
vt 0.6125 0.775
vt 0.0125 0.525
vt 0.0125 0.725
vt 0.1125 0.725
vt 0.1125 0.525
vt 0.0125 0.525
vt 0.1125 0.725
vt 0.0125 0.525
vt 0.0125 0.725
vt 0.1125 0.725
vt 0.1125 0.525
vt 0.0125 0.525
vt 0.1125 0.725
vt 0.0125 0.525
vt 0.0125 0.725
vt 0.1125 0.725
vt 0.1125 0.525
vt 0.0125 0.525
vt 0.1125 0.725
vt 0.0125 0.525
vt 0.0125 0.725
vt 0.1125 0.725
vt 0.1125 0.525
vt 0.0125 0.525
vt 0.1125 0.725
vt 0.0125 0.525
vt 0.0125 0.725
vt 0.1125 0.525
vt 0.0125 0.725
vt 0.1125 0.725
vt 0.1125 0.525
vt 0.0125 0.525
vt 0.0125 0.725
vt 0.1125 0.525
vt 0.0125 0.725
vt 0.1125 0.725
vt 0.1125 0.525
vt 0.0125 0.525
vt 0.0125 0.725
vt 0.1125 0.525
vt 0.0125 0.725
vt 0.1125 0.725
vt 0.1125 0.525
vt 0.0125 0.525
vt 0.0125 0.725
vt 0.1125 0.525
vt 0.0125 0.725
vt 0.1125 0.725
vt 0.1125 0.525
vt 0.3875 0.525
vt 0.3875 0.725
vt 0.4875 0.725
vt 0.4875 0.525
vt 0.3875 0.525
vt 0.4875 0.725
vt 0.3875 0.525
vt 0.3875 0.725
vt 0.4875 0.725
vt 0.4875 0.525
vt 0.3875 0.525
vt 0.4875 0.725
vt 0.3875 0.525
vt 0.3875 0.725
vt 0.4875 0.725
vt 0.4875 0.525
vt 0.3875 0.525
vt 0.4875 0.725
vt 0.3875 0.525
vt 0.3875 0.725
vt 0.4875 0.725
vt 0.4875 0.525
vt 0.3875 0.525
vt 0.4875 0.725
vt 0.3875 0.525
vt 0.3875 0.725
vt 0.4875 0.525
vt 0.3875 0.725
vt 0.4875 0.725
vt 0.4875 0.525
vt 0.3875 0.525
vt 0.3875 0.725
vt 0.4875 0.525
vt 0.3875 0.725
vt 0.4875 0.725
vt 0.4875 0.525
vt 0.3875 0.525
vt 0.3875 0.725
vt 0.4875 0.525
vt 0.3875 0.725
vt 0.4875 0.725
vt 0.4875 0.525
vt 0.3875 0.525
vt 0.3875 0.725
vt 0.4875 0.525
vt 0.3875 0.725
vt 0.4875 0.725
vt 0.4875 0.525
vt 0.94792 0.025
vt 0.94792 0.225
vt 0.94792 0.225
vt 0.94792 0.025
vt 0.94792 0.025
vt 0.94792 0.225
vt 0.94792 0.025
vt 0.94792 0.225
vt 0.94792 0.225
vt 0.94792 0.025
vt 0.94792 0.025
vt 0.94792 0.225
vt 0.94792 0.025
vt 0.94792 0.225
vt 0.94792 0.225
vt 0.94792 0.025
vt 0.94792 0.025
vt 0.94792 0.225
vt 0.94792 0.025
vt 0.94792 0.225
vt 0.94792 0.225
vt 0.94792 0.025
vt 0.94792 0.025
vt 0.94792 0.225
vt 0.94792 0.025
vt 0.94792 0.225
vt 0.94792 0.025
vt 0.94792 0.225
vt 0.94792 0.225
vt 0.94792 0.025
vt 0.94792 0.025
vt 0.94792 0.225
vt 0.94792 0.025
vt 0.94792 0.225
vt 0.94792 0.225
vt 0.94792 0.025
vt 0.94792 0.025
vt 0.94792 0.225
vt 0.94792 0.025
vt 0.94792 0.225
vt 0.94792 0.225
vt 0.94792 0.025
vt 0.94792 0.025
vt 0.94792 0.225
vt 0.94792 0.025
vt 0.94792 0.225
vt 0.94792 0.225
vt 0.94792 0.025
vt 0.5125 0.775
vt 0.5125 0.975
vt 0.6125 0.975
vt 0.6125 0.775
vt 0.5125 0.775
vt 0.6125 0.975
vt 0.5125 0.775
vt 0.5125 0.975
vt 0.6125 0.975
vt 0.6125 0.775
vt 0.5125 0.775
vt 0.6125 0.975
vt 0.5125 0.775
vt 0.5125 0.975
vt 0.6125 0.975
vt 0.6125 0.775
vt 0.5125 0.775
vt 0.6125 0.975
vt 0.5125 0.775
vt 0.5125 0.975
vt 0.6125 0.975
vt 0.6125 0.775
vt 0.5125 0.775
vt 0.6125 0.975
vt 0.5125 0.775
vt 0.5125 0.975
vt 0.6125 0.775
vt 0.5125 0.975
vt 0.6125 0.975
vt 0.6125 0.775
vt 0.5125 0.775
vt 0.5125 0.975
vt 0.6125 0.775
vt 0.5125 0.975
vt 0.6125 0.975
vt 0.6125 0.775
vt 0.5125 0.775
vt 0.5125 0.975
vt 0.6125 0.775
vt 0.5125 0.975
vt 0.6125 0.975
vt 0.6125 0.775
vt 0.5125 0.775
vt 0.5125 0.975
vt 0.6125 0.775
vt 0.5125 0.975
vt 0.6125 0.975
vt 0.6125 0.775
vt 0.2625 0.275
vt 0.2625 0.475
vt 0.3625 0.475
vt 0.3625 0.275
vt 0.2625 0.275
vt 0.3625 0.475
vt 0.2625 0.275
vt 0.2625 0.475
vt 0.3625 0.475
vt 0.3625 0.275
vt 0.2625 0.275
vt 0.3625 0.475
vt 0.2625 0.275
vt 0.2625 0.475
vt 0.3625 0.475
vt 0.3625 0.275
vt 0.2625 0.275
vt 0.3625 0.475
vt 0.2625 0.275
vt 0.2625 0.475
vt 0.3625 0.475
vt 0.3625 0.275
vt 0.2625 0.275
vt 0.3625 0.475
vt 0.2625 0.275
vt 0.2625 0.475
vt 0.3625 0.275
vt 0.2625 0.475
vt 0.3625 0.475
vt 0.3625 0.275
vt 0.2625 0.275
vt 0.2625 0.475
vt 0.3625 0.275
vt 0.2625 0.475
vt 0.3625 0.475
vt 0.3625 0.275
vt 0.2625 0.275
vt 0.2625 0.475
vt 0.3625 0.275
vt 0.2625 0.475
vt 0.3625 0.475
vt 0.3625 0.275
vt 0.2625 0.275
vt 0.2625 0.475
vt 0.3625 0.275
vt 0.2625 0.475
vt 0.3625 0.475
vt 0.3625 0.275
vt 0.6375 0.525
vt 0.6375 0.725
vt 0.7375 0.725
vt 0.7375 0.525
vt 0.6375 0.525
vt 0.7375 0.725
vt 0.6375 0.525
vt 0.6375 0.725
vt 0.7375 0.725
vt 0.7375 0.525
vt 0.6375 0.525
vt 0.7375 0.725
vt 0.6375 0.525
vt 0.6375 0.725
vt 0.7375 0.725
vt 0.7375 0.525
vt 0.6375 0.525
vt 0.7375 0.725
vt 0.6375 0.525
vt 0.6375 0.725
vt 0.7375 0.725
vt 0.7375 0.525
vt 0.6375 0.525
vt 0.7375 0.725
vt 0.6375 0.525
vt 0.6375 0.725
vt 0.7375 0.525
vt 0.6375 0.725
vt 0.7375 0.725
vt 0.7375 0.525
vt 0.6375 0.525
vt 0.6375 0.725
vt 0.7375 0.525
vt 0.6375 0.725
vt 0.7375 0.725
vt 0.7375 0.525
vt 0.6375 0.525
vt 0.6375 0.725
vt 0.7375 0.525
vt 0.6375 0.725
vt 0.7375 0.725
vt 0.7375 0.525
vt 0.6375 0.525
vt 0.6375 0.725
vt 0.7375 0.525
vt 0.6375 0.725
vt 0.7375 0.725
vt 0.7375 0.525
vt 0.94792 0.025
vt 0.94792 0.225
vt 0.94792 0.225
vt 0.94792 0.025
vt 0.94792 0.025
vt 0.94792 0.225
vt 0.94792 0.025
vt 0.94792 0.225
vt 0.94792 0.225
vt 0.94792 0.025
vt 0.94792 0.025
vt 0.94792 0.225
vt 0.94792 0.025
vt 0.94792 0.225
vt 0.94792 0.225
vt 0.94792 0.025
vt 0.94792 0.025
vt 0.94792 0.225
vt 0.94792 0.025
vt 0.94792 0.225
vt 0.94792 0.225
vt 0.94792 0.025
vt 0.94792 0.025
vt 0.94792 0.225
vt 0.94792 0.025
vt 0.94792 0.225
vt 0.94792 0.025
vt 0.94792 0.225
vt 0.94792 0.225
vt 0.94792 0.025
vt 0.94792 0.025
vt 0.94792 0.225
vt 0.94792 0.025
vt 0.94792 0.225
vt 0.94792 0.225
vt 0.94792 0.025
vt 0.94792 0.025
vt 0.94792 0.225
vt 0.94792 0.025
vt 0.94792 0.225
vt 0.94792 0.225
vt 0.94792 0.025
vt 0.94792 0.025
vt 0.94792 0.225
vt 0.94792 0.025
vt 0.94792 0.225
vt 0.94792 0.225
vt 0.94792 0.025
vt 0.1375 0.275
vt 0.1375 0.475
vt 0.2375 0.475
vt 0.2375 0.275
vt 0.1375 0.275
vt 0.2375 0.475
vt 0.1375 0.275
vt 0.1375 0.475
vt 0.2375 0.475
vt 0.2375 0.275
vt 0.1375 0.275
vt 0.2375 0.475
vt 0.1375 0.275
vt 0.1375 0.475
vt 0.2375 0.475
vt 0.2375 0.275
vt 0.1375 0.275
vt 0.2375 0.475
vt 0.1375 0.275
vt 0.1375 0.475
vt 0.2375 0.475
vt 0.2375 0.275
vt 0.1375 0.275
vt 0.2375 0.475
vt 0.1375 0.275
vt 0.1375 0.475
vt 0.2375 0.275
vt 0.1375 0.475
vt 0.2375 0.475
vt 0.2375 0.275
vt 0.1375 0.275
vt 0.1375 0.475
vt 0.2375 0.275
vt 0.1375 0.475
vt 0.2375 0.475
vt 0.2375 0.275
vt 0.1375 0.275
vt 0.1375 0.475
vt 0.2375 0.275
vt 0.1375 0.475
vt 0.2375 0.475
vt 0.2375 0.275
vt 0.1375 0.275
vt 0.1375 0.475
vt 0.2375 0.275
vt 0.1375 0.475
vt 0.2375 0.475
vt 0.2375 0.275
vt 0.1375 0.275
vt 0.1375 0.475
vt 0.2375 0.475
vt 0.2375 0.275
vt 0.1375 0.275
vt 0.2375 0.475
vt 0.1375 0.275
vt 0.1375 0.475
vt 0.2375 0.475
vt 0.2375 0.275
vt 0.1375 0.275
vt 0.2375 0.475
vt 0.1375 0.275
vt 0.1375 0.475
vt 0.2375 0.475
vt 0.2375 0.275
vt 0.1375 0.275
vt 0.2375 0.475
vt 0.1375 0.275
vt 0.1375 0.475
vt 0.2375 0.475
vt 0.2375 0.275
vt 0.1375 0.275
vt 0.2375 0.475
vt 0.1375 0.275
vt 0.1375 0.475
vt 0.2375 0.275
vt 0.1375 0.475
vt 0.2375 0.475
vt 0.2375 0.275
vt 0.1375 0.275
vt 0.1375 0.475
vt 0.2375 0.275
vt 0.1375 0.475
vt 0.2375 0.475
vt 0.2375 0.275
vt 0.1375 0.275
vt 0.1375 0.475
vt 0.2375 0.275
vt 0.1375 0.475
vt 0.2375 0.475
vt 0.2375 0.275
vt 0.1375 0.275
vt 0.1375 0.475
vt 0.2375 0.275
vt 0.1375 0.475
vt 0.2375 0.475
vt 0.2375 0.275
vt 0.3875 0.775
vt 0.3875 0.975
vt 0.4875 0.975
vt 0.4875 0.775
vt 0.3875 0.775
vt 0.4875 0.975
vt 0.3875 0.775
vt 0.3875 0.975
vt 0.4875 0.975
vt 0.4875 0.775
vt 0.3875 0.775
vt 0.4875 0.975
vt 0.3875 0.775
vt 0.3875 0.975
vt 0.4875 0.975
vt 0.4875 0.775
vt 0.3875 0.775
vt 0.4875 0.975
vt 0.3875 0.775
vt 0.3875 0.975
vt 0.4875 0.975
vt 0.4875 0.775
vt 0.3875 0.775
vt 0.4875 0.975
vt 0.3875 0.775
vt 0.3875 0.975
vt 0.4875 0.775
vt 0.3875 0.975
vt 0.4875 0.975
vt 0.4875 0.775
vt 0.3875 0.775
vt 0.3875 0.975
vt 0.4875 0.775
vt 0.3875 0.975
vt 0.4875 0.975
vt 0.4875 0.775
vt 0.3875 0.775
vt 0.3875 0.975
vt 0.4875 0.775
vt 0.3875 0.975
vt 0.4875 0.975
vt 0.4875 0.775
vt 0.3875 0.775
vt 0.3875 0.975
vt 0.4875 0.775
vt 0.3875 0.975
vt 0.4875 0.975
vt 0.4875 0.775
vt 0.3875 0.525
vt 0.3875 0.725
vt 0.4375 0.725
vt 0.4375 0.525
vt 0.3875 0.525
vt 0.4375 0.725
vt 0.4375 0.525
vt 0.4375 0.725
vt 0.4875 0.725
vt 0.4875 0.525
vt 0.4375 0.525
vt 0.4875 0.725
vt 0.3875 0.525
vt 0.3875 0.725
vt 0.4375 0.725
vt 0.4375 0.525
vt 0.3875 0.525
vt 0.4375 0.725
vt 0.4375 0.525
vt 0.4375 0.725
vt 0.4875 0.725
vt 0.4875 0.525
vt 0.4375 0.525
vt 0.4875 0.725
vt 0.3875 0.525
vt 0.3875 0.725
vt 0.4375 0.525
vt 0.3875 0.725
vt 0.4375 0.725
vt 0.4375 0.525
vt 0.4375 0.525
vt 0.4375 0.725
vt 0.4875 0.525
vt 0.4375 0.725
vt 0.4875 0.725
vt 0.4875 0.525
vt 0.3875 0.525
vt 0.3875 0.725
vt 0.4375 0.525
vt 0.3875 0.725
vt 0.4375 0.725
vt 0.4375 0.525
vt 0.4375 0.525
vt 0.4375 0.725
vt 0.4875 0.525
vt 0.4375 0.725
vt 0.4875 0.725
vt 0.4875 0.525
vt 0.94792 0.025
vt 0.94792 0.225
vt 0.94792 0.225
vt 0.94792 0.025
vt 0.94792 0.025
vt 0.94792 0.225
vt 0.94792 0.025
vt 0.94792 0.225
vt 0.94792 0.225
vt 0.94792 0.025
vt 0.94792 0.025
vt 0.94792 0.225
vt 0.94792 0.025
vt 0.94792 0.225
vt 0.94792 0.225
vt 0.94792 0.025
vt 0.94792 0.025
vt 0.94792 0.225
vt 0.94792 0.025
vt 0.94792 0.225
vt 0.94792 0.225
vt 0.94792 0.025
vt 0.94792 0.025
vt 0.94792 0.225
vt 0.94792 0.025
vt 0.94792 0.225
vt 0.94792 0.025
vt 0.94792 0.225
vt 0.94792 0.225
vt 0.94792 0.025
vt 0.94792 0.025
vt 0.94792 0.225
vt 0.94792 0.025
vt 0.94792 0.225
vt 0.94792 0.225
vt 0.94792 0.025
vt 0.94792 0.025
vt 0.94792 0.225
vt 0.94792 0.025
vt 0.94792 0.225
vt 0.94792 0.225
vt 0.94792 0.025
vt 0.94792 0.025
vt 0.94792 0.225
vt 0.94792 0.025
vt 0.94792 0.225
vt 0.94792 0.225
vt 0.94792 0.025
vt 0.2625 0.525
vt 0.2625 0.725
vt 0.3125 0.725
vt 0.3125 0.525
vt 0.2625 0.525
vt 0.3125 0.725
vt 0.3125 0.525
vt 0.3125 0.725
vt 0.3625 0.725
vt 0.3625 0.525
vt 0.3125 0.525
vt 0.3625 0.725
vt 0.2625 0.525
vt 0.2625 0.725
vt 0.3125 0.725
vt 0.3125 0.525
vt 0.2625 0.525
vt 0.3125 0.725
vt 0.3125 0.525
vt 0.3125 0.725
vt 0.3625 0.725
vt 0.3625 0.525
vt 0.3125 0.525
vt 0.3625 0.725
vt 0.2625 0.525
vt 0.2625 0.725
vt 0.3125 0.525
vt 0.2625 0.725
vt 0.3125 0.725
vt 0.3125 0.525
vt 0.3125 0.525
vt 0.3125 0.725
vt 0.3625 0.525
vt 0.3125 0.725
vt 0.3625 0.725
vt 0.3625 0.525
vt 0.2625 0.525
vt 0.2625 0.725
vt 0.3125 0.525
vt 0.2625 0.725
vt 0.3125 0.725
vt 0.3125 0.525
vt 0.3125 0.525
vt 0.3125 0.725
vt 0.3625 0.525
vt 0.3125 0.725
vt 0.3625 0.725
vt 0.3625 0.525
vt 0.2625 0.275
vt 0.2625 0.475
vt 0.3625 0.475
vt 0.3625 0.275
vt 0.2625 0.275
vt 0.3625 0.475
vt 0.2625 0.275
vt 0.2625 0.475
vt 0.3625 0.475
vt 0.3625 0.275
vt 0.2625 0.275
vt 0.3625 0.475
vt 0.2625 0.275
vt 0.2625 0.475
vt 0.3625 0.475
vt 0.3625 0.275
vt 0.2625 0.275
vt 0.3625 0.475
vt 0.2625 0.275
vt 0.2625 0.475
vt 0.3625 0.475
vt 0.3625 0.275
vt 0.2625 0.275
vt 0.3625 0.475
vt 0.2625 0.275
vt 0.2625 0.475
vt 0.3625 0.275
vt 0.2625 0.475
vt 0.3625 0.475
vt 0.3625 0.275
vt 0.2625 0.275
vt 0.2625 0.475
vt 0.3625 0.275
vt 0.2625 0.475
vt 0.3625 0.475
vt 0.3625 0.275
vt 0.2625 0.275
vt 0.2625 0.475
vt 0.3625 0.275
vt 0.2625 0.475
vt 0.3625 0.475
vt 0.3625 0.275
vt 0.2625 0.275
vt 0.2625 0.475
vt 0.3625 0.275
vt 0.2625 0.475
vt 0.3625 0.475
vt 0.3625 0.275
vt 0.2625 0.775
vt 0.2625 0.975
vt 0.3125 0.975
vt 0.3125 0.775
vt 0.2625 0.775
vt 0.3125 0.975
vt 0.3125 0.775
vt 0.3125 0.975
vt 0.3625 0.975
vt 0.3625 0.775
vt 0.3125 0.775
vt 0.3625 0.975
vt 0.2625 0.775
vt 0.2625 0.975
vt 0.3125 0.975
vt 0.3125 0.775
vt 0.2625 0.775
vt 0.3125 0.975
vt 0.3125 0.775
vt 0.3125 0.975
vt 0.3625 0.975
vt 0.3625 0.775
vt 0.3125 0.775
vt 0.3625 0.975
vt 0.2625 0.775
vt 0.2625 0.975
vt 0.3125 0.775
vt 0.2625 0.975
vt 0.3125 0.975
vt 0.3125 0.775
vt 0.3125 0.775
vt 0.3125 0.975
vt 0.3625 0.775
vt 0.3125 0.975
vt 0.3625 0.975
vt 0.3625 0.775
vt 0.2625 0.775
vt 0.2625 0.975
vt 0.3125 0.775
vt 0.2625 0.975
vt 0.3125 0.975
vt 0.3125 0.775
vt 0.3125 0.775
vt 0.3125 0.975
vt 0.3625 0.775
vt 0.3125 0.975
vt 0.3625 0.975
vt 0.3625 0.775
vt 0.6375 0.525
vt 0.6375 0.725
vt 0.6875 0.725
vt 0.6875 0.525
vt 0.6375 0.525
vt 0.6875 0.725
vt 0.6875 0.525
vt 0.6875 0.725
vt 0.7375 0.725
vt 0.7375 0.525
vt 0.6875 0.525
vt 0.7375 0.725
vt 0.6375 0.525
vt 0.6375 0.725
vt 0.6875 0.725
vt 0.6875 0.525
vt 0.6375 0.525
vt 0.6875 0.725
vt 0.6875 0.525
vt 0.6875 0.725
vt 0.7375 0.725
vt 0.7375 0.525
vt 0.6875 0.525
vt 0.7375 0.725
vt 0.6375 0.525
vt 0.6375 0.725
vt 0.6875 0.525
vt 0.6375 0.725
vt 0.6875 0.725
vt 0.6875 0.525
vt 0.6875 0.525
vt 0.6875 0.725
vt 0.7375 0.525
vt 0.6875 0.725
vt 0.7375 0.725
vt 0.7375 0.525
vt 0.6375 0.525
vt 0.6375 0.725
vt 0.6875 0.525
vt 0.6375 0.725
vt 0.6875 0.725
vt 0.6875 0.525
vt 0.6875 0.525
vt 0.6875 0.725
vt 0.7375 0.525
vt 0.6875 0.725
vt 0.7375 0.725
vt 0.7375 0.525
vt 0.1375 0.275
vt 0.1375 0.475
vt 0.2375 0.475
vt 0.2375 0.275
vt 0.1375 0.275
vt 0.2375 0.475
vt 0.1375 0.275
vt 0.1375 0.475
vt 0.2375 0.475
vt 0.2375 0.275
vt 0.1375 0.275
vt 0.2375 0.475
vt 0.1375 0.275
vt 0.1375 0.475
vt 0.2375 0.475
vt 0.2375 0.275
vt 0.1375 0.275
vt 0.2375 0.475
vt 0.1375 0.275
vt 0.1375 0.475
vt 0.2375 0.475
vt 0.2375 0.275
vt 0.1375 0.275
vt 0.2375 0.475
vt 0.1375 0.275
vt 0.1375 0.475
vt 0.2375 0.275
vt 0.1375 0.475
vt 0.2375 0.475
vt 0.2375 0.275
vt 0.1375 0.275
vt 0.1375 0.475
vt 0.2375 0.275
vt 0.1375 0.475
vt 0.2375 0.475
vt 0.2375 0.275
vt 0.1375 0.275
vt 0.1375 0.475
vt 0.2375 0.275
vt 0.1375 0.475
vt 0.2375 0.475
vt 0.2375 0.275
vt 0.1375 0.275
vt 0.1375 0.475
vt 0.2375 0.275
vt 0.1375 0.475
vt 0.2375 0.475
vt 0.2375 0.275
vt 0.3875 0.775
vt 0.3875 0.975
vt 0.4875 0.975
vt 0.4875 0.775
vt 0.3875 0.775
vt 0.4875 0.975
vt 0.3875 0.775
vt 0.3875 0.975
vt 0.4875 0.975
vt 0.4875 0.775
vt 0.3875 0.775
vt 0.4875 0.975
vt 0.3875 0.775
vt 0.3875 0.975
vt 0.4875 0.975
vt 0.4875 0.775
vt 0.3875 0.775
vt 0.4875 0.975
vt 0.3875 0.775
vt 0.3875 0.975
vt 0.4875 0.975
vt 0.4875 0.775
vt 0.3875 0.775
vt 0.4875 0.975
vt 0.3875 0.775
vt 0.3875 0.975
vt 0.4875 0.775
vt 0.3875 0.975
vt 0.4875 0.975
vt 0.4875 0.775
vt 0.3875 0.775
vt 0.3875 0.975
vt 0.4875 0.775
vt 0.3875 0.975
vt 0.4875 0.975
vt 0.4875 0.775
vt 0.3875 0.775
vt 0.3875 0.975
vt 0.4875 0.775
vt 0.3875 0.975
vt 0.4875 0.975
vt 0.4875 0.775
vt 0.3875 0.775
vt 0.3875 0.975
vt 0.4875 0.775
vt 0.3875 0.975
vt 0.4875 0.975
vt 0.4875 0.775
vt 0.3875 0.525
vt 0.3875 0.725
vt 0.4375 0.725
vt 0.4375 0.525
vt 0.3875 0.525
vt 0.4375 0.725
vt 0.4375 0.525
vt 0.4375 0.725
vt 0.4875 0.725
vt 0.4875 0.525
vt 0.4375 0.525
vt 0.4875 0.725
vt 0.3875 0.525
vt 0.3875 0.725
vt 0.4375 0.725
vt 0.4375 0.525
vt 0.3875 0.525
vt 0.4375 0.725
vt 0.4375 0.525
vt 0.4375 0.725
vt 0.4875 0.725
vt 0.4875 0.525
vt 0.4375 0.525
vt 0.4875 0.725
vt 0.3875 0.525
vt 0.3875 0.725
vt 0.4375 0.525
vt 0.3875 0.725
vt 0.4375 0.725
vt 0.4375 0.525
vt 0.4375 0.525
vt 0.4375 0.725
vt 0.4875 0.525
vt 0.4375 0.725
vt 0.4875 0.725
vt 0.4875 0.525
vt 0.3875 0.525
vt 0.3875 0.725
vt 0.4375 0.525
vt 0.3875 0.725
vt 0.4375 0.725
vt 0.4375 0.525
vt 0.4375 0.525
vt 0.4375 0.725
vt 0.4875 0.525
vt 0.4375 0.725
vt 0.4875 0.725
vt 0.4875 0.525
vt 0.94792 0.025
vt 0.94792 0.225
vt 0.94792 0.225
vt 0.94792 0.025
vt 0.94792 0.025
vt 0.94792 0.225
vt 0.94792 0.025
vt 0.94792 0.225
vt 0.94792 0.225
vt 0.94792 0.025
vt 0.94792 0.025
vt 0.94792 0.225
vt 0.94792 0.025
vt 0.94792 0.225
vt 0.94792 0.225
vt 0.94792 0.025
vt 0.94792 0.025
vt 0.94792 0.225
vt 0.94792 0.025
vt 0.94792 0.225
vt 0.94792 0.225
vt 0.94792 0.025
vt 0.94792 0.025
vt 0.94792 0.225
vt 0.94792 0.025
vt 0.94792 0.225
vt 0.94792 0.025
vt 0.94792 0.225
vt 0.94792 0.225
vt 0.94792 0.025
vt 0.94792 0.025
vt 0.94792 0.225
vt 0.94792 0.025
vt 0.94792 0.225
vt 0.94792 0.225
vt 0.94792 0.025
vt 0.94792 0.025
vt 0.94792 0.225
vt 0.94792 0.025
vt 0.94792 0.225
vt 0.94792 0.225
vt 0.94792 0.025
vt 0.94792 0.025
vt 0.94792 0.225
vt 0.94792 0.025
vt 0.94792 0.225
vt 0.94792 0.225
vt 0.94792 0.025
vt 0.2625 0.525
vt 0.2625 0.725
vt 0.3125 0.725
vt 0.3125 0.525
vt 0.2625 0.525
vt 0.3125 0.725
vt 0.3125 0.525
vt 0.3125 0.725
vt 0.3625 0.725
vt 0.3625 0.525
vt 0.3125 0.525
vt 0.3625 0.725
vt 0.2625 0.525
vt 0.2625 0.725
vt 0.3125 0.725
vt 0.3125 0.525
vt 0.2625 0.525
vt 0.3125 0.725
vt 0.3125 0.525
vt 0.3125 0.725
vt 0.3625 0.725
vt 0.3625 0.525
vt 0.3125 0.525
vt 0.3625 0.725
vt 0.2625 0.525
vt 0.2625 0.725
vt 0.3125 0.525
vt 0.2625 0.725
vt 0.3125 0.725
vt 0.3125 0.525
vt 0.3125 0.525
vt 0.3125 0.725
vt 0.3625 0.525
vt 0.3125 0.725
vt 0.3625 0.725
vt 0.3625 0.525
vt 0.2625 0.525
vt 0.2625 0.725
vt 0.3125 0.525
vt 0.2625 0.725
vt 0.3125 0.725
vt 0.3125 0.525
vt 0.3125 0.525
vt 0.3125 0.725
vt 0.3625 0.525
vt 0.3125 0.725
vt 0.3625 0.725
vt 0.3625 0.525
vt 0.2625 0.275
vt 0.2625 0.475
vt 0.3625 0.475
vt 0.3625 0.275
vt 0.2625 0.275
vt 0.3625 0.475
vt 0.2625 0.275
vt 0.2625 0.475
vt 0.3625 0.475
vt 0.3625 0.275
vt 0.2625 0.275
vt 0.3625 0.475
vt 0.2625 0.275
vt 0.2625 0.475
vt 0.3625 0.475
vt 0.3625 0.275
vt 0.2625 0.275
vt 0.3625 0.475
vt 0.2625 0.275
vt 0.2625 0.475
vt 0.3625 0.475
vt 0.3625 0.275
vt 0.2625 0.275
vt 0.3625 0.475
vt 0.2625 0.275
vt 0.2625 0.475
vt 0.3625 0.275
vt 0.2625 0.475
vt 0.3625 0.475
vt 0.3625 0.275
vt 0.2625 0.275
vt 0.2625 0.475
vt 0.3625 0.275
vt 0.2625 0.475
vt 0.3625 0.475
vt 0.3625 0.275
vt 0.2625 0.275
vt 0.2625 0.475
vt 0.3625 0.275
vt 0.2625 0.475
vt 0.3625 0.475
vt 0.3625 0.275
vt 0.2625 0.275
vt 0.2625 0.475
vt 0.3625 0.275
vt 0.2625 0.475
vt 0.3625 0.475
vt 0.3625 0.275
vt 0.2625 0.775
vt 0.2625 0.975
vt 0.3125 0.975
vt 0.3125 0.775
vt 0.2625 0.775
vt 0.3125 0.975
vt 0.3125 0.775
vt 0.3125 0.975
vt 0.3625 0.975
vt 0.3625 0.775
vt 0.3125 0.775
vt 0.3625 0.975
vt 0.2625 0.775
vt 0.2625 0.975
vt 0.3125 0.975
vt 0.3125 0.775
vt 0.2625 0.775
vt 0.3125 0.975
vt 0.3125 0.775
vt 0.3125 0.975
vt 0.3625 0.975
vt 0.3625 0.775
vt 0.3125 0.775
vt 0.3625 0.975
vt 0.2625 0.775
vt 0.2625 0.975
vt 0.3125 0.775
vt 0.2625 0.975
vt 0.3125 0.975
vt 0.3125 0.775
vt 0.3125 0.775
vt 0.3125 0.975
vt 0.3625 0.775
vt 0.3125 0.975
vt 0.3625 0.975
vt 0.3625 0.775
vt 0.2625 0.775
vt 0.2625 0.975
vt 0.3125 0.775
vt 0.2625 0.975
vt 0.3125 0.975
vt 0.3125 0.775
vt 0.3125 0.775
vt 0.3125 0.975
vt 0.3625 0.775
vt 0.3125 0.975
vt 0.3625 0.975
vt 0.3625 0.775
vt 0.6375 0.525
vt 0.6375 0.725
vt 0.6875 0.725
vt 0.6875 0.525
vt 0.6375 0.525
vt 0.6875 0.725
vt 0.6875 0.525
vt 0.6875 0.725
vt 0.7375 0.725
vt 0.7375 0.525
vt 0.6875 0.525
vt 0.7375 0.725
vt 0.6375 0.525
vt 0.6375 0.725
vt 0.6875 0.725
vt 0.6875 0.525
vt 0.6375 0.525
vt 0.6875 0.725
vt 0.6875 0.525
vt 0.6875 0.725
vt 0.7375 0.725
vt 0.7375 0.525
vt 0.6875 0.525
vt 0.7375 0.725
vt 0.6375 0.525
vt 0.6375 0.725
vt 0.6875 0.525
vt 0.6375 0.725
vt 0.6875 0.725
vt 0.6875 0.525
vt 0.6875 0.525
vt 0.6875 0.725
vt 0.7375 0.525
vt 0.6875 0.725
vt 0.7375 0.725
vt 0.7375 0.525
vt 0.6375 0.525
vt 0.6375 0.725
vt 0.6875 0.525
vt 0.6375 0.725
vt 0.6875 0.725
vt 0.6875 0.525
vt 0.6875 0.525
vt 0.6875 0.725
vt 0.7375 0.525
vt 0.6875 0.725
vt 0.7375 0.725
vt 0.7375 0.525
vt 0.3125 0.775
vt 0.3125 0.975
vt 0.3375 0.975
vt 0.3375 0.775
vt 0.3125 0.775
vt 0.3375 0.975
vt 0.3375 0.775
vt 0.3375 0.975
vt 0.3625 0.975
vt 0.3625 0.775
vt 0.3375 0.775
vt 0.3625 0.975
vt 0.2625 0.775
vt 0.2625 0.975
vt 0.2875 0.975
vt 0.2875 0.775
vt 0.2625 0.775
vt 0.2875 0.975
vt 0.2875 0.775
vt 0.2875 0.975
vt 0.3125 0.975
vt 0.3125 0.775
vt 0.2875 0.775
vt 0.3125 0.975
vt 0.3125 0.775
vt 0.3125 0.975
vt 0.3375 0.775
vt 0.3125 0.975
vt 0.3375 0.975
vt 0.3375 0.775
vt 0.3375 0.775
vt 0.3375 0.975
vt 0.3625 0.775
vt 0.3375 0.975
vt 0.3625 0.975
vt 0.3625 0.775
vt 0.2625 0.775
vt 0.2625 0.975
vt 0.2875 0.775
vt 0.2625 0.975
vt 0.2875 0.975
vt 0.2875 0.775
vt 0.2875 0.775
vt 0.2875 0.975
vt 0.3125 0.775
vt 0.2875 0.975
vt 0.3125 0.975
vt 0.3125 0.775
vt 0.0125 0.525
vt 0.0125 0.725
vt 0.1125 0.725
vt 0.1125 0.525
vt 0.0125 0.525
vt 0.1125 0.725
vt 0.0125 0.525
vt 0.0125 0.725
vt 0.1125 0.725
vt 0.1125 0.525
vt 0.0125 0.525
vt 0.1125 0.725
vt 0.0125 0.525
vt 0.0125 0.725
vt 0.1125 0.725
vt 0.1125 0.525
vt 0.0125 0.525
vt 0.1125 0.725
vt 0.0125 0.525
vt 0.0125 0.725
vt 0.1125 0.725
vt 0.1125 0.525
vt 0.0125 0.525
vt 0.1125 0.725
vt 0.0125 0.525
vt 0.0125 0.725
vt 0.1125 0.525
vt 0.0125 0.725
vt 0.1125 0.725
vt 0.1125 0.525
vt 0.0125 0.525
vt 0.0125 0.725
vt 0.1125 0.525
vt 0.0125 0.725
vt 0.1125 0.725
vt 0.1125 0.525
vt 0.0125 0.525
vt 0.0125 0.725
vt 0.1125 0.525
vt 0.0125 0.725
vt 0.1125 0.725
vt 0.1125 0.525
vt 0.0125 0.525
vt 0.0125 0.725
vt 0.1125 0.525
vt 0.0125 0.725
vt 0.1125 0.725
vt 0.1125 0.525
vt 0.6375 0.525
vt 0.6375 0.725
vt 0.7375 0.725
vt 0.7375 0.525
vt 0.6375 0.525
vt 0.7375 0.725
vt 0.6375 0.525
vt 0.6375 0.725
vt 0.7375 0.725
vt 0.7375 0.525
vt 0.6375 0.525
vt 0.7375 0.725
vt 0.6375 0.525
vt 0.6375 0.725
vt 0.7375 0.725
vt 0.7375 0.525
vt 0.6375 0.525
vt 0.7375 0.725
vt 0.6375 0.525
vt 0.6375 0.725
vt 0.7375 0.725
vt 0.7375 0.525
vt 0.6375 0.525
vt 0.7375 0.725
vt 0.6375 0.525
vt 0.6375 0.725
vt 0.7375 0.525
vt 0.6375 0.725
vt 0.7375 0.725
vt 0.7375 0.525
vt 0.6375 0.525
vt 0.6375 0.725
vt 0.7375 0.525
vt 0.6375 0.725
vt 0.7375 0.725
vt 0.7375 0.525
vt 0.6375 0.525
vt 0.6375 0.725
vt 0.7375 0.525
vt 0.6375 0.725
vt 0.7375 0.725
vt 0.7375 0.525
vt 0.6375 0.525
vt 0.6375 0.725
vt 0.7375 0.525
vt 0.6375 0.725
vt 0.7375 0.725
vt 0.7375 0.525
vt 0.2625 0.525
vt 0.2625 0.725
vt 0.3125 0.725
vt 0.3125 0.525
vt 0.2625 0.525
vt 0.3125 0.725
vt 0.3125 0.525
vt 0.3125 0.725
vt 0.3625 0.725
vt 0.3625 0.525
vt 0.3125 0.525
vt 0.3625 0.725
vt 0.2625 0.525
vt 0.2625 0.725
vt 0.3125 0.725
vt 0.3125 0.525
vt 0.2625 0.525
vt 0.3125 0.725
vt 0.3125 0.525
vt 0.3125 0.725
vt 0.3625 0.725
vt 0.3625 0.525
vt 0.3125 0.525
vt 0.3625 0.725
vt 0.2625 0.525
vt 0.2625 0.725
vt 0.3125 0.525
vt 0.2625 0.725
vt 0.3125 0.725
vt 0.3125 0.525
vt 0.3125 0.525
vt 0.3125 0.725
vt 0.3625 0.525
vt 0.3125 0.725
vt 0.3625 0.725
vt 0.3625 0.525
vt 0.2625 0.525
vt 0.2625 0.725
vt 0.3125 0.525
vt 0.2625 0.725
vt 0.3125 0.725
vt 0.3125 0.525
vt 0.3125 0.525
vt 0.3125 0.725
vt 0.3625 0.525
vt 0.3125 0.725
vt 0.3625 0.725
vt 0.3625 0.525
vt 0.94792 0.025
vt 0.94792 0.225
vt 0.94792 0.225
vt 0.94792 0.025
vt 0.94792 0.025
vt 0.94792 0.225
vt 0.94792 0.025
vt 0.94792 0.225
vt 0.94792 0.225
vt 0.94792 0.025
vt 0.94792 0.025
vt 0.94792 0.225
vt 0.94792 0.025
vt 0.94792 0.225
vt 0.94792 0.225
vt 0.94792 0.025
vt 0.94792 0.025
vt 0.94792 0.225
vt 0.94792 0.025
vt 0.94792 0.225
vt 0.94792 0.225
vt 0.94792 0.025
vt 0.94792 0.025
vt 0.94792 0.225
vt 0.94792 0.025
vt 0.94792 0.225
vt 0.94792 0.025
vt 0.94792 0.225
vt 0.94792 0.225
vt 0.94792 0.025
vt 0.94792 0.025
vt 0.94792 0.225
vt 0.94792 0.025
vt 0.94792 0.225
vt 0.94792 0.225
vt 0.94792 0.025
vt 0.94792 0.025
vt 0.94792 0.225
vt 0.94792 0.025
vt 0.94792 0.225
vt 0.94792 0.225
vt 0.94792 0.025
vt 0.94792 0.025
vt 0.94792 0.225
vt 0.94792 0.025
vt 0.94792 0.225
vt 0.94792 0.225
vt 0.94792 0.025
vt 0.3125 0.775
vt 0.3125 0.975
vt 0.3375 0.975
vt 0.3375 0.775
vt 0.3125 0.775
vt 0.3375 0.975
vt 0.3375 0.775
vt 0.3375 0.975
vt 0.3625 0.975
vt 0.3625 0.775
vt 0.3375 0.775
vt 0.3625 0.975
vt 0.2625 0.775
vt 0.2625 0.975
vt 0.2875 0.975
vt 0.2875 0.775
vt 0.2625 0.775
vt 0.2875 0.975
vt 0.2875 0.775
vt 0.2875 0.975
vt 0.3125 0.975
vt 0.3125 0.775
vt 0.2875 0.775
vt 0.3125 0.975
vt 0.3125 0.775
vt 0.3125 0.975
vt 0.3375 0.775
vt 0.3125 0.975
vt 0.3375 0.975
vt 0.3375 0.775
vt 0.3375 0.775
vt 0.3375 0.975
vt 0.3625 0.775
vt 0.3375 0.975
vt 0.3625 0.975
vt 0.3625 0.775
vt 0.2625 0.775
vt 0.2625 0.975
vt 0.2875 0.775
vt 0.2625 0.975
vt 0.2875 0.975
vt 0.2875 0.775
vt 0.2875 0.775
vt 0.2875 0.975
vt 0.3125 0.775
vt 0.2875 0.975
vt 0.3125 0.975
vt 0.3125 0.775
vt 0.0125 0.525
vt 0.0125 0.725
vt 0.1125 0.725
vt 0.1125 0.525
vt 0.0125 0.525
vt 0.1125 0.725
vt 0.0125 0.525
vt 0.0125 0.725
vt 0.1125 0.725
vt 0.1125 0.525
vt 0.0125 0.525
vt 0.1125 0.725
vt 0.0125 0.525
vt 0.0125 0.725
vt 0.1125 0.725
vt 0.1125 0.525
vt 0.0125 0.525
vt 0.1125 0.725
vt 0.0125 0.525
vt 0.0125 0.725
vt 0.1125 0.725
vt 0.1125 0.525
vt 0.0125 0.525
vt 0.1125 0.725
vt 0.0125 0.525
vt 0.0125 0.725
vt 0.1125 0.525
vt 0.0125 0.725
vt 0.1125 0.725
vt 0.1125 0.525
vt 0.0125 0.525
vt 0.0125 0.725
vt 0.1125 0.525
vt 0.0125 0.725
vt 0.1125 0.725
vt 0.1125 0.525
vt 0.0125 0.525
vt 0.0125 0.725
vt 0.1125 0.525
vt 0.0125 0.725
vt 0.1125 0.725
vt 0.1125 0.525
vt 0.0125 0.525
vt 0.0125 0.725
vt 0.1125 0.525
vt 0.0125 0.725
vt 0.1125 0.725
vt 0.1125 0.525
vt 0.6375 0.525
vt 0.6375 0.725
vt 0.7375 0.725
vt 0.7375 0.525
vt 0.6375 0.525
vt 0.7375 0.725
vt 0.6375 0.525
vt 0.6375 0.725
vt 0.7375 0.725
vt 0.7375 0.525
vt 0.6375 0.525
vt 0.7375 0.725
vt 0.6375 0.525
vt 0.6375 0.725
vt 0.7375 0.725
vt 0.7375 0.525
vt 0.6375 0.525
vt 0.7375 0.725
vt 0.6375 0.525
vt 0.6375 0.725
vt 0.7375 0.725
vt 0.7375 0.525
vt 0.6375 0.525
vt 0.7375 0.725
vt 0.6375 0.525
vt 0.6375 0.725
vt 0.7375 0.525
vt 0.6375 0.725
vt 0.7375 0.725
vt 0.7375 0.525
vt 0.6375 0.525
vt 0.6375 0.725
vt 0.7375 0.525
vt 0.6375 0.725
vt 0.7375 0.725
vt 0.7375 0.525
vt 0.6375 0.525
vt 0.6375 0.725
vt 0.7375 0.525
vt 0.6375 0.725
vt 0.7375 0.725
vt 0.7375 0.525
vt 0.6375 0.525
vt 0.6375 0.725
vt 0.7375 0.525
vt 0.6375 0.725
vt 0.7375 0.725
vt 0.7375 0.525
vt 0.2625 0.525
vt 0.2625 0.725
vt 0.3125 0.725
vt 0.3125 0.525
vt 0.2625 0.525
vt 0.3125 0.725
vt 0.3125 0.525
vt 0.3125 0.725
vt 0.3625 0.725
vt 0.3625 0.525
vt 0.3125 0.525
vt 0.3625 0.725
vt 0.2625 0.525
vt 0.2625 0.725
vt 0.3125 0.725
vt 0.3125 0.525
vt 0.2625 0.525
vt 0.3125 0.725
vt 0.3125 0.525
vt 0.3125 0.725
vt 0.3625 0.725
vt 0.3625 0.525
vt 0.3125 0.525
vt 0.3625 0.725
vt 0.2625 0.525
vt 0.2625 0.725
vt 0.3125 0.525
vt 0.2625 0.725
vt 0.3125 0.725
vt 0.3125 0.525
vt 0.3125 0.525
vt 0.3125 0.725
vt 0.3625 0.525
vt 0.3125 0.725
vt 0.3625 0.725
vt 0.3625 0.525
vt 0.2625 0.525
vt 0.2625 0.725
vt 0.3125 0.525
vt 0.2625 0.725
vt 0.3125 0.725
vt 0.3125 0.525
vt 0.3125 0.525
vt 0.3125 0.725
vt 0.3625 0.525
vt 0.3125 0.725
vt 0.3625 0.725
vt 0.3625 0.525
vt 0.94792 0.025
vt 0.94792 0.225
vt 0.94792 0.225
vt 0.94792 0.025
vt 0.94792 0.025
vt 0.94792 0.225
vt 0.94792 0.025
vt 0.94792 0.225
vt 0.94792 0.225
vt 0.94792 0.025
vt 0.94792 0.025
vt 0.94792 0.225
vt 0.94792 0.025
vt 0.94792 0.225
vt 0.94792 0.225
vt 0.94792 0.025
vt 0.94792 0.025
vt 0.94792 0.225
vt 0.94792 0.025
vt 0.94792 0.225
vt 0.94792 0.225
vt 0.94792 0.025
vt 0.94792 0.025
vt 0.94792 0.225
vt 0.94792 0.025
vt 0.94792 0.225
vt 0.94792 0.025
vt 0.94792 0.225
vt 0.94792 0.225
vt 0.94792 0.025
vt 0.94792 0.025
vt 0.94792 0.225
vt 0.94792 0.025
vt 0.94792 0.225
vt 0.94792 0.225
vt 0.94792 0.025
vt 0.94792 0.025
vt 0.94792 0.225
vt 0.94792 0.025
vt 0.94792 0.225
vt 0.94792 0.225
vt 0.94792 0.025
vt 0.94792 0.025
vt 0.94792 0.225
vt 0.94792 0.025
vt 0.94792 0.225
vt 0.94792 0.225
vt 0.94792 0.025
vt 0.94792 0.025
vt 0.94792 0.225
vt 0.94792 0.225
vt 0.94792 0.025
vt 0.94792 0.025
vt 0.94792 0.225
vt 0.94792 0.025
vt 0.94792 0.225
vt 0.94792 0.225
vt 0.94792 0.025
vt 0.94792 0.025
vt 0.94792 0.225
vt 0.94792 0.025
vt 0.94792 0.225
vt 0.94792 0.225
vt 0.94792 0.025
vt 0.94792 0.025
vt 0.94792 0.225
vt 0.94792 0.025
vt 0.94792 0.225
vt 0.94792 0.225
vt 0.94792 0.025
vt 0.94792 0.025
vt 0.94792 0.225
vt 0.94792 0.025
vt 0.94792 0.225
vt 0.94792 0.225
vt 0.94792 0.025
vt 0.94792 0.025
vt 0.94792 0.225
vt 0.94792 0.025
vt 0.94792 0.225
vt 0.94792 0.225
vt 0.94792 0.025
vt 0.94792 0.025
vt 0.94792 0.225
vt 0.94792 0.025
vt 0.94792 0.225
vt 0.94792 0.025
vt 0.94792 0.225
vt 0.94792 0.225
vt 0.94792 0.025
vt 0.94792 0.025
vt 0.94792 0.225
vt 0.94792 0.025
vt 0.94792 0.225
vt 0.94792 0.225
vt 0.94792 0.025
vt 0.94792 0.025
vt 0.94792 0.225
vt 0.94792 0.025
vt 0.94792 0.225
vt 0.94792 0.225
vt 0.94792 0.025
vt 0.94792 0.025
vt 0.94792 0.225
vt 0.94792 0.025
vt 0.94792 0.225
vt 0.94792 0.225
vt 0.94792 0.025
vt 0.94792 0.025
vt 0.94792 0.225
vt 0.94792 0.025
vt 0.94792 0.225
vt 0.94792 0.225
vt 0.94792 0.025
vt 0.94792 0.025
vt 0.94792 0.225
vt 0.94792 0.025
vt 0.94792 0.225
vt 0.94792 0.225
vt 0.94792 0.025
vt 0.2625 0.275
vt 0.2625 0.475
vt 0.29583 0.475
vt 0.29583 0.275
vt 0.2625 0.275
vt 0.29583 0.475
vt 0.29583 0.275
vt 0.29583 0.475
vt 0.32917 0.475
vt 0.32917 0.275
vt 0.29583 0.275
vt 0.32917 0.475
vt 0.32917 0.275
vt 0.32917 0.475
vt 0.3625 0.475
vt 0.3625 0.275
vt 0.32917 0.275
vt 0.3625 0.475
vt 0.2625 0.275
vt 0.2625 0.475
vt 0.29583 0.475
vt 0.29583 0.275
vt 0.2625 0.275
vt 0.29583 0.475
vt 0.29583 0.275
vt 0.29583 0.475
vt 0.32917 0.475
vt 0.32917 0.275
vt 0.29583 0.275
vt 0.32917 0.475
vt 0.32917 0.275
vt 0.32917 0.475
vt 0.3625 0.475
vt 0.3625 0.275
vt 0.32917 0.275
vt 0.3625 0.475
vt 0.2625 0.275
vt 0.2625 0.475
vt 0.29583 0.275
vt 0.2625 0.475
vt 0.29583 0.475
vt 0.29583 0.275
vt 0.29583 0.275
vt 0.29583 0.475
vt 0.32917 0.275
vt 0.29583 0.475
vt 0.32917 0.475
vt 0.32917 0.275
vt 0.32917 0.275
vt 0.32917 0.475
vt 0.3625 0.275
vt 0.32917 0.475
vt 0.3625 0.475
vt 0.3625 0.275
vt 0.2625 0.275
vt 0.2625 0.475
vt 0.29583 0.275
vt 0.2625 0.475
vt 0.29583 0.475
vt 0.29583 0.275
vt 0.29583 0.275
vt 0.29583 0.475
vt 0.32917 0.275
vt 0.29583 0.475
vt 0.32917 0.475
vt 0.32917 0.275
vt 0.32917 0.275
vt 0.32917 0.475
vt 0.3625 0.275
vt 0.32917 0.475
vt 0.3625 0.475
vt 0.3625 0.275
vt 0.5125 0.775
vt 0.5125 0.975
vt 0.54583 0.975
vt 0.54583 0.775
vt 0.5125 0.775
vt 0.54583 0.975
vt 0.54583 0.775
vt 0.54583 0.975
vt 0.57917 0.975
vt 0.57917 0.775
vt 0.54583 0.775
vt 0.57917 0.975
vt 0.57917 0.775
vt 0.57917 0.975
vt 0.6125 0.975
vt 0.6125 0.775
vt 0.57917 0.775
vt 0.6125 0.975
vt 0.5125 0.775
vt 0.5125 0.975
vt 0.54583 0.975
vt 0.54583 0.775
vt 0.5125 0.775
vt 0.54583 0.975
vt 0.54583 0.775
vt 0.54583 0.975
vt 0.57917 0.975
vt 0.57917 0.775
vt 0.54583 0.775
vt 0.57917 0.975
vt 0.57917 0.775
vt 0.57917 0.975
vt 0.6125 0.975
vt 0.6125 0.775
vt 0.57917 0.775
vt 0.6125 0.975
vt 0.5125 0.775
vt 0.5125 0.975
vt 0.54583 0.775
vt 0.5125 0.975
vt 0.54583 0.975
vt 0.54583 0.775
vt 0.54583 0.775
vt 0.54583 0.975
vt 0.57917 0.775
vt 0.54583 0.975
vt 0.57917 0.975
vt 0.57917 0.775
vt 0.57917 0.775
vt 0.57917 0.975
vt 0.6125 0.775
vt 0.57917 0.975
vt 0.6125 0.975
vt 0.6125 0.775
vt 0.5125 0.775
vt 0.5125 0.975
vt 0.54583 0.775
vt 0.5125 0.975
vt 0.54583 0.975
vt 0.54583 0.775
vt 0.54583 0.775
vt 0.54583 0.975
vt 0.57917 0.775
vt 0.54583 0.975
vt 0.57917 0.975
vt 0.57917 0.775
vt 0.57917 0.775
vt 0.57917 0.975
vt 0.6125 0.775
vt 0.57917 0.975
vt 0.6125 0.975
vt 0.6125 0.775
vt 0.2625 0.775
vt 0.2625 0.975
vt 0.29583 0.975
vt 0.29583 0.775
vt 0.2625 0.775
vt 0.29583 0.975
vt 0.29583 0.775
vt 0.29583 0.975
vt 0.32917 0.975
vt 0.32917 0.775
vt 0.29583 0.775
vt 0.32917 0.975
vt 0.32917 0.775
vt 0.32917 0.975
vt 0.3625 0.975
vt 0.3625 0.775
vt 0.32917 0.775
vt 0.3625 0.975
vt 0.2625 0.775
vt 0.2625 0.975
vt 0.29583 0.975
vt 0.29583 0.775
vt 0.2625 0.775
vt 0.29583 0.975
vt 0.29583 0.775
vt 0.29583 0.975
vt 0.32917 0.975
vt 0.32917 0.775
vt 0.29583 0.775
vt 0.32917 0.975
vt 0.32917 0.775
vt 0.32917 0.975
vt 0.3625 0.975
vt 0.3625 0.775
vt 0.32917 0.775
vt 0.3625 0.975
vt 0.2625 0.775
vt 0.2625 0.975
vt 0.29583 0.775
vt 0.2625 0.975
vt 0.29583 0.975
vt 0.29583 0.775
vt 0.29583 0.775
vt 0.29583 0.975
vt 0.32917 0.775
vt 0.29583 0.975
vt 0.32917 0.975
vt 0.32917 0.775
vt 0.32917 0.775
vt 0.32917 0.975
vt 0.3625 0.775
vt 0.32917 0.975
vt 0.3625 0.975
vt 0.3625 0.775
vt 0.2625 0.775
vt 0.2625 0.975
vt 0.29583 0.775
vt 0.2625 0.975
vt 0.29583 0.975
vt 0.29583 0.775
vt 0.29583 0.775
vt 0.29583 0.975
vt 0.32917 0.775
vt 0.29583 0.975
vt 0.32917 0.975
vt 0.32917 0.775
vt 0.32917 0.775
vt 0.32917 0.975
vt 0.3625 0.775
vt 0.32917 0.975
vt 0.3625 0.975
vt 0.3625 0.775
vt 0.5125 0.775
vt 0.5125 0.975
vt 0.54583 0.975
vt 0.54583 0.775
vt 0.5125 0.775
vt 0.54583 0.975
vt 0.54583 0.775
vt 0.54583 0.975
vt 0.57917 0.975
vt 0.57917 0.775
vt 0.54583 0.775
vt 0.57917 0.975
vt 0.57917 0.775
vt 0.57917 0.975
vt 0.6125 0.975
vt 0.6125 0.775
vt 0.57917 0.775
vt 0.6125 0.975
vt 0.5125 0.775
vt 0.5125 0.975
vt 0.54583 0.975
vt 0.54583 0.775
vt 0.5125 0.775
vt 0.54583 0.975
vt 0.54583 0.775
vt 0.54583 0.975
vt 0.57917 0.975
vt 0.57917 0.775
vt 0.54583 0.775
vt 0.57917 0.975
vt 0.57917 0.775
vt 0.57917 0.975
vt 0.6125 0.975
vt 0.6125 0.775
vt 0.57917 0.775
vt 0.6125 0.975
vt 0.5125 0.775
vt 0.5125 0.975
vt 0.54583 0.775
vt 0.5125 0.975
vt 0.54583 0.975
vt 0.54583 0.775
vt 0.54583 0.775
vt 0.54583 0.975
vt 0.57917 0.775
vt 0.54583 0.975
vt 0.57917 0.975
vt 0.57917 0.775
vt 0.57917 0.775
vt 0.57917 0.975
vt 0.6125 0.775
vt 0.57917 0.975
vt 0.6125 0.975
vt 0.6125 0.775
vt 0.5125 0.775
vt 0.5125 0.975
vt 0.54583 0.775
vt 0.5125 0.975
vt 0.54583 0.975
vt 0.54583 0.775
vt 0.54583 0.775
vt 0.54583 0.975
vt 0.57917 0.775
vt 0.54583 0.975
vt 0.57917 0.975
vt 0.57917 0.775
vt 0.57917 0.775
vt 0.57917 0.975
vt 0.6125 0.775
vt 0.57917 0.975
vt 0.6125 0.975
vt 0.6125 0.775
vt 0.6375 0.525
vt 0.6375 0.725
vt 0.67083 0.725
vt 0.67083 0.525
vt 0.6375 0.525
vt 0.67083 0.725
vt 0.67083 0.525
vt 0.67083 0.725
vt 0.70417 0.725
vt 0.70417 0.525
vt 0.67083 0.525
vt 0.70417 0.725
vt 0.70417 0.525
vt 0.70417 0.725
vt 0.7375 0.725
vt 0.7375 0.525
vt 0.70417 0.525
vt 0.7375 0.725
vt 0.6375 0.525
vt 0.6375 0.725
vt 0.67083 0.725
vt 0.67083 0.525
vt 0.6375 0.525
vt 0.67083 0.725
vt 0.67083 0.525
vt 0.67083 0.725
vt 0.70417 0.725
vt 0.70417 0.525
vt 0.67083 0.525
vt 0.70417 0.725
vt 0.70417 0.525
vt 0.70417 0.725
vt 0.7375 0.725
vt 0.7375 0.525
vt 0.70417 0.525
vt 0.7375 0.725
vt 0.6375 0.525
vt 0.6375 0.725
vt 0.67083 0.525
vt 0.6375 0.725
vt 0.67083 0.725
vt 0.67083 0.525
vt 0.67083 0.525
vt 0.67083 0.725
vt 0.70417 0.525
vt 0.67083 0.725
vt 0.70417 0.725
vt 0.70417 0.525
vt 0.70417 0.525
vt 0.70417 0.725
vt 0.7375 0.525
vt 0.70417 0.725
vt 0.7375 0.725
vt 0.7375 0.525
vt 0.6375 0.525
vt 0.6375 0.725
vt 0.67083 0.525
vt 0.6375 0.725
vt 0.67083 0.725
vt 0.67083 0.525
vt 0.67083 0.525
vt 0.67083 0.725
vt 0.70417 0.525
vt 0.67083 0.725
vt 0.70417 0.725
vt 0.70417 0.525
vt 0.70417 0.525
vt 0.70417 0.725
vt 0.7375 0.525
vt 0.70417 0.725
vt 0.7375 0.725
vt 0.7375 0.525
vt 0.1375 0.275
vt 0.1375 0.475
vt 0.17083 0.475
vt 0.17083 0.275
vt 0.1375 0.275
vt 0.17083 0.475
vt 0.17083 0.275
vt 0.17083 0.475
vt 0.20417 0.475
vt 0.20417 0.275
vt 0.17083 0.275
vt 0.20417 0.475
vt 0.20417 0.275
vt 0.20417 0.475
vt 0.2375 0.475
vt 0.2375 0.275
vt 0.20417 0.275
vt 0.2375 0.475
vt 0.1375 0.275
vt 0.1375 0.475
vt 0.17083 0.475
vt 0.17083 0.275
vt 0.1375 0.275
vt 0.17083 0.475
vt 0.17083 0.275
vt 0.17083 0.475
vt 0.20417 0.475
vt 0.20417 0.275
vt 0.17083 0.275
vt 0.20417 0.475
vt 0.20417 0.275
vt 0.20417 0.475
vt 0.2375 0.475
vt 0.2375 0.275
vt 0.20417 0.275
vt 0.2375 0.475
vt 0.1375 0.275
vt 0.1375 0.475
vt 0.17083 0.275
vt 0.1375 0.475
vt 0.17083 0.475
vt 0.17083 0.275
vt 0.17083 0.275
vt 0.17083 0.475
vt 0.20417 0.275
vt 0.17083 0.475
vt 0.20417 0.475
vt 0.20417 0.275
vt 0.20417 0.275
vt 0.20417 0.475
vt 0.2375 0.275
vt 0.20417 0.475
vt 0.2375 0.475
vt 0.2375 0.275
vt 0.1375 0.275
vt 0.1375 0.475
vt 0.17083 0.275
vt 0.1375 0.475
vt 0.17083 0.475
vt 0.17083 0.275
vt 0.17083 0.275
vt 0.17083 0.475
vt 0.20417 0.275
vt 0.17083 0.475
vt 0.20417 0.475
vt 0.20417 0.275
vt 0.20417 0.275
vt 0.20417 0.475
vt 0.2375 0.275
vt 0.20417 0.475
vt 0.2375 0.475
vt 0.2375 0.275
vt 0.94792 0.025
vt 0.94792 0.225
vt 0.94792 0.225
vt 0.94792 0.025
vt 0.94792 0.025
vt 0.94792 0.225
vt 0.94792 0.025
vt 0.94792 0.225
vt 0.94792 0.225
vt 0.94792 0.025
vt 0.94792 0.025
vt 0.94792 0.225
vt 0.94792 0.025
vt 0.94792 0.225
vt 0.94792 0.225
vt 0.94792 0.025
vt 0.94792 0.025
vt 0.94792 0.225
vt 0.94792 0.025
vt 0.94792 0.225
vt 0.94792 0.225
vt 0.94792 0.025
vt 0.94792 0.025
vt 0.94792 0.225
vt 0.94792 0.025
vt 0.94792 0.225
vt 0.94792 0.225
vt 0.94792 0.025
vt 0.94792 0.025
vt 0.94792 0.225
vt 0.94792 0.025
vt 0.94792 0.225
vt 0.94792 0.225
vt 0.94792 0.025
vt 0.94792 0.025
vt 0.94792 0.225
vt 0.94792 0.025
vt 0.94792 0.225
vt 0.94792 0.025
vt 0.94792 0.225
vt 0.94792 0.225
vt 0.94792 0.025
vt 0.94792 0.025
vt 0.94792 0.225
vt 0.94792 0.025
vt 0.94792 0.225
vt 0.94792 0.225
vt 0.94792 0.025
vt 0.94792 0.025
vt 0.94792 0.225
vt 0.94792 0.025
vt 0.94792 0.225
vt 0.94792 0.225
vt 0.94792 0.025
vt 0.94792 0.025
vt 0.94792 0.225
vt 0.94792 0.025
vt 0.94792 0.225
vt 0.94792 0.225
vt 0.94792 0.025
vt 0.94792 0.025
vt 0.94792 0.225
vt 0.94792 0.025
vt 0.94792 0.225
vt 0.94792 0.225
vt 0.94792 0.025
vt 0.94792 0.025
vt 0.94792 0.225
vt 0.94792 0.025
vt 0.94792 0.225
vt 0.94792 0.225
vt 0.94792 0.025
vt 0.2625 0.275
vt 0.2625 0.475
vt 0.29583 0.475
vt 0.29583 0.275
vt 0.2625 0.275
vt 0.29583 0.475
vt 0.29583 0.275
vt 0.29583 0.475
vt 0.32917 0.475
vt 0.32917 0.275
vt 0.29583 0.275
vt 0.32917 0.475
vt 0.32917 0.275
vt 0.32917 0.475
vt 0.3625 0.475
vt 0.3625 0.275
vt 0.32917 0.275
vt 0.3625 0.475
vt 0.2625 0.275
vt 0.2625 0.475
vt 0.29583 0.475
vt 0.29583 0.275
vt 0.2625 0.275
vt 0.29583 0.475
vt 0.29583 0.275
vt 0.29583 0.475
vt 0.32917 0.475
vt 0.32917 0.275
vt 0.29583 0.275
vt 0.32917 0.475
vt 0.32917 0.275
vt 0.32917 0.475
vt 0.3625 0.475
vt 0.3625 0.275
vt 0.32917 0.275
vt 0.3625 0.475
vt 0.2625 0.275
vt 0.2625 0.475
vt 0.29583 0.275
vt 0.2625 0.475
vt 0.29583 0.475
vt 0.29583 0.275
vt 0.29583 0.275
vt 0.29583 0.475
vt 0.32917 0.275
vt 0.29583 0.475
vt 0.32917 0.475
vt 0.32917 0.275
vt 0.32917 0.275
vt 0.32917 0.475
vt 0.3625 0.275
vt 0.32917 0.475
vt 0.3625 0.475
vt 0.3625 0.275
vt 0.2625 0.275
vt 0.2625 0.475
vt 0.29583 0.275
vt 0.2625 0.475
vt 0.29583 0.475
vt 0.29583 0.275
vt 0.29583 0.275
vt 0.29583 0.475
vt 0.32917 0.275
vt 0.29583 0.475
vt 0.32917 0.475
vt 0.32917 0.275
vt 0.32917 0.275
vt 0.32917 0.475
vt 0.3625 0.275
vt 0.32917 0.475
vt 0.3625 0.475
vt 0.3625 0.275
vt 0.5125 0.775
vt 0.5125 0.975
vt 0.54583 0.975
vt 0.54583 0.775
vt 0.5125 0.775
vt 0.54583 0.975
vt 0.54583 0.775
vt 0.54583 0.975
vt 0.57917 0.975
vt 0.57917 0.775
vt 0.54583 0.775
vt 0.57917 0.975
vt 0.57917 0.775
vt 0.57917 0.975
vt 0.6125 0.975
vt 0.6125 0.775
vt 0.57917 0.775
vt 0.6125 0.975
vt 0.5125 0.775
vt 0.5125 0.975
vt 0.54583 0.975
vt 0.54583 0.775
vt 0.5125 0.775
vt 0.54583 0.975
vt 0.54583 0.775
vt 0.54583 0.975
vt 0.57917 0.975
vt 0.57917 0.775
vt 0.54583 0.775
vt 0.57917 0.975
vt 0.57917 0.775
vt 0.57917 0.975
vt 0.6125 0.975
vt 0.6125 0.775
vt 0.57917 0.775
vt 0.6125 0.975
vt 0.5125 0.775
vt 0.5125 0.975
vt 0.54583 0.775
vt 0.5125 0.975
vt 0.54583 0.975
vt 0.54583 0.775
vt 0.54583 0.775
vt 0.54583 0.975
vt 0.57917 0.775
vt 0.54583 0.975
vt 0.57917 0.975
vt 0.57917 0.775
vt 0.57917 0.775
vt 0.57917 0.975
vt 0.6125 0.775
vt 0.57917 0.975
vt 0.6125 0.975
vt 0.6125 0.775
vt 0.5125 0.775
vt 0.5125 0.975
vt 0.54583 0.775
vt 0.5125 0.975
vt 0.54583 0.975
vt 0.54583 0.775
vt 0.54583 0.775
vt 0.54583 0.975
vt 0.57917 0.775
vt 0.54583 0.975
vt 0.57917 0.975
vt 0.57917 0.775
vt 0.57917 0.775
vt 0.57917 0.975
vt 0.6125 0.775
vt 0.57917 0.975
vt 0.6125 0.975
vt 0.6125 0.775
vt 0.2625 0.775
vt 0.2625 0.975
vt 0.29583 0.975
vt 0.29583 0.775
vt 0.2625 0.775
vt 0.29583 0.975
vt 0.29583 0.775
vt 0.29583 0.975
vt 0.32917 0.975
vt 0.32917 0.775
vt 0.29583 0.775
vt 0.32917 0.975
vt 0.32917 0.775
vt 0.32917 0.975
vt 0.3625 0.975
vt 0.3625 0.775
vt 0.32917 0.775
vt 0.3625 0.975
vt 0.2625 0.775
vt 0.2625 0.975
vt 0.29583 0.975
vt 0.29583 0.775
vt 0.2625 0.775
vt 0.29583 0.975
vt 0.29583 0.775
vt 0.29583 0.975
vt 0.32917 0.975
vt 0.32917 0.775
vt 0.29583 0.775
vt 0.32917 0.975
vt 0.32917 0.775
vt 0.32917 0.975
vt 0.3625 0.975
vt 0.3625 0.775
vt 0.32917 0.775
vt 0.3625 0.975
vt 0.2625 0.775
vt 0.2625 0.975
vt 0.29583 0.775
vt 0.2625 0.975
vt 0.29583 0.975
vt 0.29583 0.775
vt 0.29583 0.775
vt 0.29583 0.975
vt 0.32917 0.775
vt 0.29583 0.975
vt 0.32917 0.975
vt 0.32917 0.775
vt 0.32917 0.775
vt 0.32917 0.975
vt 0.3625 0.775
vt 0.32917 0.975
vt 0.3625 0.975
vt 0.3625 0.775
vt 0.2625 0.775
vt 0.2625 0.975
vt 0.29583 0.775
vt 0.2625 0.975
vt 0.29583 0.975
vt 0.29583 0.775
vt 0.29583 0.775
vt 0.29583 0.975
vt 0.32917 0.775
vt 0.29583 0.975
vt 0.32917 0.975
vt 0.32917 0.775
vt 0.32917 0.775
vt 0.32917 0.975
vt 0.3625 0.775
vt 0.32917 0.975
vt 0.3625 0.975
vt 0.3625 0.775
vt 0.5125 0.775
vt 0.5125 0.975
vt 0.54583 0.975
vt 0.54583 0.775
vt 0.5125 0.775
vt 0.54583 0.975
vt 0.54583 0.775
vt 0.54583 0.975
vt 0.57917 0.975
vt 0.57917 0.775
vt 0.54583 0.775
vt 0.57917 0.975
vt 0.57917 0.775
vt 0.57917 0.975
vt 0.6125 0.975
vt 0.6125 0.775
vt 0.57917 0.775
vt 0.6125 0.975
vt 0.5125 0.775
vt 0.5125 0.975
vt 0.54583 0.975
vt 0.54583 0.775
vt 0.5125 0.775
vt 0.54583 0.975
vt 0.54583 0.775
vt 0.54583 0.975
vt 0.57917 0.975
vt 0.57917 0.775
vt 0.54583 0.775
vt 0.57917 0.975
vt 0.57917 0.775
vt 0.57917 0.975
vt 0.6125 0.975
vt 0.6125 0.775
vt 0.57917 0.775
vt 0.6125 0.975
vt 0.5125 0.775
vt 0.5125 0.975
vt 0.54583 0.775
vt 0.5125 0.975
vt 0.54583 0.975
vt 0.54583 0.775
vt 0.54583 0.775
vt 0.54583 0.975
vt 0.57917 0.775
vt 0.54583 0.975
vt 0.57917 0.975
vt 0.57917 0.775
vt 0.57917 0.775
vt 0.57917 0.975
vt 0.6125 0.775
vt 0.57917 0.975
vt 0.6125 0.975
vt 0.6125 0.775
vt 0.5125 0.775
vt 0.5125 0.975
vt 0.54583 0.775
vt 0.5125 0.975
vt 0.54583 0.975
vt 0.54583 0.775
vt 0.54583 0.775
vt 0.54583 0.975
vt 0.57917 0.775
vt 0.54583 0.975
vt 0.57917 0.975
vt 0.57917 0.775
vt 0.57917 0.775
vt 0.57917 0.975
vt 0.6125 0.775
vt 0.57917 0.975
vt 0.6125 0.975
vt 0.6125 0.775
vt 0.6375 0.525
vt 0.6375 0.725
vt 0.67083 0.725
vt 0.67083 0.525
vt 0.6375 0.525
vt 0.67083 0.725
vt 0.67083 0.525
vt 0.67083 0.725
vt 0.70417 0.725
vt 0.70417 0.525
vt 0.67083 0.525
vt 0.70417 0.725
vt 0.70417 0.525
vt 0.70417 0.725
vt 0.7375 0.725
vt 0.7375 0.525
vt 0.70417 0.525
vt 0.7375 0.725
vt 0.6375 0.525
vt 0.6375 0.725
vt 0.67083 0.725
vt 0.67083 0.525
vt 0.6375 0.525
vt 0.67083 0.725
vt 0.67083 0.525
vt 0.67083 0.725
vt 0.70417 0.725
vt 0.70417 0.525
vt 0.67083 0.525
vt 0.70417 0.725
vt 0.70417 0.525
vt 0.70417 0.725
vt 0.7375 0.725
vt 0.7375 0.525
vt 0.70417 0.525
vt 0.7375 0.725
vt 0.6375 0.525
vt 0.6375 0.725
vt 0.67083 0.525
vt 0.6375 0.725
vt 0.67083 0.725
vt 0.67083 0.525
vt 0.67083 0.525
vt 0.67083 0.725
vt 0.70417 0.525
vt 0.67083 0.725
vt 0.70417 0.725
vt 0.70417 0.525
vt 0.70417 0.525
vt 0.70417 0.725
vt 0.7375 0.525
vt 0.70417 0.725
vt 0.7375 0.725
vt 0.7375 0.525
vt 0.6375 0.525
vt 0.6375 0.725
vt 0.67083 0.525
vt 0.6375 0.725
vt 0.67083 0.725
vt 0.67083 0.525
vt 0.67083 0.525
vt 0.67083 0.725
vt 0.70417 0.525
vt 0.67083 0.725
vt 0.70417 0.725
vt 0.70417 0.525
vt 0.70417 0.525
vt 0.70417 0.725
vt 0.7375 0.525
vt 0.70417 0.725
vt 0.7375 0.725
vt 0.7375 0.525
vt 0.1375 0.275
vt 0.1375 0.475
vt 0.17083 0.475
vt 0.17083 0.275
vt 0.1375 0.275
vt 0.17083 0.475
vt 0.17083 0.275
vt 0.17083 0.475
vt 0.20417 0.475
vt 0.20417 0.275
vt 0.17083 0.275
vt 0.20417 0.475
vt 0.20417 0.275
vt 0.20417 0.475
vt 0.2375 0.475
vt 0.2375 0.275
vt 0.20417 0.275
vt 0.2375 0.475
vt 0.1375 0.275
vt 0.1375 0.475
vt 0.17083 0.475
vt 0.17083 0.275
vt 0.1375 0.275
vt 0.17083 0.475
vt 0.17083 0.275
vt 0.17083 0.475
vt 0.20417 0.475
vt 0.20417 0.275
vt 0.17083 0.275
vt 0.20417 0.475
vt 0.20417 0.275
vt 0.20417 0.475
vt 0.2375 0.475
vt 0.2375 0.275
vt 0.20417 0.275
vt 0.2375 0.475
vt 0.1375 0.275
vt 0.1375 0.475
vt 0.17083 0.275
vt 0.1375 0.475
vt 0.17083 0.475
vt 0.17083 0.275
vt 0.17083 0.275
vt 0.17083 0.475
vt 0.20417 0.275
vt 0.17083 0.475
vt 0.20417 0.475
vt 0.20417 0.275
vt 0.20417 0.275
vt 0.20417 0.475
vt 0.2375 0.275
vt 0.20417 0.475
vt 0.2375 0.475
vt 0.2375 0.275
vt 0.1375 0.275
vt 0.1375 0.475
vt 0.17083 0.275
vt 0.1375 0.475
vt 0.17083 0.475
vt 0.17083 0.275
vt 0.17083 0.275
vt 0.17083 0.475
vt 0.20417 0.275
vt 0.17083 0.475
vt 0.20417 0.475
vt 0.20417 0.275
vt 0.20417 0.275
vt 0.20417 0.475
vt 0.2375 0.275
vt 0.20417 0.475
vt 0.2375 0.475
vt 0.2375 0.275
vt 0.1375 0.275
vt 0.1375 0.475
vt 0.2375 0.475
vt 0.2375 0.275
vt 0.1375 0.275
vt 0.2375 0.475
vt 0.1375 0.275
vt 0.1375 0.475
vt 0.2375 0.475
vt 0.2375 0.275
vt 0.1375 0.275
vt 0.2375 0.475
vt 0.1375 0.275
vt 0.1375 0.475
vt 0.2375 0.475
vt 0.2375 0.275
vt 0.1375 0.275
vt 0.2375 0.475
vt 0.1375 0.275
vt 0.1375 0.475
vt 0.2375 0.475
vt 0.2375 0.275
vt 0.1375 0.275
vt 0.2375 0.475
vt 0.1375 0.275
vt 0.1375 0.475
vt 0.2375 0.275
vt 0.1375 0.475
vt 0.2375 0.475
vt 0.2375 0.275
vt 0.1375 0.275
vt 0.1375 0.475
vt 0.2375 0.275
vt 0.1375 0.475
vt 0.2375 0.475
vt 0.2375 0.275
vt 0.1375 0.275
vt 0.1375 0.475
vt 0.2375 0.275
vt 0.1375 0.475
vt 0.2375 0.475
vt 0.2375 0.275
vt 0.1375 0.275
vt 0.1375 0.475
vt 0.2375 0.275
vt 0.1375 0.475
vt 0.2375 0.475
vt 0.2375 0.275
vt 0.5125 0.775
vt 0.5125 0.975
vt 0.5625 0.975
vt 0.5625 0.775
vt 0.5125 0.775
vt 0.5625 0.975
vt 0.5625 0.775
vt 0.5625 0.975
vt 0.6125 0.975
vt 0.6125 0.775
vt 0.5625 0.775
vt 0.6125 0.975
vt 0.5125 0.775
vt 0.5125 0.975
vt 0.5625 0.975
vt 0.5625 0.775
vt 0.5125 0.775
vt 0.5625 0.975
vt 0.5625 0.775
vt 0.5625 0.975
vt 0.6125 0.975
vt 0.6125 0.775
vt 0.5625 0.775
vt 0.6125 0.975
vt 0.5125 0.775
vt 0.5125 0.975
vt 0.5625 0.775
vt 0.5125 0.975
vt 0.5625 0.975
vt 0.5625 0.775
vt 0.5625 0.775
vt 0.5625 0.975
vt 0.6125 0.775
vt 0.5625 0.975
vt 0.6125 0.975
vt 0.6125 0.775
vt 0.5125 0.775
vt 0.5125 0.975
vt 0.5625 0.775
vt 0.5125 0.975
vt 0.5625 0.975
vt 0.5625 0.775
vt 0.5625 0.775
vt 0.5625 0.975
vt 0.6125 0.775
vt 0.5625 0.975
vt 0.6125 0.975
vt 0.6125 0.775
vt 0.2625 0.775
vt 0.2625 0.975
vt 0.3625 0.975
vt 0.3625 0.775
vt 0.2625 0.775
vt 0.3625 0.975
vt 0.2625 0.775
vt 0.2625 0.975
vt 0.3625 0.975
vt 0.3625 0.775
vt 0.2625 0.775
vt 0.3625 0.975
vt 0.2625 0.775
vt 0.2625 0.975
vt 0.3625 0.975
vt 0.3625 0.775
vt 0.2625 0.775
vt 0.3625 0.975
vt 0.2625 0.775
vt 0.2625 0.975
vt 0.3625 0.975
vt 0.3625 0.775
vt 0.2625 0.775
vt 0.3625 0.975
vt 0.2625 0.775
vt 0.2625 0.975
vt 0.3625 0.775
vt 0.2625 0.975
vt 0.3625 0.975
vt 0.3625 0.775
vt 0.2625 0.775
vt 0.2625 0.975
vt 0.3625 0.775
vt 0.2625 0.975
vt 0.3625 0.975
vt 0.3625 0.775
vt 0.2625 0.775
vt 0.2625 0.975
vt 0.3625 0.775
vt 0.2625 0.975
vt 0.3625 0.975
vt 0.3625 0.775
vt 0.2625 0.775
vt 0.2625 0.975
vt 0.3625 0.775
vt 0.2625 0.975
vt 0.3625 0.975
vt 0.3625 0.775
vt 0.6375 0.525
vt 0.6375 0.725
vt 0.7375 0.725
vt 0.7375 0.525
vt 0.6375 0.525
vt 0.7375 0.725
vt 0.6375 0.525
vt 0.6375 0.725
vt 0.7375 0.725
vt 0.7375 0.525
vt 0.6375 0.525
vt 0.7375 0.725
vt 0.6375 0.525
vt 0.6375 0.725
vt 0.7375 0.725
vt 0.7375 0.525
vt 0.6375 0.525
vt 0.7375 0.725
vt 0.6375 0.525
vt 0.6375 0.725
vt 0.7375 0.725
vt 0.7375 0.525
vt 0.6375 0.525
vt 0.7375 0.725
vt 0.6375 0.525
vt 0.6375 0.725
vt 0.7375 0.525
vt 0.6375 0.725
vt 0.7375 0.725
vt 0.7375 0.525
vt 0.6375 0.525
vt 0.6375 0.725
vt 0.7375 0.525
vt 0.6375 0.725
vt 0.7375 0.725
vt 0.7375 0.525
vt 0.6375 0.525
vt 0.6375 0.725
vt 0.7375 0.525
vt 0.6375 0.725
vt 0.7375 0.725
vt 0.7375 0.525
vt 0.6375 0.525
vt 0.6375 0.725
vt 0.7375 0.525
vt 0.6375 0.725
vt 0.7375 0.725
vt 0.7375 0.525
vt 0.94792 0.025
vt 0.94792 0.225
vt 0.94792 0.225
vt 0.94792 0.025
vt 0.94792 0.025
vt 0.94792 0.225
vt 0.94792 0.025
vt 0.94792 0.225
vt 0.94792 0.225
vt 0.94792 0.025
vt 0.94792 0.025
vt 0.94792 0.225
vt 0.94792 0.025
vt 0.94792 0.225
vt 0.94792 0.225
vt 0.94792 0.025
vt 0.94792 0.025
vt 0.94792 0.225
vt 0.94792 0.025
vt 0.94792 0.225
vt 0.94792 0.225
vt 0.94792 0.025
vt 0.94792 0.025
vt 0.94792 0.225
vt 0.94792 0.025
vt 0.94792 0.225
vt 0.94792 0.025
vt 0.94792 0.225
vt 0.94792 0.225
vt 0.94792 0.025
vt 0.94792 0.025
vt 0.94792 0.225
vt 0.94792 0.025
vt 0.94792 0.225
vt 0.94792 0.225
vt 0.94792 0.025
vt 0.94792 0.025
vt 0.94792 0.225
vt 0.94792 0.025
vt 0.94792 0.225
vt 0.94792 0.225
vt 0.94792 0.025
vt 0.94792 0.025
vt 0.94792 0.225
vt 0.94792 0.025
vt 0.94792 0.225
vt 0.94792 0.225
vt 0.94792 0.025
vt 0.0125 0.525
vt 0.0125 0.725
vt 0.1125 0.725
vt 0.1125 0.525
vt 0.0125 0.525
vt 0.1125 0.725
vt 0.0125 0.525
vt 0.0125 0.725
vt 0.1125 0.725
vt 0.1125 0.525
vt 0.0125 0.525
vt 0.1125 0.725
vt 0.0125 0.525
vt 0.0125 0.725
vt 0.1125 0.725
vt 0.1125 0.525
vt 0.0125 0.525
vt 0.1125 0.725
vt 0.0125 0.525
vt 0.0125 0.725
vt 0.1125 0.725
vt 0.1125 0.525
vt 0.0125 0.525
vt 0.1125 0.725
vt 0.0125 0.525
vt 0.0125 0.725
vt 0.1125 0.525
vt 0.0125 0.725
vt 0.1125 0.725
vt 0.1125 0.525
vt 0.0125 0.525
vt 0.0125 0.725
vt 0.1125 0.525
vt 0.0125 0.725
vt 0.1125 0.725
vt 0.1125 0.525
vt 0.0125 0.525
vt 0.0125 0.725
vt 0.1125 0.525
vt 0.0125 0.725
vt 0.1125 0.725
vt 0.1125 0.525
vt 0.0125 0.525
vt 0.0125 0.725
vt 0.1125 0.525
vt 0.0125 0.725
vt 0.1125 0.725
vt 0.1125 0.525
vt 0.2625 0.775
vt 0.2625 0.975
vt 0.3625 0.975
vt 0.3625 0.775
vt 0.2625 0.775
vt 0.3625 0.975
vt 0.2625 0.775
vt 0.2625 0.975
vt 0.3625 0.975
vt 0.3625 0.775
vt 0.2625 0.775
vt 0.3625 0.975
vt 0.2625 0.775
vt 0.2625 0.975
vt 0.3625 0.975
vt 0.3625 0.775
vt 0.2625 0.775
vt 0.3625 0.975
vt 0.2625 0.775
vt 0.2625 0.975
vt 0.3625 0.975
vt 0.3625 0.775
vt 0.2625 0.775
vt 0.3625 0.975
vt 0.2625 0.775
vt 0.2625 0.975
vt 0.3625 0.775
vt 0.2625 0.975
vt 0.3625 0.975
vt 0.3625 0.775
vt 0.2625 0.775
vt 0.2625 0.975
vt 0.3625 0.775
vt 0.2625 0.975
vt 0.3625 0.975
vt 0.3625 0.775
vt 0.2625 0.775
vt 0.2625 0.975
vt 0.3625 0.775
vt 0.2625 0.975
vt 0.3625 0.975
vt 0.3625 0.775
vt 0.2625 0.775
vt 0.2625 0.975
vt 0.3625 0.775
vt 0.2625 0.975
vt 0.3625 0.975
vt 0.3625 0.775
vt 0.2625 0.525
vt 0.2625 0.725
vt 0.3125 0.725
vt 0.3125 0.525
vt 0.2625 0.525
vt 0.3125 0.725
vt 0.3125 0.525
vt 0.3125 0.725
vt 0.3625 0.725
vt 0.3625 0.525
vt 0.3125 0.525
vt 0.3625 0.725
vt 0.2625 0.525
vt 0.2625 0.725
vt 0.3125 0.725
vt 0.3125 0.525
vt 0.2625 0.525
vt 0.3125 0.725
vt 0.3125 0.525
vt 0.3125 0.725
vt 0.3625 0.725
vt 0.3625 0.525
vt 0.3125 0.525
vt 0.3625 0.725
vt 0.2625 0.525
vt 0.2625 0.725
vt 0.3125 0.525
vt 0.2625 0.725
vt 0.3125 0.725
vt 0.3125 0.525
vt 0.3125 0.525
vt 0.3125 0.725
vt 0.3625 0.525
vt 0.3125 0.725
vt 0.3625 0.725
vt 0.3625 0.525
vt 0.2625 0.525
vt 0.2625 0.725
vt 0.3125 0.525
vt 0.2625 0.725
vt 0.3125 0.725
vt 0.3125 0.525
vt 0.3125 0.525
vt 0.3125 0.725
vt 0.3625 0.525
vt 0.3125 0.725
vt 0.3625 0.725
vt 0.3625 0.525
vt 0.94792 0.025
vt 0.94792 0.225
vt 0.94792 0.225
vt 0.94792 0.025
vt 0.94792 0.025
vt 0.94792 0.225
vt 0.94792 0.025
vt 0.94792 0.225
vt 0.94792 0.225
vt 0.94792 0.025
vt 0.94792 0.025
vt 0.94792 0.225
vt 0.94792 0.025
vt 0.94792 0.225
vt 0.94792 0.225
vt 0.94792 0.025
vt 0.94792 0.025
vt 0.94792 0.225
vt 0.94792 0.025
vt 0.94792 0.225
vt 0.94792 0.225
vt 0.94792 0.025
vt 0.94792 0.025
vt 0.94792 0.225
vt 0.94792 0.025
vt 0.94792 0.225
vt 0.94792 0.025
vt 0.94792 0.225
vt 0.94792 0.225
vt 0.94792 0.025
vt 0.94792 0.025
vt 0.94792 0.225
vt 0.94792 0.025
vt 0.94792 0.225
vt 0.94792 0.225
vt 0.94792 0.025
vt 0.94792 0.025
vt 0.94792 0.225
vt 0.94792 0.025
vt 0.94792 0.225
vt 0.94792 0.225
vt 0.94792 0.025
vt 0.94792 0.025
vt 0.94792 0.225
vt 0.94792 0.025
vt 0.94792 0.225
vt 0.94792 0.225
vt 0.94792 0.025
vt 0.1375 0.275
vt 0.1375 0.475
vt 0.2375 0.475
vt 0.2375 0.275
vt 0.1375 0.275
vt 0.2375 0.475
vt 0.1375 0.275
vt 0.1375 0.475
vt 0.2375 0.475
vt 0.2375 0.275
vt 0.1375 0.275
vt 0.2375 0.475
vt 0.1375 0.275
vt 0.1375 0.475
vt 0.2375 0.475
vt 0.2375 0.275
vt 0.1375 0.275
vt 0.2375 0.475
vt 0.1375 0.275
vt 0.1375 0.475
vt 0.2375 0.475
vt 0.2375 0.275
vt 0.1375 0.275
vt 0.2375 0.475
vt 0.1375 0.275
vt 0.1375 0.475
vt 0.2375 0.275
vt 0.1375 0.475
vt 0.2375 0.475
vt 0.2375 0.275
vt 0.1375 0.275
vt 0.1375 0.475
vt 0.2375 0.275
vt 0.1375 0.475
vt 0.2375 0.475
vt 0.2375 0.275
vt 0.1375 0.275
vt 0.1375 0.475
vt 0.2375 0.275
vt 0.1375 0.475
vt 0.2375 0.475
vt 0.2375 0.275
vt 0.1375 0.275
vt 0.1375 0.475
vt 0.2375 0.275
vt 0.1375 0.475
vt 0.2375 0.475
vt 0.2375 0.275
vt 0.5125 0.775
vt 0.5125 0.975
vt 0.5625 0.975
vt 0.5625 0.775
vt 0.5125 0.775
vt 0.5625 0.975
vt 0.5625 0.775
vt 0.5625 0.975
vt 0.6125 0.975
vt 0.6125 0.775
vt 0.5625 0.775
vt 0.6125 0.975
vt 0.5125 0.775
vt 0.5125 0.975
vt 0.5625 0.975
vt 0.5625 0.775
vt 0.5125 0.775
vt 0.5625 0.975
vt 0.5625 0.775
vt 0.5625 0.975
vt 0.6125 0.975
vt 0.6125 0.775
vt 0.5625 0.775
vt 0.6125 0.975
vt 0.5125 0.775
vt 0.5125 0.975
vt 0.5625 0.775
vt 0.5125 0.975
vt 0.5625 0.975
vt 0.5625 0.775
vt 0.5625 0.775
vt 0.5625 0.975
vt 0.6125 0.775
vt 0.5625 0.975
vt 0.6125 0.975
vt 0.6125 0.775
vt 0.5125 0.775
vt 0.5125 0.975
vt 0.5625 0.775
vt 0.5125 0.975
vt 0.5625 0.975
vt 0.5625 0.775
vt 0.5625 0.775
vt 0.5625 0.975
vt 0.6125 0.775
vt 0.5625 0.975
vt 0.6125 0.975
vt 0.6125 0.775
vt 0.2625 0.775
vt 0.2625 0.975
vt 0.3625 0.975
vt 0.3625 0.775
vt 0.2625 0.775
vt 0.3625 0.975
vt 0.2625 0.775
vt 0.2625 0.975
vt 0.3625 0.975
vt 0.3625 0.775
vt 0.2625 0.775
vt 0.3625 0.975
vt 0.2625 0.775
vt 0.2625 0.975
vt 0.3625 0.975
vt 0.3625 0.775
vt 0.2625 0.775
vt 0.3625 0.975
vt 0.2625 0.775
vt 0.2625 0.975
vt 0.3625 0.975
vt 0.3625 0.775
vt 0.2625 0.775
vt 0.3625 0.975
vt 0.2625 0.775
vt 0.2625 0.975
vt 0.3625 0.775
vt 0.2625 0.975
vt 0.3625 0.975
vt 0.3625 0.775
vt 0.2625 0.775
vt 0.2625 0.975
vt 0.3625 0.775
vt 0.2625 0.975
vt 0.3625 0.975
vt 0.3625 0.775
vt 0.2625 0.775
vt 0.2625 0.975
vt 0.3625 0.775
vt 0.2625 0.975
vt 0.3625 0.975
vt 0.3625 0.775
vt 0.2625 0.775
vt 0.2625 0.975
vt 0.3625 0.775
vt 0.2625 0.975
vt 0.3625 0.975
vt 0.3625 0.775
vt 0.6375 0.525
vt 0.6375 0.725
vt 0.7375 0.725
vt 0.7375 0.525
vt 0.6375 0.525
vt 0.7375 0.725
vt 0.6375 0.525
vt 0.6375 0.725
vt 0.7375 0.725
vt 0.7375 0.525
vt 0.6375 0.525
vt 0.7375 0.725
vt 0.6375 0.525
vt 0.6375 0.725
vt 0.7375 0.725
vt 0.7375 0.525
vt 0.6375 0.525
vt 0.7375 0.725
vt 0.6375 0.525
vt 0.6375 0.725
vt 0.7375 0.725
vt 0.7375 0.525
vt 0.6375 0.525
vt 0.7375 0.725
vt 0.6375 0.525
vt 0.6375 0.725
vt 0.7375 0.525
vt 0.6375 0.725
vt 0.7375 0.725
vt 0.7375 0.525
vt 0.6375 0.525
vt 0.6375 0.725
vt 0.7375 0.525
vt 0.6375 0.725
vt 0.7375 0.725
vt 0.7375 0.525
vt 0.6375 0.525
vt 0.6375 0.725
vt 0.7375 0.525
vt 0.6375 0.725
vt 0.7375 0.725
vt 0.7375 0.525
vt 0.6375 0.525
vt 0.6375 0.725
vt 0.7375 0.525
vt 0.6375 0.725
vt 0.7375 0.725
vt 0.7375 0.525
vt 0.94792 0.025
vt 0.94792 0.225
vt 0.94792 0.225
vt 0.94792 0.025
vt 0.94792 0.025
vt 0.94792 0.225
vt 0.94792 0.025
vt 0.94792 0.225
vt 0.94792 0.225
vt 0.94792 0.025
vt 0.94792 0.025
vt 0.94792 0.225
vt 0.94792 0.025
vt 0.94792 0.225
vt 0.94792 0.225
vt 0.94792 0.025
vt 0.94792 0.025
vt 0.94792 0.225
vt 0.94792 0.025
vt 0.94792 0.225
vt 0.94792 0.225
vt 0.94792 0.025
vt 0.94792 0.025
vt 0.94792 0.225
vt 0.94792 0.025
vt 0.94792 0.225
vt 0.94792 0.025
vt 0.94792 0.225
vt 0.94792 0.225
vt 0.94792 0.025
vt 0.94792 0.025
vt 0.94792 0.225
vt 0.94792 0.025
vt 0.94792 0.225
vt 0.94792 0.225
vt 0.94792 0.025
vt 0.94792 0.025
vt 0.94792 0.225
vt 0.94792 0.025
vt 0.94792 0.225
vt 0.94792 0.225
vt 0.94792 0.025
vt 0.94792 0.025
vt 0.94792 0.225
vt 0.94792 0.025
vt 0.94792 0.225
vt 0.94792 0.225
vt 0.94792 0.025
vt 0.0125 0.525
vt 0.0125 0.725
vt 0.1125 0.725
vt 0.1125 0.525
vt 0.0125 0.525
vt 0.1125 0.725
vt 0.0125 0.525
vt 0.0125 0.725
vt 0.1125 0.725
vt 0.1125 0.525
vt 0.0125 0.525
vt 0.1125 0.725
vt 0.0125 0.525
vt 0.0125 0.725
vt 0.1125 0.725
vt 0.1125 0.525
vt 0.0125 0.525
vt 0.1125 0.725
vt 0.0125 0.525
vt 0.0125 0.725
vt 0.1125 0.725
vt 0.1125 0.525
vt 0.0125 0.525
vt 0.1125 0.725
vt 0.0125 0.525
vt 0.0125 0.725
vt 0.1125 0.525
vt 0.0125 0.725
vt 0.1125 0.725
vt 0.1125 0.525
vt 0.0125 0.525
vt 0.0125 0.725
vt 0.1125 0.525
vt 0.0125 0.725
vt 0.1125 0.725
vt 0.1125 0.525
vt 0.0125 0.525
vt 0.0125 0.725
vt 0.1125 0.525
vt 0.0125 0.725
vt 0.1125 0.725
vt 0.1125 0.525
vt 0.0125 0.525
vt 0.0125 0.725
vt 0.1125 0.525
vt 0.0125 0.725
vt 0.1125 0.725
vt 0.1125 0.525
vt 0.2625 0.775
vt 0.2625 0.975
vt 0.3625 0.975
vt 0.3625 0.775
vt 0.2625 0.775
vt 0.3625 0.975
vt 0.2625 0.775
vt 0.2625 0.975
vt 0.3625 0.975
vt 0.3625 0.775
vt 0.2625 0.775
vt 0.3625 0.975
vt 0.2625 0.775
vt 0.2625 0.975
vt 0.3625 0.975
vt 0.3625 0.775
vt 0.2625 0.775
vt 0.3625 0.975
vt 0.2625 0.775
vt 0.2625 0.975
vt 0.3625 0.975
vt 0.3625 0.775
vt 0.2625 0.775
vt 0.3625 0.975
vt 0.2625 0.775
vt 0.2625 0.975
vt 0.3625 0.775
vt 0.2625 0.975
vt 0.3625 0.975
vt 0.3625 0.775
vt 0.2625 0.775
vt 0.2625 0.975
vt 0.3625 0.775
vt 0.2625 0.975
vt 0.3625 0.975
vt 0.3625 0.775
vt 0.2625 0.775
vt 0.2625 0.975
vt 0.3625 0.775
vt 0.2625 0.975
vt 0.3625 0.975
vt 0.3625 0.775
vt 0.2625 0.775
vt 0.2625 0.975
vt 0.3625 0.775
vt 0.2625 0.975
vt 0.3625 0.975
vt 0.3625 0.775
vt 0.2625 0.525
vt 0.2625 0.725
vt 0.3125 0.725
vt 0.3125 0.525
vt 0.2625 0.525
vt 0.3125 0.725
vt 0.3125 0.525
vt 0.3125 0.725
vt 0.3625 0.725
vt 0.3625 0.525
vt 0.3125 0.525
vt 0.3625 0.725
vt 0.2625 0.525
vt 0.2625 0.725
vt 0.3125 0.725
vt 0.3125 0.525
vt 0.2625 0.525
vt 0.3125 0.725
vt 0.3125 0.525
vt 0.3125 0.725
vt 0.3625 0.725
vt 0.3625 0.525
vt 0.3125 0.525
vt 0.3625 0.725
vt 0.2625 0.525
vt 0.2625 0.725
vt 0.3125 0.525
vt 0.2625 0.725
vt 0.3125 0.725
vt 0.3125 0.525
vt 0.3125 0.525
vt 0.3125 0.725
vt 0.3625 0.525
vt 0.3125 0.725
vt 0.3625 0.725
vt 0.3625 0.525
vt 0.2625 0.525
vt 0.2625 0.725
vt 0.3125 0.525
vt 0.2625 0.725
vt 0.3125 0.725
vt 0.3125 0.525
vt 0.3125 0.525
vt 0.3125 0.725
vt 0.3625 0.525
vt 0.3125 0.725
vt 0.3625 0.725
vt 0.3625 0.525
vt 0.94792 0.025
vt 0.94792 0.225
vt 0.94792 0.225
vt 0.94792 0.025
vt 0.94792 0.025
vt 0.94792 0.225
vt 0.94792 0.025
vt 0.94792 0.225
vt 0.94792 0.225
vt 0.94792 0.025
vt 0.94792 0.025
vt 0.94792 0.225
vt 0.94792 0.025
vt 0.94792 0.225
vt 0.94792 0.225
vt 0.94792 0.025
vt 0.94792 0.025
vt 0.94792 0.225
vt 0.94792 0.025
vt 0.94792 0.225
vt 0.94792 0.225
vt 0.94792 0.025
vt 0.94792 0.025
vt 0.94792 0.225
vt 0.94792 0.025
vt 0.94792 0.225
vt 0.94792 0.025
vt 0.94792 0.225
vt 0.94792 0.225
vt 0.94792 0.025
vt 0.94792 0.025
vt 0.94792 0.225
vt 0.94792 0.025
vt 0.94792 0.225
vt 0.94792 0.225
vt 0.94792 0.025
vt 0.94792 0.025
vt 0.94792 0.225
vt 0.94792 0.025
vt 0.94792 0.225
vt 0.94792 0.225
vt 0.94792 0.025
vt 0.94792 0.025
vt 0.94792 0.225
vt 0.94792 0.025
vt 0.94792 0.225
vt 0.94792 0.225
vt 0.94792 0.025
vt 0.5125 0.525
vt 0.5125 0.725
vt 0.6125 0.725
vt 0.6125 0.525
vt 0.5125 0.525
vt 0.6125 0.725
vt 0.5125 0.525
vt 0.5125 0.725
vt 0.6125 0.725
vt 0.6125 0.525
vt 0.5125 0.525
vt 0.6125 0.725
vt 0.5125 0.525
vt 0.5125 0.725
vt 0.6125 0.725
vt 0.6125 0.525
vt 0.5125 0.525
vt 0.6125 0.725
vt 0.5125 0.525
vt 0.5125 0.725
vt 0.6125 0.725
vt 0.6125 0.525
vt 0.5125 0.525
vt 0.6125 0.725
vt 0.5125 0.525
vt 0.5125 0.725
vt 0.6125 0.525
vt 0.5125 0.725
vt 0.6125 0.725
vt 0.6125 0.525
vt 0.5125 0.525
vt 0.5125 0.725
vt 0.6125 0.525
vt 0.5125 0.725
vt 0.6125 0.725
vt 0.6125 0.525
vt 0.5125 0.525
vt 0.5125 0.725
vt 0.6125 0.525
vt 0.5125 0.725
vt 0.6125 0.725
vt 0.6125 0.525
vt 0.5125 0.525
vt 0.5125 0.725
vt 0.6125 0.525
vt 0.5125 0.725
vt 0.6125 0.725
vt 0.6125 0.525
vt 0.2625 0.525
vt 0.2625 0.725
vt 0.3125 0.725
vt 0.3125 0.525
vt 0.2625 0.525
vt 0.3125 0.725
vt 0.3125 0.525
vt 0.3125 0.725
vt 0.3625 0.725
vt 0.3625 0.525
vt 0.3125 0.525
vt 0.3625 0.725
vt 0.2625 0.525
vt 0.2625 0.725
vt 0.3125 0.725
vt 0.3125 0.525
vt 0.2625 0.525
vt 0.3125 0.725
vt 0.3125 0.525
vt 0.3125 0.725
vt 0.3625 0.725
vt 0.3625 0.525
vt 0.3125 0.525
vt 0.3625 0.725
vt 0.2625 0.525
vt 0.2625 0.725
vt 0.3125 0.525
vt 0.2625 0.725
vt 0.3125 0.725
vt 0.3125 0.525
vt 0.3125 0.525
vt 0.3125 0.725
vt 0.3625 0.525
vt 0.3125 0.725
vt 0.3625 0.725
vt 0.3625 0.525
vt 0.2625 0.525
vt 0.2625 0.725
vt 0.3125 0.525
vt 0.2625 0.725
vt 0.3125 0.725
vt 0.3125 0.525
vt 0.3125 0.525
vt 0.3125 0.725
vt 0.3625 0.525
vt 0.3125 0.725
vt 0.3625 0.725
vt 0.3625 0.525
vt 0.5125 0.775
vt 0.5125 0.975
vt 0.6125 0.975
vt 0.6125 0.775
vt 0.5125 0.775
vt 0.6125 0.975
vt 0.5125 0.775
vt 0.5125 0.975
vt 0.6125 0.975
vt 0.6125 0.775
vt 0.5125 0.775
vt 0.6125 0.975
vt 0.5125 0.775
vt 0.5125 0.975
vt 0.6125 0.975
vt 0.6125 0.775
vt 0.5125 0.775
vt 0.6125 0.975
vt 0.5125 0.775
vt 0.5125 0.975
vt 0.6125 0.975
vt 0.6125 0.775
vt 0.5125 0.775
vt 0.6125 0.975
vt 0.5125 0.775
vt 0.5125 0.975
vt 0.6125 0.775
vt 0.5125 0.975
vt 0.6125 0.975
vt 0.6125 0.775
vt 0.5125 0.775
vt 0.5125 0.975
vt 0.6125 0.775
vt 0.5125 0.975
vt 0.6125 0.975
vt 0.6125 0.775
vt 0.5125 0.775
vt 0.5125 0.975
vt 0.6125 0.775
vt 0.5125 0.975
vt 0.6125 0.975
vt 0.6125 0.775
vt 0.5125 0.775
vt 0.5125 0.975
vt 0.6125 0.775
vt 0.5125 0.975
vt 0.6125 0.975
vt 0.6125 0.775
vt 0.2625 0.775
vt 0.2625 0.975
vt 0.3625 0.975
vt 0.3625 0.775
vt 0.2625 0.775
vt 0.3625 0.975
vt 0.2625 0.775
vt 0.2625 0.975
vt 0.3625 0.975
vt 0.3625 0.775
vt 0.2625 0.775
vt 0.3625 0.975
vt 0.2625 0.775
vt 0.2625 0.975
vt 0.3625 0.975
vt 0.3625 0.775
vt 0.2625 0.775
vt 0.3625 0.975
vt 0.2625 0.775
vt 0.2625 0.975
vt 0.3625 0.975
vt 0.3625 0.775
vt 0.2625 0.775
vt 0.3625 0.975
vt 0.2625 0.775
vt 0.2625 0.975
vt 0.3625 0.775
vt 0.2625 0.975
vt 0.3625 0.975
vt 0.3625 0.775
vt 0.2625 0.775
vt 0.2625 0.975
vt 0.3625 0.775
vt 0.2625 0.975
vt 0.3625 0.975
vt 0.3625 0.775
vt 0.2625 0.775
vt 0.2625 0.975
vt 0.3625 0.775
vt 0.2625 0.975
vt 0.3625 0.975
vt 0.3625 0.775
vt 0.2625 0.775
vt 0.2625 0.975
vt 0.3625 0.775
vt 0.2625 0.975
vt 0.3625 0.975
vt 0.3625 0.775
vt 0.94792 0.025
vt 0.94792 0.225
vt 0.94792 0.225
vt 0.94792 0.025
vt 0.94792 0.025
vt 0.94792 0.225
vt 0.94792 0.025
vt 0.94792 0.225
vt 0.94792 0.225
vt 0.94792 0.025
vt 0.94792 0.025
vt 0.94792 0.225
vt 0.94792 0.025
vt 0.94792 0.225
vt 0.94792 0.225
vt 0.94792 0.025
vt 0.94792 0.025
vt 0.94792 0.225
vt 0.94792 0.025
vt 0.94792 0.225
vt 0.94792 0.225
vt 0.94792 0.025
vt 0.94792 0.025
vt 0.94792 0.225
vt 0.94792 0.025
vt 0.94792 0.225
vt 0.94792 0.025
vt 0.94792 0.225
vt 0.94792 0.225
vt 0.94792 0.025
vt 0.94792 0.025
vt 0.94792 0.225
vt 0.94792 0.025
vt 0.94792 0.225
vt 0.94792 0.225
vt 0.94792 0.025
vt 0.94792 0.025
vt 0.94792 0.225
vt 0.94792 0.025
vt 0.94792 0.225
vt 0.94792 0.225
vt 0.94792 0.025
vt 0.94792 0.025
vt 0.94792 0.225
vt 0.94792 0.025
vt 0.94792 0.225
vt 0.94792 0.225
vt 0.94792 0.025
vt 0.5125 0.775
vt 0.5125 0.975
vt 0.6125 0.975
vt 0.6125 0.775
vt 0.5125 0.775
vt 0.6125 0.975
vt 0.5125 0.775
vt 0.5125 0.975
vt 0.6125 0.975
vt 0.6125 0.775
vt 0.5125 0.775
vt 0.6125 0.975
vt 0.5125 0.775
vt 0.5125 0.975
vt 0.6125 0.975
vt 0.6125 0.775
vt 0.5125 0.775
vt 0.6125 0.975
vt 0.5125 0.775
vt 0.5125 0.975
vt 0.6125 0.975
vt 0.6125 0.775
vt 0.5125 0.775
vt 0.6125 0.975
vt 0.5125 0.775
vt 0.5125 0.975
vt 0.6125 0.775
vt 0.5125 0.975
vt 0.6125 0.975
vt 0.6125 0.775
vt 0.5125 0.775
vt 0.5125 0.975
vt 0.6125 0.775
vt 0.5125 0.975
vt 0.6125 0.975
vt 0.6125 0.775
vt 0.5125 0.775
vt 0.5125 0.975
vt 0.6125 0.775
vt 0.5125 0.975
vt 0.6125 0.975
vt 0.6125 0.775
vt 0.5125 0.775
vt 0.5125 0.975
vt 0.6125 0.775
vt 0.5125 0.975
vt 0.6125 0.975
vt 0.6125 0.775
vt 0.2625 0.275
vt 0.2625 0.475
vt 0.3625 0.475
vt 0.3625 0.275
vt 0.2625 0.275
vt 0.3625 0.475
vt 0.2625 0.275
vt 0.2625 0.475
vt 0.3625 0.475
vt 0.3625 0.275
vt 0.2625 0.275
vt 0.3625 0.475
vt 0.2625 0.275
vt 0.2625 0.475
vt 0.3625 0.475
vt 0.3625 0.275
vt 0.2625 0.275
vt 0.3625 0.475
vt 0.2625 0.275
vt 0.2625 0.475
vt 0.3625 0.475
vt 0.3625 0.275
vt 0.2625 0.275
vt 0.3625 0.475
vt 0.2625 0.275
vt 0.2625 0.475
vt 0.3625 0.275
vt 0.2625 0.475
vt 0.3625 0.475
vt 0.3625 0.275
vt 0.2625 0.275
vt 0.2625 0.475
vt 0.3625 0.275
vt 0.2625 0.475
vt 0.3625 0.475
vt 0.3625 0.275
vt 0.2625 0.275
vt 0.2625 0.475
vt 0.3625 0.275
vt 0.2625 0.475
vt 0.3625 0.475
vt 0.3625 0.275
vt 0.2625 0.275
vt 0.2625 0.475
vt 0.3625 0.275
vt 0.2625 0.475
vt 0.3625 0.475
vt 0.3625 0.275
vt 0.6375 0.525
vt 0.6375 0.725
vt 0.7375 0.725
vt 0.7375 0.525
vt 0.6375 0.525
vt 0.7375 0.725
vt 0.6375 0.525
vt 0.6375 0.725
vt 0.7375 0.725
vt 0.7375 0.525
vt 0.6375 0.525
vt 0.7375 0.725
vt 0.6375 0.525
vt 0.6375 0.725
vt 0.7375 0.725
vt 0.7375 0.525
vt 0.6375 0.525
vt 0.7375 0.725
vt 0.6375 0.525
vt 0.6375 0.725
vt 0.7375 0.725
vt 0.7375 0.525
vt 0.6375 0.525
vt 0.7375 0.725
vt 0.6375 0.525
vt 0.6375 0.725
vt 0.7375 0.525
vt 0.6375 0.725
vt 0.7375 0.725
vt 0.7375 0.525
vt 0.6375 0.525
vt 0.6375 0.725
vt 0.7375 0.525
vt 0.6375 0.725
vt 0.7375 0.725
vt 0.7375 0.525
vt 0.6375 0.525
vt 0.6375 0.725
vt 0.7375 0.525
vt 0.6375 0.725
vt 0.7375 0.725
vt 0.7375 0.525
vt 0.6375 0.525
vt 0.6375 0.725
vt 0.7375 0.525
vt 0.6375 0.725
vt 0.7375 0.725
vt 0.7375 0.525
vt 0.1375 0.275
vt 0.1375 0.475
vt 0.2375 0.475
vt 0.2375 0.275
vt 0.1375 0.275
vt 0.2375 0.475
vt 0.1375 0.275
vt 0.1375 0.475
vt 0.2375 0.475
vt 0.2375 0.275
vt 0.1375 0.275
vt 0.2375 0.475
vt 0.1375 0.275
vt 0.1375 0.475
vt 0.2375 0.475
vt 0.2375 0.275
vt 0.1375 0.275
vt 0.2375 0.475
vt 0.1375 0.275
vt 0.1375 0.475
vt 0.2375 0.475
vt 0.2375 0.275
vt 0.1375 0.275
vt 0.2375 0.475
vt 0.1375 0.275
vt 0.1375 0.475
vt 0.2375 0.275
vt 0.1375 0.475
vt 0.2375 0.475
vt 0.2375 0.275
vt 0.1375 0.275
vt 0.1375 0.475
vt 0.2375 0.275
vt 0.1375 0.475
vt 0.2375 0.475
vt 0.2375 0.275
vt 0.1375 0.275
vt 0.1375 0.475
vt 0.2375 0.275
vt 0.1375 0.475
vt 0.2375 0.475
vt 0.2375 0.275
vt 0.1375 0.275
vt 0.1375 0.475
vt 0.2375 0.275
vt 0.1375 0.475
vt 0.2375 0.475
vt 0.2375 0.275
vt 0.1375 0.275
vt 0.1375 0.475
vt 0.17083 0.475
vt 0.17083 0.275
vt 0.1375 0.275
vt 0.17083 0.475
vt 0.17083 0.275
vt 0.17083 0.475
vt 0.20417 0.475
vt 0.20417 0.275
vt 0.17083 0.275
vt 0.20417 0.475
vt 0.20417 0.275
vt 0.20417 0.475
vt 0.2375 0.475
vt 0.2375 0.275
vt 0.20417 0.275
vt 0.2375 0.475
vt 0.1375 0.275
vt 0.1375 0.475
vt 0.17083 0.475
vt 0.17083 0.275
vt 0.1375 0.275
vt 0.17083 0.475
vt 0.17083 0.275
vt 0.17083 0.475
vt 0.20417 0.475
vt 0.20417 0.275
vt 0.17083 0.275
vt 0.20417 0.475
vt 0.20417 0.275
vt 0.20417 0.475
vt 0.2375 0.475
vt 0.2375 0.275
vt 0.20417 0.275
vt 0.2375 0.475
vt 0.1375 0.275
vt 0.1375 0.475
vt 0.17083 0.275
vt 0.1375 0.475
vt 0.17083 0.475
vt 0.17083 0.275
vt 0.17083 0.275
vt 0.17083 0.475
vt 0.20417 0.275
vt 0.17083 0.475
vt 0.20417 0.475
vt 0.20417 0.275
vt 0.20417 0.275
vt 0.20417 0.475
vt 0.2375 0.275
vt 0.20417 0.475
vt 0.2375 0.475
vt 0.2375 0.275
vt 0.1375 0.275
vt 0.1375 0.475
vt 0.17083 0.275
vt 0.1375 0.475
vt 0.17083 0.475
vt 0.17083 0.275
vt 0.17083 0.275
vt 0.17083 0.475
vt 0.20417 0.275
vt 0.17083 0.475
vt 0.20417 0.475
vt 0.20417 0.275
vt 0.20417 0.275
vt 0.20417 0.475
vt 0.2375 0.275
vt 0.20417 0.475
vt 0.2375 0.475
vt 0.2375 0.275
vt 0.1375 0.525
vt 0.1375 0.725
vt 0.17083 0.725
vt 0.17083 0.525
vt 0.1375 0.525
vt 0.17083 0.725
vt 0.17083 0.525
vt 0.17083 0.725
vt 0.20417 0.725
vt 0.20417 0.525
vt 0.17083 0.525
vt 0.20417 0.725
vt 0.20417 0.525
vt 0.20417 0.725
vt 0.2375 0.725
vt 0.2375 0.525
vt 0.20417 0.525
vt 0.2375 0.725
vt 0.1375 0.525
vt 0.1375 0.725
vt 0.17083 0.725
vt 0.17083 0.525
vt 0.1375 0.525
vt 0.17083 0.725
vt 0.17083 0.525
vt 0.17083 0.725
vt 0.20417 0.725
vt 0.20417 0.525
vt 0.17083 0.525
vt 0.20417 0.725
vt 0.20417 0.525
vt 0.20417 0.725
vt 0.2375 0.725
vt 0.2375 0.525
vt 0.20417 0.525
vt 0.2375 0.725
vt 0.1375 0.525
vt 0.1375 0.725
vt 0.17083 0.525
vt 0.1375 0.725
vt 0.17083 0.725
vt 0.17083 0.525
vt 0.17083 0.525
vt 0.17083 0.725
vt 0.20417 0.525
vt 0.17083 0.725
vt 0.20417 0.725
vt 0.20417 0.525
vt 0.20417 0.525
vt 0.20417 0.725
vt 0.2375 0.525
vt 0.20417 0.725
vt 0.2375 0.725
vt 0.2375 0.525
vt 0.1375 0.525
vt 0.1375 0.725
vt 0.17083 0.525
vt 0.1375 0.725
vt 0.17083 0.725
vt 0.17083 0.525
vt 0.17083 0.525
vt 0.17083 0.725
vt 0.20417 0.525
vt 0.17083 0.725
vt 0.20417 0.725
vt 0.20417 0.525
vt 0.20417 0.525
vt 0.20417 0.725
vt 0.2375 0.525
vt 0.20417 0.725
vt 0.2375 0.725
vt 0.2375 0.525
vt 0.1375 0.525
vt 0.1375 0.725
vt 0.17083 0.725
vt 0.17083 0.525
vt 0.1375 0.525
vt 0.17083 0.725
vt 0.17083 0.525
vt 0.17083 0.725
vt 0.20417 0.725
vt 0.20417 0.525
vt 0.17083 0.525
vt 0.20417 0.725
vt 0.20417 0.525
vt 0.20417 0.725
vt 0.2375 0.725
vt 0.2375 0.525
vt 0.20417 0.525
vt 0.2375 0.725
vt 0.1375 0.525
vt 0.1375 0.725
vt 0.17083 0.725
vt 0.17083 0.525
vt 0.1375 0.525
vt 0.17083 0.725
vt 0.17083 0.525
vt 0.17083 0.725
vt 0.20417 0.725
vt 0.20417 0.525
vt 0.17083 0.525
vt 0.20417 0.725
vt 0.20417 0.525
vt 0.20417 0.725
vt 0.2375 0.725
vt 0.2375 0.525
vt 0.20417 0.525
vt 0.2375 0.725
vt 0.1375 0.525
vt 0.1375 0.725
vt 0.17083 0.525
vt 0.1375 0.725
vt 0.17083 0.725
vt 0.17083 0.525
vt 0.17083 0.525
vt 0.17083 0.725
vt 0.20417 0.525
vt 0.17083 0.725
vt 0.20417 0.725
vt 0.20417 0.525
vt 0.20417 0.525
vt 0.20417 0.725
vt 0.2375 0.525
vt 0.20417 0.725
vt 0.2375 0.725
vt 0.2375 0.525
vt 0.1375 0.525
vt 0.1375 0.725
vt 0.17083 0.525
vt 0.1375 0.725
vt 0.17083 0.725
vt 0.17083 0.525
vt 0.17083 0.525
vt 0.17083 0.725
vt 0.20417 0.525
vt 0.17083 0.725
vt 0.20417 0.725
vt 0.20417 0.525
vt 0.20417 0.525
vt 0.20417 0.725
vt 0.2375 0.525
vt 0.20417 0.725
vt 0.2375 0.725
vt 0.2375 0.525
vt 0.1375 0.525
vt 0.1375 0.725
vt 0.17083 0.725
vt 0.17083 0.525
vt 0.1375 0.525
vt 0.17083 0.725
vt 0.17083 0.525
vt 0.17083 0.725
vt 0.20417 0.725
vt 0.20417 0.525
vt 0.17083 0.525
vt 0.20417 0.725
vt 0.20417 0.525
vt 0.20417 0.725
vt 0.2375 0.725
vt 0.2375 0.525
vt 0.20417 0.525
vt 0.2375 0.725
vt 0.1375 0.525
vt 0.1375 0.725
vt 0.17083 0.725
vt 0.17083 0.525
vt 0.1375 0.525
vt 0.17083 0.725
vt 0.17083 0.525
vt 0.17083 0.725
vt 0.20417 0.725
vt 0.20417 0.525
vt 0.17083 0.525
vt 0.20417 0.725
vt 0.20417 0.525
vt 0.20417 0.725
vt 0.2375 0.725
vt 0.2375 0.525
vt 0.20417 0.525
vt 0.2375 0.725
vt 0.1375 0.525
vt 0.1375 0.725
vt 0.17083 0.525
vt 0.1375 0.725
vt 0.17083 0.725
vt 0.17083 0.525
vt 0.17083 0.525
vt 0.17083 0.725
vt 0.20417 0.525
vt 0.17083 0.725
vt 0.20417 0.725
vt 0.20417 0.525
vt 0.20417 0.525
vt 0.20417 0.725
vt 0.2375 0.525
vt 0.20417 0.725
vt 0.2375 0.725
vt 0.2375 0.525
vt 0.1375 0.525
vt 0.1375 0.725
vt 0.17083 0.525
vt 0.1375 0.725
vt 0.17083 0.725
vt 0.17083 0.525
vt 0.17083 0.525
vt 0.17083 0.725
vt 0.20417 0.525
vt 0.17083 0.725
vt 0.20417 0.725
vt 0.20417 0.525
vt 0.20417 0.525
vt 0.20417 0.725
vt 0.2375 0.525
vt 0.20417 0.725
vt 0.2375 0.725
vt 0.2375 0.525
vt 0.0125 0.525
vt 0.0125 0.725
vt 0.04583 0.725
vt 0.04583 0.525
vt 0.0125 0.525
vt 0.04583 0.725
vt 0.04583 0.525
vt 0.04583 0.725
vt 0.07917 0.725
vt 0.07917 0.525
vt 0.04583 0.525
vt 0.07917 0.725
vt 0.07917 0.525
vt 0.07917 0.725
vt 0.1125 0.725
vt 0.1125 0.525
vt 0.07917 0.525
vt 0.1125 0.725
vt 0.0125 0.525
vt 0.0125 0.725
vt 0.04583 0.725
vt 0.04583 0.525
vt 0.0125 0.525
vt 0.04583 0.725
vt 0.04583 0.525
vt 0.04583 0.725
vt 0.07917 0.725
vt 0.07917 0.525
vt 0.04583 0.525
vt 0.07917 0.725
vt 0.07917 0.525
vt 0.07917 0.725
vt 0.1125 0.725
vt 0.1125 0.525
vt 0.07917 0.525
vt 0.1125 0.725
vt 0.0125 0.525
vt 0.0125 0.725
vt 0.04583 0.525
vt 0.0125 0.725
vt 0.04583 0.725
vt 0.04583 0.525
vt 0.04583 0.525
vt 0.04583 0.725
vt 0.07917 0.525
vt 0.04583 0.725
vt 0.07917 0.725
vt 0.07917 0.525
vt 0.07917 0.525
vt 0.07917 0.725
vt 0.1125 0.525
vt 0.07917 0.725
vt 0.1125 0.725
vt 0.1125 0.525
vt 0.0125 0.525
vt 0.0125 0.725
vt 0.04583 0.525
vt 0.0125 0.725
vt 0.04583 0.725
vt 0.04583 0.525
vt 0.04583 0.525
vt 0.04583 0.725
vt 0.07917 0.525
vt 0.04583 0.725
vt 0.07917 0.725
vt 0.07917 0.525
vt 0.07917 0.525
vt 0.07917 0.725
vt 0.1125 0.525
vt 0.07917 0.725
vt 0.1125 0.725
vt 0.1125 0.525
vt 0.94792 0.025
vt 0.94792 0.225
vt 0.94792 0.225
vt 0.94792 0.025
vt 0.94792 0.025
vt 0.94792 0.225
vt 0.94792 0.025
vt 0.94792 0.225
vt 0.94792 0.225
vt 0.94792 0.025
vt 0.94792 0.025
vt 0.94792 0.225
vt 0.94792 0.025
vt 0.94792 0.225
vt 0.94792 0.225
vt 0.94792 0.025
vt 0.94792 0.025
vt 0.94792 0.225
vt 0.94792 0.025
vt 0.94792 0.225
vt 0.94792 0.225
vt 0.94792 0.025
vt 0.94792 0.025
vt 0.94792 0.225
vt 0.94792 0.025
vt 0.94792 0.225
vt 0.94792 0.225
vt 0.94792 0.025
vt 0.94792 0.025
vt 0.94792 0.225
vt 0.94792 0.025
vt 0.94792 0.225
vt 0.94792 0.225
vt 0.94792 0.025
vt 0.94792 0.025
vt 0.94792 0.225
vt 0.94792 0.025
vt 0.94792 0.225
vt 0.94792 0.025
vt 0.94792 0.225
vt 0.94792 0.225
vt 0.94792 0.025
vt 0.94792 0.025
vt 0.94792 0.225
vt 0.94792 0.025
vt 0.94792 0.225
vt 0.94792 0.225
vt 0.94792 0.025
vt 0.94792 0.025
vt 0.94792 0.225
vt 0.94792 0.025
vt 0.94792 0.225
vt 0.94792 0.225
vt 0.94792 0.025
vt 0.94792 0.025
vt 0.94792 0.225
vt 0.94792 0.025
vt 0.94792 0.225
vt 0.94792 0.225
vt 0.94792 0.025
vt 0.94792 0.025
vt 0.94792 0.225
vt 0.94792 0.025
vt 0.94792 0.225
vt 0.94792 0.225
vt 0.94792 0.025
vt 0.94792 0.025
vt 0.94792 0.225
vt 0.94792 0.025
vt 0.94792 0.225
vt 0.94792 0.225
vt 0.94792 0.025
vt 0.5125 0.775
vt 0.5125 0.975
vt 0.54583 0.975
vt 0.54583 0.775
vt 0.5125 0.775
vt 0.54583 0.975
vt 0.54583 0.775
vt 0.54583 0.975
vt 0.57917 0.975
vt 0.57917 0.775
vt 0.54583 0.775
vt 0.57917 0.975
vt 0.57917 0.775
vt 0.57917 0.975
vt 0.6125 0.975
vt 0.6125 0.775
vt 0.57917 0.775
vt 0.6125 0.975
vt 0.5125 0.775
vt 0.5125 0.975
vt 0.54583 0.975
vt 0.54583 0.775
vt 0.5125 0.775
vt 0.54583 0.975
vt 0.54583 0.775
vt 0.54583 0.975
vt 0.57917 0.975
vt 0.57917 0.775
vt 0.54583 0.775
vt 0.57917 0.975
vt 0.57917 0.775
vt 0.57917 0.975
vt 0.6125 0.975
vt 0.6125 0.775
vt 0.57917 0.775
vt 0.6125 0.975
vt 0.5125 0.775
vt 0.5125 0.975
vt 0.54583 0.775
vt 0.5125 0.975
vt 0.54583 0.975
vt 0.54583 0.775
vt 0.54583 0.775
vt 0.54583 0.975
vt 0.57917 0.775
vt 0.54583 0.975
vt 0.57917 0.975
vt 0.57917 0.775
vt 0.57917 0.775
vt 0.57917 0.975
vt 0.6125 0.775
vt 0.57917 0.975
vt 0.6125 0.975
vt 0.6125 0.775
vt 0.5125 0.775
vt 0.5125 0.975
vt 0.54583 0.775
vt 0.5125 0.975
vt 0.54583 0.975
vt 0.54583 0.775
vt 0.54583 0.775
vt 0.54583 0.975
vt 0.57917 0.775
vt 0.54583 0.975
vt 0.57917 0.975
vt 0.57917 0.775
vt 0.57917 0.775
vt 0.57917 0.975
vt 0.6125 0.775
vt 0.57917 0.975
vt 0.6125 0.975
vt 0.6125 0.775
vt 0.6375 0.525
vt 0.6375 0.725
vt 0.67083 0.725
vt 0.67083 0.525
vt 0.6375 0.525
vt 0.67083 0.725
vt 0.67083 0.525
vt 0.67083 0.725
vt 0.70417 0.725
vt 0.70417 0.525
vt 0.67083 0.525
vt 0.70417 0.725
vt 0.70417 0.525
vt 0.70417 0.725
vt 0.7375 0.725
vt 0.7375 0.525
vt 0.70417 0.525
vt 0.7375 0.725
vt 0.6375 0.525
vt 0.6375 0.725
vt 0.67083 0.725
vt 0.67083 0.525
vt 0.6375 0.525
vt 0.67083 0.725
vt 0.67083 0.525
vt 0.67083 0.725
vt 0.70417 0.725
vt 0.70417 0.525
vt 0.67083 0.525
vt 0.70417 0.725
vt 0.70417 0.525
vt 0.70417 0.725
vt 0.7375 0.725
vt 0.7375 0.525
vt 0.70417 0.525
vt 0.7375 0.725
vt 0.6375 0.525
vt 0.6375 0.725
vt 0.67083 0.525
vt 0.6375 0.725
vt 0.67083 0.725
vt 0.67083 0.525
vt 0.67083 0.525
vt 0.67083 0.725
vt 0.70417 0.525
vt 0.67083 0.725
vt 0.70417 0.725
vt 0.70417 0.525
vt 0.70417 0.525
vt 0.70417 0.725
vt 0.7375 0.525
vt 0.70417 0.725
vt 0.7375 0.725
vt 0.7375 0.525
vt 0.6375 0.525
vt 0.6375 0.725
vt 0.67083 0.525
vt 0.6375 0.725
vt 0.67083 0.725
vt 0.67083 0.525
vt 0.67083 0.525
vt 0.67083 0.725
vt 0.70417 0.525
vt 0.67083 0.725
vt 0.70417 0.725
vt 0.70417 0.525
vt 0.70417 0.525
vt 0.70417 0.725
vt 0.7375 0.525
vt 0.70417 0.725
vt 0.7375 0.725
vt 0.7375 0.525
vt 0.2625 0.775
vt 0.2625 0.975
vt 0.29583 0.975
vt 0.29583 0.775
vt 0.2625 0.775
vt 0.29583 0.975
vt 0.29583 0.775
vt 0.29583 0.975
vt 0.32917 0.975
vt 0.32917 0.775
vt 0.29583 0.775
vt 0.32917 0.975
vt 0.32917 0.775
vt 0.32917 0.975
vt 0.3625 0.975
vt 0.3625 0.775
vt 0.32917 0.775
vt 0.3625 0.975
vt 0.2625 0.775
vt 0.2625 0.975
vt 0.29583 0.975
vt 0.29583 0.775
vt 0.2625 0.775
vt 0.29583 0.975
vt 0.29583 0.775
vt 0.29583 0.975
vt 0.32917 0.975
vt 0.32917 0.775
vt 0.29583 0.775
vt 0.32917 0.975
vt 0.32917 0.775
vt 0.32917 0.975
vt 0.3625 0.975
vt 0.3625 0.775
vt 0.32917 0.775
vt 0.3625 0.975
vt 0.2625 0.775
vt 0.2625 0.975
vt 0.29583 0.775
vt 0.2625 0.975
vt 0.29583 0.975
vt 0.29583 0.775
vt 0.29583 0.775
vt 0.29583 0.975
vt 0.32917 0.775
vt 0.29583 0.975
vt 0.32917 0.975
vt 0.32917 0.775
vt 0.32917 0.775
vt 0.32917 0.975
vt 0.3625 0.775
vt 0.32917 0.975
vt 0.3625 0.975
vt 0.3625 0.775
vt 0.2625 0.775
vt 0.2625 0.975
vt 0.29583 0.775
vt 0.2625 0.975
vt 0.29583 0.975
vt 0.29583 0.775
vt 0.29583 0.775
vt 0.29583 0.975
vt 0.32917 0.775
vt 0.29583 0.975
vt 0.32917 0.975
vt 0.32917 0.775
vt 0.32917 0.775
vt 0.32917 0.975
vt 0.3625 0.775
vt 0.32917 0.975
vt 0.3625 0.975
vt 0.3625 0.775
vt 0.2625 0.525
vt 0.2625 0.725
vt 0.29583 0.725
vt 0.29583 0.525
vt 0.2625 0.525
vt 0.29583 0.725
vt 0.29583 0.525
vt 0.29583 0.725
vt 0.32917 0.725
vt 0.32917 0.525
vt 0.29583 0.525
vt 0.32917 0.725
vt 0.32917 0.525
vt 0.32917 0.725
vt 0.3625 0.725
vt 0.3625 0.525
vt 0.32917 0.525
vt 0.3625 0.725
vt 0.2625 0.525
vt 0.2625 0.725
vt 0.29583 0.725
vt 0.29583 0.525
vt 0.2625 0.525
vt 0.29583 0.725
vt 0.29583 0.525
vt 0.29583 0.725
vt 0.32917 0.725
vt 0.32917 0.525
vt 0.29583 0.525
vt 0.32917 0.725
vt 0.32917 0.525
vt 0.32917 0.725
vt 0.3625 0.725
vt 0.3625 0.525
vt 0.32917 0.525
vt 0.3625 0.725
vt 0.2625 0.525
vt 0.2625 0.725
vt 0.29583 0.525
vt 0.2625 0.725
vt 0.29583 0.725
vt 0.29583 0.525
vt 0.29583 0.525
vt 0.29583 0.725
vt 0.32917 0.525
vt 0.29583 0.725
vt 0.32917 0.725
vt 0.32917 0.525
vt 0.32917 0.525
vt 0.32917 0.725
vt 0.3625 0.525
vt 0.32917 0.725
vt 0.3625 0.725
vt 0.3625 0.525
vt 0.2625 0.525
vt 0.2625 0.725
vt 0.29583 0.525
vt 0.2625 0.725
vt 0.29583 0.725
vt 0.29583 0.525
vt 0.29583 0.525
vt 0.29583 0.725
vt 0.32917 0.525
vt 0.29583 0.725
vt 0.32917 0.725
vt 0.32917 0.525
vt 0.32917 0.525
vt 0.32917 0.725
vt 0.3625 0.525
vt 0.32917 0.725
vt 0.3625 0.725
vt 0.3625 0.525
vt 0.5125 0.775
vt 0.5125 0.975
vt 0.6125 0.975
vt 0.6125 0.775
vt 0.5125 0.775
vt 0.6125 0.975
vt 0.5125 0.775
vt 0.5125 0.975
vt 0.6125 0.975
vt 0.6125 0.775
vt 0.5125 0.775
vt 0.6125 0.975
vt 0.5125 0.775
vt 0.5125 0.975
vt 0.6125 0.975
vt 0.6125 0.775
vt 0.5125 0.775
vt 0.6125 0.975
vt 0.5125 0.775
vt 0.5125 0.975
vt 0.6125 0.975
vt 0.6125 0.775
vt 0.5125 0.775
vt 0.6125 0.975
vt 0.5125 0.775
vt 0.5125 0.975
vt 0.6125 0.775
vt 0.5125 0.975
vt 0.6125 0.975
vt 0.6125 0.775
vt 0.5125 0.775
vt 0.5125 0.975
vt 0.6125 0.775
vt 0.5125 0.975
vt 0.6125 0.975
vt 0.6125 0.775
vt 0.5125 0.775
vt 0.5125 0.975
vt 0.6125 0.775
vt 0.5125 0.975
vt 0.6125 0.975
vt 0.6125 0.775
vt 0.5125 0.775
vt 0.5125 0.975
vt 0.6125 0.775
vt 0.5125 0.975
vt 0.6125 0.975
vt 0.6125 0.775
vt 0.3875 0.525
vt 0.3875 0.725
vt 0.4375 0.725
vt 0.4375 0.525
vt 0.3875 0.525
vt 0.4375 0.725
vt 0.4375 0.525
vt 0.4375 0.725
vt 0.4875 0.725
vt 0.4875 0.525
vt 0.4375 0.525
vt 0.4875 0.725
vt 0.3875 0.525
vt 0.3875 0.725
vt 0.4375 0.725
vt 0.4375 0.525
vt 0.3875 0.525
vt 0.4375 0.725
vt 0.4375 0.525
vt 0.4375 0.725
vt 0.4875 0.725
vt 0.4875 0.525
vt 0.4375 0.525
vt 0.4875 0.725
vt 0.3875 0.525
vt 0.3875 0.725
vt 0.4375 0.525
vt 0.3875 0.725
vt 0.4375 0.725
vt 0.4375 0.525
vt 0.4375 0.525
vt 0.4375 0.725
vt 0.4875 0.525
vt 0.4375 0.725
vt 0.4875 0.725
vt 0.4875 0.525
vt 0.3875 0.525
vt 0.3875 0.725
vt 0.4375 0.525
vt 0.3875 0.725
vt 0.4375 0.725
vt 0.4375 0.525
vt 0.4375 0.525
vt 0.4375 0.725
vt 0.4875 0.525
vt 0.4375 0.725
vt 0.4875 0.725
vt 0.4875 0.525
vt 0.3875 0.775
vt 0.3875 0.975
vt 0.4875 0.975
vt 0.4875 0.775
vt 0.3875 0.775
vt 0.4875 0.975
vt 0.3875 0.775
vt 0.3875 0.975
vt 0.4875 0.975
vt 0.4875 0.775
vt 0.3875 0.775
vt 0.4875 0.975
vt 0.3875 0.775
vt 0.3875 0.975
vt 0.4875 0.975
vt 0.4875 0.775
vt 0.3875 0.775
vt 0.4875 0.975
vt 0.3875 0.775
vt 0.3875 0.975
vt 0.4875 0.975
vt 0.4875 0.775
vt 0.3875 0.775
vt 0.4875 0.975
vt 0.3875 0.775
vt 0.3875 0.975
vt 0.4875 0.775
vt 0.3875 0.975
vt 0.4875 0.975
vt 0.4875 0.775
vt 0.3875 0.775
vt 0.3875 0.975
vt 0.4875 0.775
vt 0.3875 0.975
vt 0.4875 0.975
vt 0.4875 0.775
vt 0.3875 0.775
vt 0.3875 0.975
vt 0.4875 0.775
vt 0.3875 0.975
vt 0.4875 0.975
vt 0.4875 0.775
vt 0.3875 0.775
vt 0.3875 0.975
vt 0.4875 0.775
vt 0.3875 0.975
vt 0.4875 0.975
vt 0.4875 0.775
vt 0.2625 0.525
vt 0.2625 0.725
vt 0.3625 0.725
vt 0.3625 0.525
vt 0.2625 0.525
vt 0.3625 0.725
vt 0.2625 0.525
vt 0.2625 0.725
vt 0.3625 0.725
vt 0.3625 0.525
vt 0.2625 0.525
vt 0.3625 0.725
vt 0.2625 0.525
vt 0.2625 0.725
vt 0.3625 0.725
vt 0.3625 0.525
vt 0.2625 0.525
vt 0.3625 0.725
vt 0.2625 0.525
vt 0.2625 0.725
vt 0.3625 0.725
vt 0.3625 0.525
vt 0.2625 0.525
vt 0.3625 0.725
vt 0.2625 0.525
vt 0.2625 0.725
vt 0.3625 0.525
vt 0.2625 0.725
vt 0.3625 0.725
vt 0.3625 0.525
vt 0.2625 0.525
vt 0.2625 0.725
vt 0.3625 0.525
vt 0.2625 0.725
vt 0.3625 0.725
vt 0.3625 0.525
vt 0.2625 0.525
vt 0.2625 0.725
vt 0.3625 0.525
vt 0.2625 0.725
vt 0.3625 0.725
vt 0.3625 0.525
vt 0.2625 0.525
vt 0.2625 0.725
vt 0.3625 0.525
vt 0.2625 0.725
vt 0.3625 0.725
vt 0.3625 0.525
vt 0.2625 0.275
vt 0.2625 0.475
vt 0.3625 0.475
vt 0.3625 0.275
vt 0.2625 0.275
vt 0.3625 0.475
vt 0.2625 0.275
vt 0.2625 0.475
vt 0.3625 0.475
vt 0.3625 0.275
vt 0.2625 0.275
vt 0.3625 0.475
vt 0.2625 0.275
vt 0.2625 0.475
vt 0.3625 0.475
vt 0.3625 0.275
vt 0.2625 0.275
vt 0.3625 0.475
vt 0.2625 0.275
vt 0.2625 0.475
vt 0.3625 0.475
vt 0.3625 0.275
vt 0.2625 0.275
vt 0.3625 0.475
vt 0.2625 0.275
vt 0.2625 0.475
vt 0.3625 0.275
vt 0.2625 0.475
vt 0.3625 0.475
vt 0.3625 0.275
vt 0.2625 0.275
vt 0.2625 0.475
vt 0.3625 0.275
vt 0.2625 0.475
vt 0.3625 0.475
vt 0.3625 0.275
vt 0.2625 0.275
vt 0.2625 0.475
vt 0.3625 0.275
vt 0.2625 0.475
vt 0.3625 0.475
vt 0.3625 0.275
vt 0.2625 0.275
vt 0.2625 0.475
vt 0.3625 0.275
vt 0.2625 0.475
vt 0.3625 0.475
vt 0.3625 0.275
vt 0.94792 0.025
vt 0.94792 0.225
vt 0.94792 0.225
vt 0.94792 0.025
vt 0.94792 0.025
vt 0.94792 0.225
vt 0.94792 0.025
vt 0.94792 0.225
vt 0.94792 0.225
vt 0.94792 0.025
vt 0.94792 0.025
vt 0.94792 0.225
vt 0.94792 0.025
vt 0.94792 0.225
vt 0.94792 0.225
vt 0.94792 0.025
vt 0.94792 0.025
vt 0.94792 0.225
vt 0.94792 0.025
vt 0.94792 0.225
vt 0.94792 0.225
vt 0.94792 0.025
vt 0.94792 0.025
vt 0.94792 0.225
vt 0.94792 0.025
vt 0.94792 0.225
vt 0.94792 0.025
vt 0.94792 0.225
vt 0.94792 0.225
vt 0.94792 0.025
vt 0.94792 0.025
vt 0.94792 0.225
vt 0.94792 0.025
vt 0.94792 0.225
vt 0.94792 0.225
vt 0.94792 0.025
vt 0.94792 0.025
vt 0.94792 0.225
vt 0.94792 0.025
vt 0.94792 0.225
vt 0.94792 0.225
vt 0.94792 0.025
vt 0.94792 0.025
vt 0.94792 0.225
vt 0.94792 0.025
vt 0.94792 0.225
vt 0.94792 0.225
vt 0.94792 0.025
vt 0.2625 0.775
vt 0.2625 0.975
vt 0.3625 0.975
vt 0.3625 0.775
vt 0.2625 0.775
vt 0.3625 0.975
vt 0.2625 0.775
vt 0.2625 0.975
vt 0.3625 0.975
vt 0.3625 0.775
vt 0.2625 0.775
vt 0.3625 0.975
vt 0.2625 0.775
vt 0.2625 0.975
vt 0.3625 0.975
vt 0.3625 0.775
vt 0.2625 0.775
vt 0.3625 0.975
vt 0.2625 0.775
vt 0.2625 0.975
vt 0.3625 0.975
vt 0.3625 0.775
vt 0.2625 0.775
vt 0.3625 0.975
vt 0.2625 0.775
vt 0.2625 0.975
vt 0.3625 0.775
vt 0.2625 0.975
vt 0.3625 0.975
vt 0.3625 0.775
vt 0.2625 0.775
vt 0.2625 0.975
vt 0.3625 0.775
vt 0.2625 0.975
vt 0.3625 0.975
vt 0.3625 0.775
vt 0.2625 0.775
vt 0.2625 0.975
vt 0.3625 0.775
vt 0.2625 0.975
vt 0.3625 0.975
vt 0.3625 0.775
vt 0.2625 0.775
vt 0.2625 0.975
vt 0.3625 0.775
vt 0.2625 0.975
vt 0.3625 0.975
vt 0.3625 0.775
vt 0.6375 0.525
vt 0.6375 0.725
vt 0.7375 0.725
vt 0.7375 0.525
vt 0.6375 0.525
vt 0.7375 0.725
vt 0.6375 0.525
vt 0.6375 0.725
vt 0.7375 0.725
vt 0.7375 0.525
vt 0.6375 0.525
vt 0.7375 0.725
vt 0.6375 0.525
vt 0.6375 0.725
vt 0.7375 0.725
vt 0.7375 0.525
vt 0.6375 0.525
vt 0.7375 0.725
vt 0.6375 0.525
vt 0.6375 0.725
vt 0.7375 0.725
vt 0.7375 0.525
vt 0.6375 0.525
vt 0.7375 0.725
vt 0.6375 0.525
vt 0.6375 0.725
vt 0.7375 0.525
vt 0.6375 0.725
vt 0.7375 0.725
vt 0.7375 0.525
vt 0.6375 0.525
vt 0.6375 0.725
vt 0.7375 0.525
vt 0.6375 0.725
vt 0.7375 0.725
vt 0.7375 0.525
vt 0.6375 0.525
vt 0.6375 0.725
vt 0.7375 0.525
vt 0.6375 0.725
vt 0.7375 0.725
vt 0.7375 0.525
vt 0.6375 0.525
vt 0.6375 0.725
vt 0.7375 0.525
vt 0.6375 0.725
vt 0.7375 0.725
vt 0.7375 0.525
vt 0.5125 0.775
vt 0.5125 0.975
vt 0.6125 0.975
vt 0.6125 0.775
vt 0.5125 0.775
vt 0.6125 0.975
vt 0.5125 0.775
vt 0.5125 0.975
vt 0.6125 0.975
vt 0.6125 0.775
vt 0.5125 0.775
vt 0.6125 0.975
vt 0.5125 0.775
vt 0.5125 0.975
vt 0.6125 0.975
vt 0.6125 0.775
vt 0.5125 0.775
vt 0.6125 0.975
vt 0.5125 0.775
vt 0.5125 0.975
vt 0.6125 0.975
vt 0.6125 0.775
vt 0.5125 0.775
vt 0.6125 0.975
vt 0.5125 0.775
vt 0.5125 0.975
vt 0.6125 0.775
vt 0.5125 0.975
vt 0.6125 0.975
vt 0.6125 0.775
vt 0.5125 0.775
vt 0.5125 0.975
vt 0.6125 0.775
vt 0.5125 0.975
vt 0.6125 0.975
vt 0.6125 0.775
vt 0.5125 0.775
vt 0.5125 0.975
vt 0.6125 0.775
vt 0.5125 0.975
vt 0.6125 0.975
vt 0.6125 0.775
vt 0.5125 0.775
vt 0.5125 0.975
vt 0.6125 0.775
vt 0.5125 0.975
vt 0.6125 0.975
vt 0.6125 0.775
vt 0.5125 0.775
vt 0.5125 0.975
vt 0.6125 0.975
vt 0.6125 0.775
vt 0.5125 0.775
vt 0.6125 0.975
vt 0.5125 0.775
vt 0.5125 0.975
vt 0.6125 0.975
vt 0.6125 0.775
vt 0.5125 0.775
vt 0.6125 0.975
vt 0.5125 0.775
vt 0.5125 0.975
vt 0.6125 0.975
vt 0.6125 0.775
vt 0.5125 0.775
vt 0.6125 0.975
vt 0.5125 0.775
vt 0.5125 0.975
vt 0.6125 0.975
vt 0.6125 0.775
vt 0.5125 0.775
vt 0.6125 0.975
vt 0.5125 0.775
vt 0.5125 0.975
vt 0.6125 0.775
vt 0.5125 0.975
vt 0.6125 0.975
vt 0.6125 0.775
vt 0.5125 0.775
vt 0.5125 0.975
vt 0.6125 0.775
vt 0.5125 0.975
vt 0.6125 0.975
vt 0.6125 0.775
vt 0.5125 0.775
vt 0.5125 0.975
vt 0.6125 0.775
vt 0.5125 0.975
vt 0.6125 0.975
vt 0.6125 0.775
vt 0.5125 0.775
vt 0.5125 0.975
vt 0.6125 0.775
vt 0.5125 0.975
vt 0.6125 0.975
vt 0.6125 0.775
vt 0.3875 0.525
vt 0.3875 0.725
vt 0.4375 0.725
vt 0.4375 0.525
vt 0.3875 0.525
vt 0.4375 0.725
vt 0.4375 0.525
vt 0.4375 0.725
vt 0.4875 0.725
vt 0.4875 0.525
vt 0.4375 0.525
vt 0.4875 0.725
vt 0.3875 0.525
vt 0.3875 0.725
vt 0.4375 0.725
vt 0.4375 0.525
vt 0.3875 0.525
vt 0.4375 0.725
vt 0.4375 0.525
vt 0.4375 0.725
vt 0.4875 0.725
vt 0.4875 0.525
vt 0.4375 0.525
vt 0.4875 0.725
vt 0.3875 0.525
vt 0.3875 0.725
vt 0.4375 0.525
vt 0.3875 0.725
vt 0.4375 0.725
vt 0.4375 0.525
vt 0.4375 0.525
vt 0.4375 0.725
vt 0.4875 0.525
vt 0.4375 0.725
vt 0.4875 0.725
vt 0.4875 0.525
vt 0.3875 0.525
vt 0.3875 0.725
vt 0.4375 0.525
vt 0.3875 0.725
vt 0.4375 0.725
vt 0.4375 0.525
vt 0.4375 0.525
vt 0.4375 0.725
vt 0.4875 0.525
vt 0.4375 0.725
vt 0.4875 0.725
vt 0.4875 0.525
vt 0.3875 0.775
vt 0.3875 0.975
vt 0.4875 0.975
vt 0.4875 0.775
vt 0.3875 0.775
vt 0.4875 0.975
vt 0.3875 0.775
vt 0.3875 0.975
vt 0.4875 0.975
vt 0.4875 0.775
vt 0.3875 0.775
vt 0.4875 0.975
vt 0.3875 0.775
vt 0.3875 0.975
vt 0.4875 0.975
vt 0.4875 0.775
vt 0.3875 0.775
vt 0.4875 0.975
vt 0.3875 0.775
vt 0.3875 0.975
vt 0.4875 0.975
vt 0.4875 0.775
vt 0.3875 0.775
vt 0.4875 0.975
vt 0.3875 0.775
vt 0.3875 0.975
vt 0.4875 0.775
vt 0.3875 0.975
vt 0.4875 0.975
vt 0.4875 0.775
vt 0.3875 0.775
vt 0.3875 0.975
vt 0.4875 0.775
vt 0.3875 0.975
vt 0.4875 0.975
vt 0.4875 0.775
vt 0.3875 0.775
vt 0.3875 0.975
vt 0.4875 0.775
vt 0.3875 0.975
vt 0.4875 0.975
vt 0.4875 0.775
vt 0.3875 0.775
vt 0.3875 0.975
vt 0.4875 0.775
vt 0.3875 0.975
vt 0.4875 0.975
vt 0.4875 0.775
vt 0.2625 0.525
vt 0.2625 0.725
vt 0.3625 0.725
vt 0.3625 0.525
vt 0.2625 0.525
vt 0.3625 0.725
vt 0.2625 0.525
vt 0.2625 0.725
vt 0.3625 0.725
vt 0.3625 0.525
vt 0.2625 0.525
vt 0.3625 0.725
vt 0.2625 0.525
vt 0.2625 0.725
vt 0.3625 0.725
vt 0.3625 0.525
vt 0.2625 0.525
vt 0.3625 0.725
vt 0.2625 0.525
vt 0.2625 0.725
vt 0.3625 0.725
vt 0.3625 0.525
vt 0.2625 0.525
vt 0.3625 0.725
vt 0.2625 0.525
vt 0.2625 0.725
vt 0.3625 0.525
vt 0.2625 0.725
vt 0.3625 0.725
vt 0.3625 0.525
vt 0.2625 0.525
vt 0.2625 0.725
vt 0.3625 0.525
vt 0.2625 0.725
vt 0.3625 0.725
vt 0.3625 0.525
vt 0.2625 0.525
vt 0.2625 0.725
vt 0.3625 0.525
vt 0.2625 0.725
vt 0.3625 0.725
vt 0.3625 0.525
vt 0.2625 0.525
vt 0.2625 0.725
vt 0.3625 0.525
vt 0.2625 0.725
vt 0.3625 0.725
vt 0.3625 0.525
vt 0.2625 0.275
vt 0.2625 0.475
vt 0.3625 0.475
vt 0.3625 0.275
vt 0.2625 0.275
vt 0.3625 0.475
vt 0.2625 0.275
vt 0.2625 0.475
vt 0.3625 0.475
vt 0.3625 0.275
vt 0.2625 0.275
vt 0.3625 0.475
vt 0.2625 0.275
vt 0.2625 0.475
vt 0.3625 0.475
vt 0.3625 0.275
vt 0.2625 0.275
vt 0.3625 0.475
vt 0.2625 0.275
vt 0.2625 0.475
vt 0.3625 0.475
vt 0.3625 0.275
vt 0.2625 0.275
vt 0.3625 0.475
vt 0.2625 0.275
vt 0.2625 0.475
vt 0.3625 0.275
vt 0.2625 0.475
vt 0.3625 0.475
vt 0.3625 0.275
vt 0.2625 0.275
vt 0.2625 0.475
vt 0.3625 0.275
vt 0.2625 0.475
vt 0.3625 0.475
vt 0.3625 0.275
vt 0.2625 0.275
vt 0.2625 0.475
vt 0.3625 0.275
vt 0.2625 0.475
vt 0.3625 0.475
vt 0.3625 0.275
vt 0.2625 0.275
vt 0.2625 0.475
vt 0.3625 0.275
vt 0.2625 0.475
vt 0.3625 0.475
vt 0.3625 0.275
vt 0.94792 0.025
vt 0.94792 0.225
vt 0.94792 0.225
vt 0.94792 0.025
vt 0.94792 0.025
vt 0.94792 0.225
vt 0.94792 0.025
vt 0.94792 0.225
vt 0.94792 0.225
vt 0.94792 0.025
vt 0.94792 0.025
vt 0.94792 0.225
vt 0.94792 0.025
vt 0.94792 0.225
vt 0.94792 0.225
vt 0.94792 0.025
vt 0.94792 0.025
vt 0.94792 0.225
vt 0.94792 0.025
vt 0.94792 0.225
vt 0.94792 0.225
vt 0.94792 0.025
vt 0.94792 0.025
vt 0.94792 0.225
vt 0.94792 0.025
vt 0.94792 0.225
vt 0.94792 0.025
vt 0.94792 0.225
vt 0.94792 0.225
vt 0.94792 0.025
vt 0.94792 0.025
vt 0.94792 0.225
vt 0.94792 0.025
vt 0.94792 0.225
vt 0.94792 0.225
vt 0.94792 0.025
vt 0.94792 0.025
vt 0.94792 0.225
vt 0.94792 0.025
vt 0.94792 0.225
vt 0.94792 0.225
vt 0.94792 0.025
vt 0.94792 0.025
vt 0.94792 0.225
vt 0.94792 0.025
vt 0.94792 0.225
vt 0.94792 0.225
vt 0.94792 0.025
vt 0.2625 0.775
vt 0.2625 0.975
vt 0.3625 0.975
vt 0.3625 0.775
vt 0.2625 0.775
vt 0.3625 0.975
vt 0.2625 0.775
vt 0.2625 0.975
vt 0.3625 0.975
vt 0.3625 0.775
vt 0.2625 0.775
vt 0.3625 0.975
vt 0.2625 0.775
vt 0.2625 0.975
vt 0.3625 0.975
vt 0.3625 0.775
vt 0.2625 0.775
vt 0.3625 0.975
vt 0.2625 0.775
vt 0.2625 0.975
vt 0.3625 0.975
vt 0.3625 0.775
vt 0.2625 0.775
vt 0.3625 0.975
vt 0.2625 0.775
vt 0.2625 0.975
vt 0.3625 0.775
vt 0.2625 0.975
vt 0.3625 0.975
vt 0.3625 0.775
vt 0.2625 0.775
vt 0.2625 0.975
vt 0.3625 0.775
vt 0.2625 0.975
vt 0.3625 0.975
vt 0.3625 0.775
vt 0.2625 0.775
vt 0.2625 0.975
vt 0.3625 0.775
vt 0.2625 0.975
vt 0.3625 0.975
vt 0.3625 0.775
vt 0.2625 0.775
vt 0.2625 0.975
vt 0.3625 0.775
vt 0.2625 0.975
vt 0.3625 0.975
vt 0.3625 0.775
vt 0.6375 0.525
vt 0.6375 0.725
vt 0.7375 0.725
vt 0.7375 0.525
vt 0.6375 0.525
vt 0.7375 0.725
vt 0.6375 0.525
vt 0.6375 0.725
vt 0.7375 0.725
vt 0.7375 0.525
vt 0.6375 0.525
vt 0.7375 0.725
vt 0.6375 0.525
vt 0.6375 0.725
vt 0.7375 0.725
vt 0.7375 0.525
vt 0.6375 0.525
vt 0.7375 0.725
vt 0.6375 0.525
vt 0.6375 0.725
vt 0.7375 0.725
vt 0.7375 0.525
vt 0.6375 0.525
vt 0.7375 0.725
vt 0.6375 0.525
vt 0.6375 0.725
vt 0.7375 0.525
vt 0.6375 0.725
vt 0.7375 0.725
vt 0.7375 0.525
vt 0.6375 0.525
vt 0.6375 0.725
vt 0.7375 0.525
vt 0.6375 0.725
vt 0.7375 0.725
vt 0.7375 0.525
vt 0.6375 0.525
vt 0.6375 0.725
vt 0.7375 0.525
vt 0.6375 0.725
vt 0.7375 0.725
vt 0.7375 0.525
vt 0.6375 0.525
vt 0.6375 0.725
vt 0.7375 0.525
vt 0.6375 0.725
vt 0.7375 0.725
vt 0.7375 0.525
vt 0.5125 0.775
vt 0.5125 0.975
vt 0.6125 0.975
vt 0.6125 0.775
vt 0.5125 0.775
vt 0.6125 0.975
vt 0.5125 0.775
vt 0.5125 0.975
vt 0.6125 0.975
vt 0.6125 0.775
vt 0.5125 0.775
vt 0.6125 0.975
vt 0.5125 0.775
vt 0.5125 0.975
vt 0.6125 0.975
vt 0.6125 0.775
vt 0.5125 0.775
vt 0.6125 0.975
vt 0.5125 0.775
vt 0.5125 0.975
vt 0.6125 0.975
vt 0.6125 0.775
vt 0.5125 0.775
vt 0.6125 0.975
vt 0.5125 0.775
vt 0.5125 0.975
vt 0.6125 0.775
vt 0.5125 0.975
vt 0.6125 0.975
vt 0.6125 0.775
vt 0.5125 0.775
vt 0.5125 0.975
vt 0.6125 0.775
vt 0.5125 0.975
vt 0.6125 0.975
vt 0.6125 0.775
vt 0.5125 0.775
vt 0.5125 0.975
vt 0.6125 0.775
vt 0.5125 0.975
vt 0.6125 0.975
vt 0.6125 0.775
vt 0.5125 0.775
vt 0.5125 0.975
vt 0.6125 0.775
vt 0.5125 0.975
vt 0.6125 0.975
vt 0.6125 0.775
vt 0.6375 0.525
vt 0.6375 0.725
vt 0.7375 0.725
vt 0.7375 0.525
vt 0.6375 0.525
vt 0.7375 0.725
vt 0.6375 0.525
vt 0.6375 0.725
vt 0.7375 0.725
vt 0.7375 0.525
vt 0.6375 0.525
vt 0.7375 0.725
vt 0.6375 0.525
vt 0.6375 0.725
vt 0.7375 0.725
vt 0.7375 0.525
vt 0.6375 0.525
vt 0.7375 0.725
vt 0.6375 0.525
vt 0.6375 0.725
vt 0.7375 0.725
vt 0.7375 0.525
vt 0.6375 0.525
vt 0.7375 0.725
vt 0.6375 0.525
vt 0.6375 0.725
vt 0.7375 0.525
vt 0.6375 0.725
vt 0.7375 0.725
vt 0.7375 0.525
vt 0.6375 0.525
vt 0.6375 0.725
vt 0.7375 0.525
vt 0.6375 0.725
vt 0.7375 0.725
vt 0.7375 0.525
vt 0.6375 0.525
vt 0.6375 0.725
vt 0.7375 0.525
vt 0.6375 0.725
vt 0.7375 0.725
vt 0.7375 0.525
vt 0.6375 0.525
vt 0.6375 0.725
vt 0.7375 0.525
vt 0.6375 0.725
vt 0.7375 0.725
vt 0.7375 0.525
vt 0.94792 0.025
vt 0.94792 0.225
vt 0.94792 0.225
vt 0.94792 0.025
vt 0.94792 0.025
vt 0.94792 0.225
vt 0.94792 0.025
vt 0.94792 0.225
vt 0.94792 0.225
vt 0.94792 0.025
vt 0.94792 0.025
vt 0.94792 0.225
vt 0.94792 0.025
vt 0.94792 0.225
vt 0.94792 0.225
vt 0.94792 0.025
vt 0.94792 0.025
vt 0.94792 0.225
vt 0.94792 0.025
vt 0.94792 0.225
vt 0.94792 0.225
vt 0.94792 0.025
vt 0.94792 0.025
vt 0.94792 0.225
vt 0.94792 0.025
vt 0.94792 0.225
vt 0.94792 0.025
vt 0.94792 0.225
vt 0.94792 0.225
vt 0.94792 0.025
vt 0.94792 0.025
vt 0.94792 0.225
vt 0.94792 0.025
vt 0.94792 0.225
vt 0.94792 0.225
vt 0.94792 0.025
vt 0.94792 0.025
vt 0.94792 0.225
vt 0.94792 0.025
vt 0.94792 0.225
vt 0.94792 0.225
vt 0.94792 0.025
vt 0.94792 0.025
vt 0.94792 0.225
vt 0.94792 0.025
vt 0.94792 0.225
vt 0.94792 0.225
vt 0.94792 0.025
vt 0.3875 0.775
vt 0.3875 0.975
vt 0.4875 0.975
vt 0.4875 0.775
vt 0.3875 0.775
vt 0.4875 0.975
vt 0.3875 0.775
vt 0.3875 0.975
vt 0.4875 0.975
vt 0.4875 0.775
vt 0.3875 0.775
vt 0.4875 0.975
vt 0.3875 0.775
vt 0.3875 0.975
vt 0.4875 0.975
vt 0.4875 0.775
vt 0.3875 0.775
vt 0.4875 0.975
vt 0.3875 0.775
vt 0.3875 0.975
vt 0.4875 0.975
vt 0.4875 0.775
vt 0.3875 0.775
vt 0.4875 0.975
vt 0.3875 0.775
vt 0.3875 0.975
vt 0.4875 0.775
vt 0.3875 0.975
vt 0.4875 0.975
vt 0.4875 0.775
vt 0.3875 0.775
vt 0.3875 0.975
vt 0.4875 0.775
vt 0.3875 0.975
vt 0.4875 0.975
vt 0.4875 0.775
vt 0.3875 0.775
vt 0.3875 0.975
vt 0.4875 0.775
vt 0.3875 0.975
vt 0.4875 0.975
vt 0.4875 0.775
vt 0.3875 0.775
vt 0.3875 0.975
vt 0.4875 0.775
vt 0.3875 0.975
vt 0.4875 0.975
vt 0.4875 0.775
vt 0.5625 0.775
vt 0.5625 0.975
vt 0.5875 0.975
vt 0.5875 0.775
vt 0.5625 0.775
vt 0.5875 0.975
vt 0.5875 0.775
vt 0.5875 0.975
vt 0.6125 0.975
vt 0.6125 0.775
vt 0.5875 0.775
vt 0.6125 0.975
vt 0.5125 0.775
vt 0.5125 0.975
vt 0.5375 0.975
vt 0.5375 0.775
vt 0.5125 0.775
vt 0.5375 0.975
vt 0.5375 0.775
vt 0.5375 0.975
vt 0.5625 0.975
vt 0.5625 0.775
vt 0.5375 0.775
vt 0.5625 0.975
vt 0.5625 0.775
vt 0.5625 0.975
vt 0.5875 0.775
vt 0.5625 0.975
vt 0.5875 0.975
vt 0.5875 0.775
vt 0.5875 0.775
vt 0.5875 0.975
vt 0.6125 0.775
vt 0.5875 0.975
vt 0.6125 0.975
vt 0.6125 0.775
vt 0.5125 0.775
vt 0.5125 0.975
vt 0.5375 0.775
vt 0.5125 0.975
vt 0.5375 0.975
vt 0.5375 0.775
vt 0.5375 0.775
vt 0.5375 0.975
vt 0.5625 0.775
vt 0.5375 0.975
vt 0.5625 0.975
vt 0.5625 0.775
vt 0.3875 0.775
vt 0.3875 0.975
vt 0.4875 0.975
vt 0.4875 0.775
vt 0.3875 0.775
vt 0.4875 0.975
vt 0.3875 0.775
vt 0.3875 0.975
vt 0.4875 0.975
vt 0.4875 0.775
vt 0.3875 0.775
vt 0.4875 0.975
vt 0.3875 0.775
vt 0.3875 0.975
vt 0.4875 0.975
vt 0.4875 0.775
vt 0.3875 0.775
vt 0.4875 0.975
vt 0.3875 0.775
vt 0.3875 0.975
vt 0.4875 0.975
vt 0.4875 0.775
vt 0.3875 0.775
vt 0.4875 0.975
vt 0.3875 0.775
vt 0.3875 0.975
vt 0.4875 0.775
vt 0.3875 0.975
vt 0.4875 0.975
vt 0.4875 0.775
vt 0.3875 0.775
vt 0.3875 0.975
vt 0.4875 0.775
vt 0.3875 0.975
vt 0.4875 0.975
vt 0.4875 0.775
vt 0.3875 0.775
vt 0.3875 0.975
vt 0.4875 0.775
vt 0.3875 0.975
vt 0.4875 0.975
vt 0.4875 0.775
vt 0.3875 0.775
vt 0.3875 0.975
vt 0.4875 0.775
vt 0.3875 0.975
vt 0.4875 0.975
vt 0.4875 0.775
vt 0.94792 0.025
vt 0.94792 0.225
vt 0.94792 0.225
vt 0.94792 0.025
vt 0.94792 0.025
vt 0.94792 0.225
vt 0.94792 0.025
vt 0.94792 0.225
vt 0.94792 0.225
vt 0.94792 0.025
vt 0.94792 0.025
vt 0.94792 0.225
vt 0.94792 0.025
vt 0.94792 0.225
vt 0.94792 0.225
vt 0.94792 0.025
vt 0.94792 0.025
vt 0.94792 0.225
vt 0.94792 0.025
vt 0.94792 0.225
vt 0.94792 0.225
vt 0.94792 0.025
vt 0.94792 0.025
vt 0.94792 0.225
vt 0.94792 0.025
vt 0.94792 0.225
vt 0.94792 0.025
vt 0.94792 0.225
vt 0.94792 0.225
vt 0.94792 0.025
vt 0.94792 0.025
vt 0.94792 0.225
vt 0.94792 0.025
vt 0.94792 0.225
vt 0.94792 0.225
vt 0.94792 0.025
vt 0.94792 0.025
vt 0.94792 0.225
vt 0.94792 0.025
vt 0.94792 0.225
vt 0.94792 0.225
vt 0.94792 0.025
vt 0.94792 0.025
vt 0.94792 0.225
vt 0.94792 0.025
vt 0.94792 0.225
vt 0.94792 0.225
vt 0.94792 0.025
vt 0.6375 0.525
vt 0.6375 0.725
vt 0.7375 0.725
vt 0.7375 0.525
vt 0.6375 0.525
vt 0.7375 0.725
vt 0.6375 0.525
vt 0.6375 0.725
vt 0.7375 0.725
vt 0.7375 0.525
vt 0.6375 0.525
vt 0.7375 0.725
vt 0.6375 0.525
vt 0.6375 0.725
vt 0.7375 0.725
vt 0.7375 0.525
vt 0.6375 0.525
vt 0.7375 0.725
vt 0.6375 0.525
vt 0.6375 0.725
vt 0.7375 0.725
vt 0.7375 0.525
vt 0.6375 0.525
vt 0.7375 0.725
vt 0.6375 0.525
vt 0.6375 0.725
vt 0.7375 0.525
vt 0.6375 0.725
vt 0.7375 0.725
vt 0.7375 0.525
vt 0.6375 0.525
vt 0.6375 0.725
vt 0.7375 0.525
vt 0.6375 0.725
vt 0.7375 0.725
vt 0.7375 0.525
vt 0.6375 0.525
vt 0.6375 0.725
vt 0.7375 0.525
vt 0.6375 0.725
vt 0.7375 0.725
vt 0.7375 0.525
vt 0.6375 0.525
vt 0.6375 0.725
vt 0.7375 0.525
vt 0.6375 0.725
vt 0.7375 0.725
vt 0.7375 0.525
vt 0.385 0.525
vt 0.385 0.725
vt 0.435 0.725
vt 0.435 0.525
vt 0.385 0.525
vt 0.435 0.725
vt 0.435 0.525
vt 0.435 0.725
vt 0.485 0.725
vt 0.485 0.525
vt 0.435 0.525
vt 0.485 0.725
vt 0.385 0.525
vt 0.385 0.725
vt 0.435 0.725
vt 0.435 0.525
vt 0.385 0.525
vt 0.435 0.725
vt 0.435 0.525
vt 0.435 0.725
vt 0.485 0.725
vt 0.485 0.525
vt 0.435 0.525
vt 0.485 0.725
vt 0.635 0.525
vt 0.635 0.725
vt 0.685 0.725
vt 0.685 0.525
vt 0.635 0.525
vt 0.685 0.725
vt 0.685 0.525
vt 0.685 0.725
vt 0.735 0.725
vt 0.735 0.525
vt 0.685 0.525
vt 0.735 0.725
vt 0.635 0.525
vt 0.635 0.725
vt 0.685 0.725
vt 0.685 0.525
vt 0.635 0.525
vt 0.685 0.725
vt 0.685 0.525
vt 0.685 0.725
vt 0.735 0.725
vt 0.735 0.525
vt 0.685 0.525
vt 0.735 0.725
vt 0.94792 0.025
vt 0.94792 0.225
vt 0.94792 0.225
vt 0.94792 0.025
vt 0.94792 0.025
vt 0.94792 0.225
vt 0.94792 0.025
vt 0.94792 0.225
vt 0.94792 0.225
vt 0.94792 0.025
vt 0.94792 0.025
vt 0.94792 0.225
vt 0.94792 0.025
vt 0.94792 0.225
vt 0.94792 0.225
vt 0.94792 0.025
vt 0.94792 0.025
vt 0.94792 0.225
vt 0.94792 0.025
vt 0.94792 0.225
vt 0.94792 0.225
vt 0.94792 0.025
vt 0.94792 0.025
vt 0.94792 0.225
vt 0.51 0.775
vt 0.51 0.975
vt 0.56 0.975
vt 0.56 0.775
vt 0.51 0.775
vt 0.56 0.975
vt 0.56 0.775
vt 0.56 0.975
vt 0.61 0.975
vt 0.61 0.775
vt 0.56 0.775
vt 0.61 0.975
vt 0.51 0.775
vt 0.51 0.975
vt 0.56 0.975
vt 0.56 0.775
vt 0.51 0.775
vt 0.56 0.975
vt 0.56 0.775
vt 0.56 0.975
vt 0.61 0.975
vt 0.61 0.775
vt 0.56 0.775
vt 0.61 0.975
vt 0.51 0.775
vt 0.51 0.975
vt 0.56 0.975
vt 0.56 0.775
vt 0.51 0.775
vt 0.56 0.975
vt 0.56 0.775
vt 0.56 0.975
vt 0.61 0.975
vt 0.61 0.775
vt 0.56 0.775
vt 0.61 0.975
vt 0.51 0.775
vt 0.51 0.975
vt 0.56 0.975
vt 0.56 0.775
vt 0.51 0.775
vt 0.56 0.975
vt 0.56 0.775
vt 0.56 0.975
vt 0.61 0.975
vt 0.61 0.775
vt 0.56 0.775
vt 0.61 0.975
vt 0.94792 0.025
vt 0.94792 0.225
vt 0.94792 0.225
vt 0.94792 0.025
vt 0.94792 0.025
vt 0.94792 0.225
vt 0.94792 0.025
vt 0.94792 0.225
vt 0.94792 0.225
vt 0.94792 0.025
vt 0.94792 0.025
vt 0.94792 0.225
vt 0.94792 0.025
vt 0.94792 0.225
vt 0.94792 0.225
vt 0.94792 0.025
vt 0.94792 0.025
vt 0.94792 0.225
vt 0.94792 0.025
vt 0.94792 0.225
vt 0.94792 0.225
vt 0.94792 0.025
vt 0.94792 0.025
vt 0.94792 0.225
vt 0.635 0.525
vt 0.635 0.725
vt 0.685 0.725
vt 0.685 0.525
vt 0.635 0.525
vt 0.685 0.725
vt 0.685 0.525
vt 0.685 0.725
vt 0.735 0.725
vt 0.735 0.525
vt 0.685 0.525
vt 0.735 0.725
vt 0.635 0.525
vt 0.635 0.725
vt 0.685 0.725
vt 0.685 0.525
vt 0.635 0.525
vt 0.685 0.725
vt 0.685 0.525
vt 0.685 0.725
vt 0.735 0.725
vt 0.735 0.525
vt 0.685 0.525
vt 0.735 0.725
vt 0.385 0.525
vt 0.385 0.725
vt 0.435 0.725
vt 0.435 0.525
vt 0.385 0.525
vt 0.435 0.725
vt 0.435 0.525
vt 0.435 0.725
vt 0.485 0.725
vt 0.485 0.525
vt 0.435 0.525
vt 0.485 0.725
vt 0.385 0.525
vt 0.385 0.725
vt 0.435 0.725
vt 0.435 0.525
vt 0.385 0.525
vt 0.435 0.725
vt 0.435 0.525
vt 0.435 0.725
vt 0.485 0.725
vt 0.485 0.525
vt 0.435 0.525
vt 0.485 0.725
vt 0.385 0.525
vt 0.385 0.725
vt 0.435 0.725
vt 0.435 0.525
vt 0.385 0.525
vt 0.435 0.725
vt 0.435 0.525
vt 0.435 0.725
vt 0.485 0.725
vt 0.485 0.525
vt 0.435 0.525
vt 0.485 0.725
vt 0.385 0.525
vt 0.385 0.725
vt 0.435 0.725
vt 0.435 0.525
vt 0.385 0.525
vt 0.435 0.725
vt 0.435 0.525
vt 0.435 0.725
vt 0.485 0.725
vt 0.485 0.525
vt 0.435 0.525
vt 0.485 0.725
vt 0.635 0.525
vt 0.635 0.725
vt 0.685 0.725
vt 0.685 0.525
vt 0.635 0.525
vt 0.685 0.725
vt 0.685 0.525
vt 0.685 0.725
vt 0.735 0.725
vt 0.735 0.525
vt 0.685 0.525
vt 0.735 0.725
vt 0.635 0.525
vt 0.635 0.725
vt 0.685 0.725
vt 0.685 0.525
vt 0.635 0.525
vt 0.685 0.725
vt 0.685 0.525
vt 0.685 0.725
vt 0.735 0.725
vt 0.735 0.525
vt 0.685 0.525
vt 0.735 0.725
vt 0.94792 0.025
vt 0.94792 0.225
vt 0.94792 0.225
vt 0.94792 0.025
vt 0.94792 0.025
vt 0.94792 0.225
vt 0.94792 0.025
vt 0.94792 0.225
vt 0.94792 0.225
vt 0.94792 0.025
vt 0.94792 0.025
vt 0.94792 0.225
vt 0.94792 0.025
vt 0.94792 0.225
vt 0.94792 0.225
vt 0.94792 0.025
vt 0.94792 0.025
vt 0.94792 0.225
vt 0.94792 0.025
vt 0.94792 0.225
vt 0.94792 0.225
vt 0.94792 0.025
vt 0.94792 0.025
vt 0.94792 0.225
vt 0.51 0.775
vt 0.51 0.975
vt 0.56 0.975
vt 0.56 0.775
vt 0.51 0.775
vt 0.56 0.975
vt 0.56 0.775
vt 0.56 0.975
vt 0.61 0.975
vt 0.61 0.775
vt 0.56 0.775
vt 0.61 0.975
vt 0.51 0.775
vt 0.51 0.975
vt 0.56 0.975
vt 0.56 0.775
vt 0.51 0.775
vt 0.56 0.975
vt 0.56 0.775
vt 0.56 0.975
vt 0.61 0.975
vt 0.61 0.775
vt 0.56 0.775
vt 0.61 0.975
vt 0.51 0.775
vt 0.51 0.975
vt 0.56 0.975
vt 0.56 0.775
vt 0.51 0.775
vt 0.56 0.975
vt 0.56 0.775
vt 0.56 0.975
vt 0.61 0.975
vt 0.61 0.775
vt 0.56 0.775
vt 0.61 0.975
vt 0.51 0.775
vt 0.51 0.975
vt 0.56 0.975
vt 0.56 0.775
vt 0.51 0.775
vt 0.56 0.975
vt 0.56 0.775
vt 0.56 0.975
vt 0.61 0.975
vt 0.61 0.775
vt 0.56 0.775
vt 0.61 0.975
vt 0.94792 0.025
vt 0.94792 0.225
vt 0.94792 0.225
vt 0.94792 0.025
vt 0.94792 0.025
vt 0.94792 0.225
vt 0.94792 0.025
vt 0.94792 0.225
vt 0.94792 0.225
vt 0.94792 0.025
vt 0.94792 0.025
vt 0.94792 0.225
vt 0.94792 0.025
vt 0.94792 0.225
vt 0.94792 0.225
vt 0.94792 0.025
vt 0.94792 0.025
vt 0.94792 0.225
vt 0.94792 0.025
vt 0.94792 0.225
vt 0.94792 0.225
vt 0.94792 0.025
vt 0.94792 0.025
vt 0.94792 0.225
vt 0.635 0.525
vt 0.635 0.725
vt 0.685 0.725
vt 0.685 0.525
vt 0.635 0.525
vt 0.685 0.725
vt 0.685 0.525
vt 0.685 0.725
vt 0.735 0.725
vt 0.735 0.525
vt 0.685 0.525
vt 0.735 0.725
vt 0.635 0.525
vt 0.635 0.725
vt 0.685 0.725
vt 0.685 0.525
vt 0.635 0.525
vt 0.685 0.725
vt 0.685 0.525
vt 0.685 0.725
vt 0.735 0.725
vt 0.735 0.525
vt 0.685 0.525
vt 0.735 0.725
vt 0.385 0.525
vt 0.385 0.725
vt 0.435 0.725
vt 0.435 0.525
vt 0.385 0.525
vt 0.435 0.725
vt 0.435 0.525
vt 0.435 0.725
vt 0.485 0.725
vt 0.485 0.525
vt 0.435 0.525
vt 0.485 0.725
vt 0.385 0.525
vt 0.385 0.725
vt 0.435 0.725
vt 0.435 0.525
vt 0.385 0.525
vt 0.435 0.725
vt 0.435 0.525
vt 0.435 0.725
vt 0.485 0.725
vt 0.485 0.525
vt 0.435 0.525
vt 0.485 0.725
vt 0.5125 0.775
vt 0.5125 0.935
vt 0.6125 0.775
vt 0.6125 0.775
vt 0.5125 0.935
vt 0.6125 0.935
vt 0.5125 0.935
vt 0.5125 0.975
vt 0.6125 0.935
vt 0.6125 0.935
vt 0.5125 0.975
vt 0.6125 0.975
vt 0.5125 0.775
vt 0.6125 0.775
vt 0.5125 0.935
vt 0.6125 0.775
vt 0.6125 0.935
vt 0.5125 0.935
vt 0.5125 0.935
vt 0.6125 0.935
vt 0.5125 0.975
vt 0.6125 0.935
vt 0.6125 0.975
vt 0.5125 0.975
vt 0.94792 0.025
vt 0.94792 0.185
vt 0.94792 0.025
vt 0.94792 0.025
vt 0.94792 0.185
vt 0.94792 0.225
vt 0.94792 0.185
vt 0.94792 0.225
vt 0.94792 0.225
vt 0.94792 0.025
vt 0.94792 0.025
vt 0.94792 0.185
vt 0.94792 0.025
vt 0.94792 0.225
vt 0.94792 0.185
vt 0.94792 0.185
vt 0.94792 0.225
vt 0.94792 0.225
vt 0.5125 0.935
vt 0.5125 0.775
vt 0.6125 0.775
vt 0.5125 0.935
vt 0.6125 0.775
vt 0.6125 0.935
vt 0.5125 0.975
vt 0.5125 0.935
vt 0.6125 0.935
vt 0.5125 0.975
vt 0.6125 0.935
vt 0.6125 0.975
vt 0.5125 0.935
vt 0.6125 0.775
vt 0.5125 0.775
vt 0.5125 0.935
vt 0.6125 0.935
vt 0.6125 0.775
vt 0.5125 0.975
vt 0.6125 0.935
vt 0.5125 0.935
vt 0.5125 0.975
vt 0.6125 0.975
vt 0.6125 0.935
vt 0.94792 0.185
vt 0.94792 0.025
vt 0.94792 0.025
vt 0.94792 0.185
vt 0.94792 0.025
vt 0.94792 0.225
vt 0.94792 0.225
vt 0.94792 0.185
vt 0.94792 0.225
vt 0.94792 0.185
vt 0.94792 0.025
vt 0.94792 0.025
vt 0.94792 0.185
vt 0.94792 0.225
vt 0.94792 0.025
vt 0.94792 0.225
vt 0.94792 0.225
vt 0.94792 0.185
vt 0.0125 0.525
vt 0.0125 0.685
vt 0.1125 0.525
vt 0.1125 0.525
vt 0.0125 0.685
vt 0.1125 0.685
vt 0.0125 0.685
vt 0.0125 0.725
vt 0.1125 0.685
vt 0.1125 0.685
vt 0.0125 0.725
vt 0.1125 0.725
vt 0.0125 0.525
vt 0.1125 0.525
vt 0.0125 0.685
vt 0.1125 0.525
vt 0.1125 0.685
vt 0.0125 0.685
vt 0.0125 0.685
vt 0.1125 0.685
vt 0.0125 0.725
vt 0.1125 0.685
vt 0.1125 0.725
vt 0.0125 0.725
vt 0.2625 0.775
vt 0.2625 0.935
vt 0.3625 0.775
vt 0.3625 0.775
vt 0.2625 0.935
vt 0.3625 0.975
vt 0.2625 0.935
vt 0.2625 0.975
vt 0.3625 0.975
vt 0.2625 0.775
vt 0.3625 0.775
vt 0.2625 0.935
vt 0.3625 0.775
vt 0.3625 0.975
vt 0.2625 0.935
vt 0.2625 0.935
vt 0.3625 0.975
vt 0.2625 0.975
vt 0.0125 0.685
vt 0.0125 0.525
vt 0.1125 0.525
vt 0.0125 0.685
vt 0.1125 0.525
vt 0.1125 0.685
vt 0.0125 0.725
vt 0.0125 0.685
vt 0.1125 0.685
vt 0.0125 0.725
vt 0.1125 0.685
vt 0.1125 0.725
vt 0.0125 0.685
vt 0.1125 0.525
vt 0.0125 0.525
vt 0.0125 0.685
vt 0.1125 0.685
vt 0.1125 0.525
vt 0.0125 0.725
vt 0.1125 0.685
vt 0.0125 0.685
vt 0.0125 0.725
vt 0.1125 0.725
vt 0.1125 0.685
vt 0.2625 0.935
vt 0.2625 0.775
vt 0.3625 0.775
vt 0.2625 0.935
vt 0.3625 0.775
vt 0.3625 0.975
vt 0.2625 0.975
vt 0.2625 0.935
vt 0.3625 0.975
vt 0.2625 0.935
vt 0.3625 0.775
vt 0.2625 0.775
vt 0.2625 0.935
vt 0.3625 0.975
vt 0.3625 0.775
vt 0.2625 0.975
vt 0.3625 0.975
vt 0.2625 0.935
vt 0.3875 0.775
vt 0.3875 0.935
vt 0.4875 0.775
vt 0.4875 0.775
vt 0.3875 0.935
vt 0.4875 0.975
vt 0.3875 0.935
vt 0.3875 0.975
vt 0.4875 0.975
vt 0.3875 0.775
vt 0.4875 0.775
vt 0.3875 0.935
vt 0.4875 0.775
vt 0.4875 0.975
vt 0.3875 0.935
vt 0.3875 0.935
vt 0.4875 0.975
vt 0.3875 0.975
vt 0.3875 0.935
vt 0.3875 0.775
vt 0.4875 0.775
vt 0.3875 0.935
vt 0.4875 0.775
vt 0.4875 0.975
vt 0.3875 0.975
vt 0.3875 0.935
vt 0.4875 0.975
vt 0.3875 0.935
vt 0.4875 0.775
vt 0.3875 0.775
vt 0.3875 0.935
vt 0.4875 0.975
vt 0.4875 0.775
vt 0.3875 0.975
vt 0.4875 0.975
vt 0.3875 0.935
vt 0.94792 0.025
vt 0.94792 0.185
vt 0.94792 0.025
vt 0.94792 0.025
vt 0.94792 0.185
vt 0.94792 0.225
vt 0.94792 0.185
vt 0.94792 0.225
vt 0.94792 0.225
vt 0.94792 0.025
vt 0.94792 0.025
vt 0.94792 0.185
vt 0.94792 0.025
vt 0.94792 0.225
vt 0.94792 0.185
vt 0.94792 0.185
vt 0.94792 0.225
vt 0.94792 0.225
vt 0.94792 0.185
vt 0.94792 0.025
vt 0.94792 0.025
vt 0.94792 0.185
vt 0.94792 0.025
vt 0.94792 0.225
vt 0.94792 0.225
vt 0.94792 0.185
vt 0.94792 0.225
vt 0.94792 0.185
vt 0.94792 0.025
vt 0.94792 0.025
vt 0.94792 0.185
vt 0.94792 0.225
vt 0.94792 0.025
vt 0.94792 0.225
vt 0.94792 0.225
vt 0.94792 0.185
vt 0.0125 0.525
vt 0.0125 0.625
vt 0.1125 0.525
vt 0.1125 0.525
vt 0.0125 0.625
vt 0.1125 0.625
vt 0.0125 0.625
vt 0.0125 0.725
vt 0.1125 0.625
vt 0.1125 0.625
vt 0.0125 0.725
vt 0.1125 0.725
vt 0.0125 0.525
vt 0.1125 0.525
vt 0.0125 0.625
vt 0.1125 0.525
vt 0.1125 0.625
vt 0.0125 0.625
vt 0.0125 0.625
vt 0.1125 0.625
vt 0.0125 0.725
vt 0.1125 0.625
vt 0.1125 0.725
vt 0.0125 0.725
vt 0.94792 0.025
vt 0.94792 0.125
vt 0.94792 0.025
vt 0.94792 0.025
vt 0.94792 0.125
vt 0.94792 0.225
vt 0.94792 0.125
vt 0.94792 0.225
vt 0.94792 0.225
vt 0.94792 0.025
vt 0.94792 0.025
vt 0.94792 0.125
vt 0.94792 0.025
vt 0.94792 0.225
vt 0.94792 0.125
vt 0.94792 0.125
vt 0.94792 0.225
vt 0.94792 0.225
vt 0.0125 0.625
vt 0.0125 0.525
vt 0.1125 0.525
vt 0.0125 0.625
vt 0.1125 0.525
vt 0.1125 0.625
vt 0.0125 0.725
vt 0.0125 0.625
vt 0.1125 0.625
vt 0.0125 0.725
vt 0.1125 0.625
vt 0.1125 0.725
vt 0.0125 0.625
vt 0.1125 0.525
vt 0.0125 0.525
vt 0.0125 0.625
vt 0.1125 0.625
vt 0.1125 0.525
vt 0.0125 0.725
vt 0.1125 0.625
vt 0.0125 0.625
vt 0.0125 0.725
vt 0.1125 0.725
vt 0.1125 0.625
vt 0.94792 0.125
vt 0.94792 0.025
vt 0.94792 0.025
vt 0.94792 0.125
vt 0.94792 0.025
vt 0.94792 0.225
vt 0.94792 0.225
vt 0.94792 0.125
vt 0.94792 0.225
vt 0.94792 0.125
vt 0.94792 0.025
vt 0.94792 0.025
vt 0.94792 0.125
vt 0.94792 0.225
vt 0.94792 0.025
vt 0.94792 0.225
vt 0.94792 0.225
vt 0.94792 0.125
vt 0.3875 0.525
vt 0.3875 0.625
vt 0.4875 0.525
vt 0.4875 0.525
vt 0.3875 0.625
vt 0.4875 0.625
vt 0.3875 0.625
vt 0.3875 0.725
vt 0.4875 0.625
vt 0.4875 0.625
vt 0.3875 0.725
vt 0.4875 0.725
vt 0.3875 0.525
vt 0.4875 0.525
vt 0.3875 0.625
vt 0.4875 0.525
vt 0.4875 0.625
vt 0.3875 0.625
vt 0.3875 0.625
vt 0.4875 0.625
vt 0.3875 0.725
vt 0.4875 0.625
vt 0.4875 0.725
vt 0.3875 0.725
vt 0.5125 0.775
vt 0.5125 0.875
vt 0.6125 0.775
vt 0.6125 0.775
vt 0.5125 0.875
vt 0.6125 0.975
vt 0.5125 0.875
vt 0.5125 0.975
vt 0.6125 0.975
vt 0.5125 0.775
vt 0.6125 0.775
vt 0.5125 0.875
vt 0.6125 0.775
vt 0.6125 0.975
vt 0.5125 0.875
vt 0.5125 0.875
vt 0.6125 0.975
vt 0.5125 0.975
vt 0.3875 0.625
vt 0.3875 0.525
vt 0.4875 0.525
vt 0.3875 0.625
vt 0.4875 0.525
vt 0.4875 0.625
vt 0.3875 0.725
vt 0.3875 0.625
vt 0.4875 0.625
vt 0.3875 0.725
vt 0.4875 0.625
vt 0.4875 0.725
vt 0.3875 0.625
vt 0.4875 0.525
vt 0.3875 0.525
vt 0.3875 0.625
vt 0.4875 0.625
vt 0.4875 0.525
vt 0.3875 0.725
vt 0.4875 0.625
vt 0.3875 0.625
vt 0.3875 0.725
vt 0.4875 0.725
vt 0.4875 0.625
vt 0.5125 0.875
vt 0.5125 0.775
vt 0.6125 0.775
vt 0.5125 0.875
vt 0.6125 0.775
vt 0.6125 0.975
vt 0.5125 0.975
vt 0.5125 0.875
vt 0.6125 0.975
vt 0.5125 0.875
vt 0.6125 0.775
vt 0.5125 0.775
vt 0.5125 0.875
vt 0.6125 0.975
vt 0.6125 0.775
vt 0.5125 0.975
vt 0.6125 0.975
vt 0.5125 0.875

f 9/1 1/2 2/3
f 10/4 9/5 2/6
f 10/7 2/8 3/9
f 11/10 10/11 3/12
f 11/13 3/14 4/15
f 12/16 11/17 4/18
f 12/19 4/20 5/21
f 13/22 12/23 5/24
f 13/25 5/26 14/27
f 5/28 6/29 14/30
f 14/31 6/32 15/33
f 6/34 7/35 15/36
f 15/37 7/38 16/39
f 7/40 8/41 16/42
f 16/43 8/44 9/45
f 8/46 1/47 9/48
f 17/49 9/50 10/51
f 18/52 17/53 10/54
f 18/55 10/56 11/57
f 19/58 18/59 11/60
f 19/61 11/62 12/63
f 20/64 19/65 12/66
f 20/67 12/68 13/69
f 21/70 20/71 13/72
f 21/73 13/74 22/75
f 13/76 14/77 22/78
f 22/79 14/80 23/81
f 14/82 15/83 23/84
f 23/85 15/86 24/87
f 15/88 16/89 24/90
f 24/91 16/92 17/93
f 16/94 9/95 17/96
f 25/97 17/98 18/99
f 26/100 25/101 18/102
f 26/103 18/104 19/105
f 27/106 26/107 19/108
f 27/109 19/110 20/111
f 28/112 27/113 20/114
f 28/115 20/116 21/117
f 29/118 28/119 21/120
f 29/121 21/122 30/123
f 21/124 22/125 30/126
f 30/127 22/128 31/129
f 22/130 23/131 31/132
f 31/133 23/134 32/135
f 23/136 24/137 32/138
f 32/139 24/140 25/141
f 24/142 17/143 25/144
f 33/145 25/146 26/147
f 34/148 33/149 26/150
f 34/151 26/152 27/153
f 35/154 34/155 27/156
f 35/157 27/158 28/159
f 36/160 35/161 28/162
f 36/163 28/164 29/165
f 37/166 36/167 29/168
f 37/169 29/170 38/171
f 29/172 30/173 38/174
f 38/175 30/176 39/177
f 30/178 31/179 39/180
f 39/181 31/182 40/183
f 31/184 32/185 40/186
f 40/187 32/188 33/189
f 32/190 25/191 33/192
f 41/193 33/194 34/195
f 42/196 41/197 34/198
f 42/199 34/200 35/201
f 43/202 42/203 35/204
f 43/205 35/206 36/207
f 44/208 43/209 36/210
f 44/211 36/212 37/213
f 45/214 44/215 37/216
f 45/217 37/218 46/219
f 37/220 38/221 46/222
f 46/223 38/224 47/225
f 38/226 39/227 47/228
f 47/229 39/230 48/231
f 39/232 40/233 48/234
f 48/235 40/236 41/237
f 40/238 33/239 41/240
f 49/241 41/242 42/243
f 50/244 49/245 42/246
f 50/247 42/248 43/249
f 51/250 50/251 43/252
f 51/253 43/254 44/255
f 52/256 51/257 44/258
f 52/259 44/260 45/261
f 53/262 52/263 45/264
f 53/265 45/266 54/267
f 45/268 46/269 54/270
f 54/271 46/272 55/273
f 46/274 47/275 55/276
f 55/277 47/278 56/279
f 47/280 48/281 56/282
f 56/283 48/284 49/285
f 48/286 41/287 49/288
f 57/289 49/290 50/291
f 58/292 57/293 50/294
f 58/295 50/296 51/297
f 59/298 58/299 51/300
f 59/301 51/302 52/303
f 60/304 59/305 52/306
f 60/307 52/308 53/309
f 61/310 60/311 53/312
f 61/313 53/314 62/315
f 53/316 54/317 62/318
f 62/319 54/320 63/321
f 54/322 55/323 63/324
f 63/325 55/326 64/327
f 55/328 56/329 64/330
f 64/331 56/332 57/333
f 56/334 49/335 57/336
f 65/337 57/338 58/339
f 66/340 65/341 58/342
f 66/343 58/344 59/345
f 67/346 66/347 59/348
f 67/349 59/350 60/351
f 68/352 67/353 60/354
f 68/355 60/356 61/357
f 69/358 68/359 61/360
f 69/361 61/362 70/363
f 61/364 62/365 70/366
f 70/367 62/368 71/369
f 62/370 63/371 71/372
f 71/373 63/374 72/375
f 63/376 64/377 72/378
f 72/379 64/380 65/381
f 64/382 57/383 65/384
f 73/385 65/386 66/387
f 74/388 73/389 66/390
f 74/391 66/392 67/393
f 75/394 74/395 67/396
f 75/397 67/398 68/399
f 76/400 75/401 68/402
f 76/403 68/404 69/405
f 77/406 76/407 69/408
f 77/409 69/410 78/411
f 69/412 70/413 78/414
f 78/415 70/416 79/417
f 70/418 71/419 79/420
f 79/421 71/422 80/423
f 71/424 72/425 80/426
f 80/427 72/428 73/429
f 72/430 65/431 73/432
f 81/433 73/434 74/435
f 82/436 81/437 74/438
f 82/439 74/440 75/441
f 83/442 82/443 75/444
f 83/445 75/446 76/447
f 84/448 83/449 76/450
f 84/451 76/452 77/453
f 85/454 84/455 77/456
f 85/457 77/458 86/459
f 77/460 78/461 86/462
f 86/463 78/464 87/465
f 78/466 79/467 87/468
f 87/469 79/470 88/471
f 79/472 80/473 88/474
f 88/475 80/476 81/477
f 80/478 73/479 81/480
f 89/481 81/482 82/483
f 90/484 89/485 82/486
f 90/487 82/488 83/489
f 91/490 90/491 83/492
f 91/493 83/494 84/495
f 92/496 91/497 84/498
f 92/499 84/500 85/501
f 93/502 92/503 85/504
f 93/505 85/506 94/507
f 85/508 86/509 94/510
f 94/511 86/512 95/513
f 86/514 87/515 95/516
f 95/517 87/518 96/519
f 87/520 88/521 96/522
f 96/523 88/524 89/525
f 88/526 81/527 89/528
f 97/529 89/530 90/531
f 98/532 97/533 90/534
f 98/535 90/536 91/537
f 99/538 98/539 91/540
f 99/541 91/542 92/543
f 100/544 99/545 92/546
f 100/547 92/548 93/549
f 101/550 100/551 93/552
f 101/553 93/554 102/555
f 93/556 94/557 102/558
f 102/559 94/560 103/561
f 94/562 95/563 103/564
f 103/565 95/566 104/567
f 95/568 96/569 104/570
f 104/571 96/572 97/573
f 96/574 89/575 97/576
f 105/577 97/578 98/579
f 106/580 105/581 98/582
f 106/583 98/584 99/585
f 107/586 106/587 99/588
f 107/589 99/590 100/591
f 108/592 107/593 100/594
f 108/595 100/596 101/597
f 109/598 108/599 101/600
f 109/601 101/602 110/603
f 101/604 102/605 110/606
f 110/607 102/608 111/609
f 102/610 103/611 111/612
f 111/613 103/614 112/615
f 103/616 104/617 112/618
f 112/619 104/620 105/621
f 104/622 97/623 105/624
f 113/625 105/626 106/627
f 114/628 113/629 106/630
f 114/631 106/632 107/633
f 115/634 114/635 107/636
f 115/637 107/638 108/639
f 116/640 115/641 108/642
f 116/643 108/644 109/645
f 117/646 116/647 109/648
f 117/649 109/650 118/651
f 109/652 110/653 118/654
f 118/655 110/656 119/657
f 110/658 111/659 119/660
f 119/661 111/662 120/663
f 111/664 112/665 120/666
f 120/667 112/668 113/669
f 112/670 105/671 113/672
f 129/673 121/674 122/675
f 130/676 129/677 122/678
f 130/679 122/680 123/681
f 131/682 130/683 123/684
f 131/685 123/686 124/687
f 132/688 131/689 124/690
f 132/691 124/692 125/693
f 133/694 132/695 125/696
f 133/697 125/698 134/699
f 125/700 126/701 134/702
f 134/703 126/704 135/705
f 126/706 127/707 135/708
f 135/709 127/710 136/711
f 127/712 128/713 136/714
f 136/715 128/716 129/717
f 128/718 121/719 129/720
f 137/721 129/722 130/723
f 138/724 137/725 130/726
f 138/727 130/728 131/729
f 139/730 138/731 131/732
f 139/733 131/734 132/735
f 140/736 139/737 132/738
f 140/739 132/740 133/741
f 141/742 140/743 133/744
f 141/745 133/746 142/747
f 133/748 134/749 142/750
f 142/751 134/752 143/753
f 134/754 135/755 143/756
f 143/757 135/758 144/759
f 135/760 136/761 144/762
f 144/763 136/764 137/765
f 136/766 129/767 137/768
f 145/769 137/770 138/771
f 146/772 145/773 138/774
f 146/775 138/776 139/777
f 147/778 146/779 139/780
f 147/781 139/782 140/783
f 148/784 147/785 140/786
f 148/787 140/788 141/789
f 149/790 148/791 141/792
f 149/793 141/794 150/795
f 141/796 142/797 150/798
f 150/799 142/800 151/801
f 142/802 143/803 151/804
f 151/805 143/806 152/807
f 143/808 144/809 152/810
f 152/811 144/812 145/813
f 144/814 137/815 145/816
f 153/817 145/818 146/819
f 154/820 153/821 146/822
f 154/823 146/824 147/825
f 155/826 154/827 147/828
f 155/829 147/830 148/831
f 156/832 155/833 148/834
f 156/835 148/836 149/837
f 157/838 156/839 149/840
f 157/841 149/842 158/843
f 149/844 150/845 158/846
f 158/847 150/848 159/849
f 150/850 151/851 159/852
f 159/853 151/854 160/855
f 151/856 152/857 160/858
f 160/859 152/860 153/861
f 152/862 145/863 153/864
f 161/865 153/866 154/867
f 162/868 161/869 154/870
f 162/871 154/872 155/873
f 163/874 162/875 155/876
f 163/877 155/878 156/879
f 164/880 163/881 156/882
f 164/883 156/884 157/885
f 165/886 164/887 157/888
f 165/889 157/890 166/891
f 157/892 158/893 166/894
f 166/895 158/896 167/897
f 158/898 159/899 167/900
f 167/901 159/902 168/903
f 159/904 160/905 168/906
f 168/907 160/908 161/909
f 160/910 153/911 161/912
f 169/913 161/914 162/915
f 170/916 169/917 162/918
f 170/919 162/920 163/921
f 171/922 170/923 163/924
f 171/925 163/926 164/927
f 172/928 171/929 164/930
f 172/931 164/932 165/933
f 173/934 172/935 165/936
f 173/937 165/938 174/939
f 165/940 166/941 174/942
f 174/943 166/944 175/945
f 166/946 167/947 175/948
f 175/949 167/950 176/951
f 167/952 168/953 176/954
f 176/955 168/956 169/957
f 168/958 161/959 169/960
f 177/961 169/962 170/963
f 178/964 177/965 170/966
f 178/967 170/968 171/969
f 179/970 178/971 171/972
f 179/973 171/974 172/975
f 180/976 179/977 172/978
f 180/979 172/980 173/981
f 181/982 180/983 173/984
f 181/985 173/986 182/987
f 173/988 174/989 182/990
f 182/991 174/992 183/993
f 174/994 175/995 183/996
f 183/997 175/998 184/999
f 175/1000 176/1001 184/1002
f 184/1003 176/1004 177/1005
f 176/1006 169/1007 177/1008
f 185/1009 177/1010 178/1011
f 186/1012 185/1013 178/1014
f 186/1015 178/1016 179/1017
f 187/1018 186/1019 179/1020
f 187/1021 179/1022 180/1023
f 188/1024 187/1025 180/1026
f 188/1027 180/1028 181/1029
f 189/1030 188/1031 181/1032
f 189/1033 181/1034 190/1035
f 181/1036 182/1037 190/1038
f 190/1039 182/1040 191/1041
f 182/1042 183/1043 191/1044
f 191/1045 183/1046 192/1047
f 183/1048 184/1049 192/1050
f 192/1051 184/1052 185/1053
f 184/1054 177/1055 185/1056
f 201/1057 193/1058 194/1059
f 202/1060 201/1061 194/1062
f 202/1063 194/1064 195/1065
f 203/1066 202/1067 195/1068
f 203/1069 195/1070 196/1071
f 204/1072 203/1073 196/1074
f 204/1075 196/1076 197/1077
f 205/1078 204/1079 197/1080
f 205/1081 197/1082 206/1083
f 197/1084 198/1085 206/1086
f 206/1087 198/1088 207/1089
f 198/1090 199/1091 207/1092
f 207/1093 199/1094 208/1095
f 199/1096 200/1097 208/1098
f 208/1099 200/1100 201/1101
f 200/1102 193/1103 201/1104
f 209/1105 201/1106 202/1107
f 210/1108 209/1109 202/1110
f 210/1111 202/1112 203/1113
f 211/1114 210/1115 203/1116
f 211/1117 203/1118 204/1119
f 212/1120 211/1121 204/1122
f 212/1123 204/1124 205/1125
f 213/1126 212/1127 205/1128
f 213/1129 205/1130 214/1131
f 205/1132 206/1133 214/1134
f 214/1135 206/1136 215/1137
f 206/1138 207/1139 215/1140
f 215/1141 207/1142 216/1143
f 207/1144 208/1145 216/1146
f 216/1147 208/1148 209/1149
f 208/1150 201/1151 209/1152
f 217/1153 209/1154 210/1155
f 218/1156 217/1157 210/1158
f 218/1159 210/1160 211/1161
f 219/1162 218/1163 211/1164
f 219/1165 211/1166 212/1167
f 220/1168 219/1169 212/1170
f 220/1171 212/1172 213/1173
f 221/1174 220/1175 213/1176
f 221/1177 213/1178 222/1179
f 213/1180 214/1181 222/1182
f 222/1183 214/1184 223/1185
f 214/1186 215/1187 223/1188
f 223/1189 215/1190 224/1191
f 215/1192 216/1193 224/1194
f 224/1195 216/1196 217/1197
f 216/1198 209/1199 217/1200
f 225/1201 217/1202 218/1203
f 226/1204 225/1205 218/1206
f 226/1207 218/1208 219/1209
f 227/1210 226/1211 219/1212
f 227/1213 219/1214 220/1215
f 228/1216 227/1217 220/1218
f 228/1219 220/1220 221/1221
f 229/1222 228/1223 221/1224
f 229/1225 221/1226 230/1227
f 221/1228 222/1229 230/1230
f 230/1231 222/1232 231/1233
f 222/1234 223/1235 231/1236
f 231/1237 223/1238 232/1239
f 223/1240 224/1241 232/1242
f 232/1243 224/1244 225/1245
f 224/1246 217/1247 225/1248
f 233/1249 225/1250 226/1251
f 234/1252 233/1253 226/1254
f 234/1255 226/1256 227/1257
f 235/1258 234/1259 227/1260
f 235/1261 227/1262 228/1263
f 236/1264 235/1265 228/1266
f 236/1267 228/1268 229/1269
f 237/1270 236/1271 229/1272
f 237/1273 229/1274 238/1275
f 229/1276 230/1277 238/1278
f 238/1279 230/1280 239/1281
f 230/1282 231/1283 239/1284
f 239/1285 231/1286 240/1287
f 231/1288 232/1289 240/1290
f 240/1291 232/1292 233/1293
f 232/1294 225/1295 233/1296
f 241/1297 233/1298 234/1299
f 242/1300 241/1301 234/1302
f 242/1303 234/1304 235/1305
f 243/1306 242/1307 235/1308
f 243/1309 235/1310 236/1311
f 244/1312 243/1313 236/1314
f 244/1315 236/1316 237/1317
f 245/1318 244/1319 237/1320
f 245/1321 237/1322 246/1323
f 237/1324 238/1325 246/1326
f 246/1327 238/1328 247/1329
f 238/1330 239/1331 247/1332
f 247/1333 239/1334 248/1335
f 239/1336 240/1337 248/1338
f 248/1339 240/1340 241/1341
f 240/1342 233/1343 241/1344
f 249/1345 241/1346 242/1347
f 250/1348 249/1349 242/1350
f 250/1351 242/1352 243/1353
f 251/1354 250/1355 243/1356
f 251/1357 243/1358 244/1359
f 252/1360 251/1361 244/1362
f 252/1363 244/1364 245/1365
f 253/1366 252/1367 245/1368
f 253/1369 245/1370 254/1371
f 245/1372 246/1373 254/1374
f 254/1375 246/1376 255/1377
f 246/1378 247/1379 255/1380
f 255/1381 247/1382 256/1383
f 247/1384 248/1385 256/1386
f 256/1387 248/1388 249/1389
f 248/1390 241/1391 249/1392
f 257/1393 249/1394 250/1395
f 258/1396 257/1397 250/1398
f 258/1399 250/1400 251/1401
f 259/1402 258/1403 251/1404
f 259/1405 251/1406 252/1407
f 260/1408 259/1409 252/1410
f 260/1411 252/1412 253/1413
f 261/1414 260/1415 253/1416
f 261/1417 253/1418 262/1419
f 253/1420 254/1421 262/1422
f 262/1423 254/1424 263/1425
f 254/1426 255/1427 263/1428
f 263/1429 255/1430 264/1431
f 255/1432 256/1433 264/1434
f 264/1435 256/1436 257/1437
f 256/1438 249/1439 257/1440
f 273/1441 265/1442 266/1443
f 274/1444 273/1445 266/1446
f 274/1447 266/1448 267/1449
f 275/1450 274/1451 267/1452
f 275/1453 267/1454 268/1455
f 276/1456 275/1457 268/1458
f 276/1459 268/1460 269/1461
f 277/1462 276/1463 269/1464
f 277/1465 269/1466 278/1467
f 269/1468 270/1469 278/1470
f 278/1471 270/1472 279/1473
f 270/1474 271/1475 279/1476
f 279/1477 271/1478 280/1479
f 271/1480 272/1481 280/1482
f 280/1483 272/1484 273/1485
f 272/1486 265/1487 273/1488
f 281/1489 273/1490 274/1491
f 282/1492 281/1493 274/1494
f 282/1495 274/1496 275/1497
f 283/1498 282/1499 275/1500
f 283/1501 275/1502 276/1503
f 284/1504 283/1505 276/1506
f 284/1507 276/1508 277/1509
f 285/1510 284/1511 277/1512
f 285/1513 277/1514 286/1515
f 277/1516 278/1517 286/1518
f 286/1519 278/1520 287/1521
f 278/1522 279/1523 287/1524
f 287/1525 279/1526 288/1527
f 279/1528 280/1529 288/1530
f 288/1531 280/1532 281/1533
f 280/1534 273/1535 281/1536
f 289/1537 281/1538 282/1539
f 290/1540 289/1541 282/1542
f 290/1543 282/1544 283/1545
f 291/1546 290/1547 283/1548
f 291/1549 283/1550 284/1551
f 292/1552 291/1553 284/1554
f 292/1555 284/1556 285/1557
f 293/1558 292/1559 285/1560
f 293/1561 285/1562 294/1563
f 285/1564 286/1565 294/1566
f 294/1567 286/1568 295/1569
f 286/1570 287/1571 295/1572
f 295/1573 287/1574 296/1575
f 287/1576 288/1577 296/1578
f 296/1579 288/1580 289/1581
f 288/1582 281/1583 289/1584
f 297/1585 289/1586 290/1587
f 298/1588 297/1589 290/1590
f 298/1591 290/1592 291/1593
f 299/1594 298/1595 291/1596
f 299/1597 291/1598 292/1599
f 300/1600 299/1601 292/1602
f 300/1603 292/1604 293/1605
f 301/1606 300/1607 293/1608
f 301/1609 293/1610 302/1611
f 293/1612 294/1613 302/1614
f 302/1615 294/1616 303/1617
f 294/1618 295/1619 303/1620
f 303/1621 295/1622 304/1623
f 295/1624 296/1625 304/1626
f 304/1627 296/1628 297/1629
f 296/1630 289/1631 297/1632
f 305/1633 297/1634 298/1635
f 306/1636 305/1637 298/1638
f 306/1639 298/1640 299/1641
f 307/1642 306/1643 299/1644
f 307/1645 299/1646 300/1647
f 308/1648 307/1649 300/1650
f 308/1651 300/1652 301/1653
f 309/1654 308/1655 301/1656
f 309/1657 301/1658 310/1659
f 301/1660 302/1661 310/1662
f 310/1663 302/1664 311/1665
f 302/1666 303/1667 311/1668
f 311/1669 303/1670 312/1671
f 303/1672 304/1673 312/1674
f 312/1675 304/1676 305/1677
f 304/1678 297/1679 305/1680
f 321/1681 313/1682 314/1683
f 322/1684 321/1685 314/1686
f 322/1687 314/1688 315/1689
f 323/1690 322/1691 315/1692
f 323/1693 315/1694 316/1695
f 324/1696 323/1697 316/1698
f 324/1699 316/1700 317/1701
f 325/1702 324/1703 317/1704
f 325/1705 317/1706 326/1707
f 317/1708 318/1709 326/1710
f 326/1711 318/1712 327/1713
f 318/1714 319/1715 327/1716
f 327/1717 319/1718 328/1719
f 319/1720 320/1721 328/1722
f 328/1723 320/1724 321/1725
f 320/1726 313/1727 321/1728
f 329/1729 321/1730 322/1731
f 330/1732 329/1733 322/1734
f 330/1735 322/1736 323/1737
f 331/1738 330/1739 323/1740
f 331/1741 323/1742 324/1743
f 332/1744 331/1745 324/1746
f 332/1747 324/1748 325/1749
f 333/1750 332/1751 325/1752
f 333/1753 325/1754 334/1755
f 325/1756 326/1757 334/1758
f 334/1759 326/1760 335/1761
f 326/1762 327/1763 335/1764
f 335/1765 327/1766 336/1767
f 327/1768 328/1769 336/1770
f 336/1771 328/1772 329/1773
f 328/1774 321/1775 329/1776
f 337/1777 329/1778 330/1779
f 338/1780 337/1781 330/1782
f 338/1783 330/1784 331/1785
f 339/1786 338/1787 331/1788
f 339/1789 331/1790 332/1791
f 340/1792 339/1793 332/1794
f 340/1795 332/1796 333/1797
f 341/1798 340/1799 333/1800
f 341/1801 333/1802 342/1803
f 333/1804 334/1805 342/1806
f 342/1807 334/1808 343/1809
f 334/1810 335/1811 343/1812
f 343/1813 335/1814 344/1815
f 335/1816 336/1817 344/1818
f 344/1819 336/1820 337/1821
f 336/1822 329/1823 337/1824
f 345/1825 337/1826 338/1827
f 346/1828 345/1829 338/1830
f 346/1831 338/1832 339/1833
f 347/1834 346/1835 339/1836
f 347/1837 339/1838 340/1839
f 348/1840 347/1841 340/1842
f 348/1843 340/1844 341/1845
f 349/1846 348/1847 341/1848
f 349/1849 341/1850 350/1851
f 341/1852 342/1853 350/1854
f 350/1855 342/1856 351/1857
f 342/1858 343/1859 351/1860
f 351/1861 343/1862 352/1863
f 343/1864 344/1865 352/1866
f 352/1867 344/1868 345/1869
f 344/1870 337/1871 345/1872
f 353/1873 345/1874 346/1875
f 354/1876 353/1877 346/1878
f 354/1879 346/1880 347/1881
f 355/1882 354/1883 347/1884
f 355/1885 347/1886 348/1887
f 356/1888 355/1889 348/1890
f 356/1891 348/1892 349/1893
f 357/1894 356/1895 349/1896
f 357/1897 349/1898 358/1899
f 349/1900 350/1901 358/1902
f 358/1903 350/1904 359/1905
f 350/1906 351/1907 359/1908
f 359/1909 351/1910 360/1911
f 351/1912 352/1913 360/1914
f 360/1915 352/1916 353/1917
f 352/1918 345/1919 353/1920
f 373/1921 361/1922 362/1923
f 374/1924 373/1925 362/1926
f 374/1927 362/1928 363/1929
f 375/1930 374/1931 363/1932
f 375/1933 363/1934 364/1935
f 376/1936 375/1937 364/1938
f 376/1939 364/1940 365/1941
f 377/1942 376/1943 365/1944
f 377/1945 365/1946 366/1947
f 378/1948 377/1949 366/1950
f 378/1951 366/1952 367/1953
f 379/1954 378/1955 367/1956
f 379/1957 367/1958 380/1959
f 367/1960 368/1961 380/1962
f 380/1963 368/1964 381/1965
f 368/1966 369/1967 381/1968
f 381/1969 369/1970 382/1971
f 369/1972 370/1973 382/1974
f 382/1975 370/1976 383/1977
f 370/1978 371/1979 383/1980
f 383/1981 371/1982 384/1983
f 371/1984 372/1985 384/1986
f 384/1987 372/1988 373/1989
f 372/1990 361/1991 373/1992
f 385/1993 373/1994 374/1995
f 386/1996 385/1997 374/1998
f 386/1999 374/2000 375/2001
f 387/2002 386/2003 375/2004
f 387/2005 375/2006 376/2007
f 388/2008 387/2009 376/2010
f 388/2011 376/2012 377/2013
f 389/2014 388/2015 377/2016
f 389/2017 377/2018 378/2019
f 390/2020 389/2021 378/2022
f 390/2023 378/2024 379/2025
f 391/2026 390/2027 379/2028
f 391/2029 379/2030 392/2031
f 379/2032 380/2033 392/2034
f 392/2035 380/2036 393/2037
f 380/2038 381/2039 393/2040
f 393/2041 381/2042 394/2043
f 381/2044 382/2045 394/2046
f 394/2047 382/2048 395/2049
f 382/2050 383/2051 395/2052
f 395/2053 383/2054 396/2055
f 383/2056 384/2057 396/2058
f 396/2059 384/2060 385/2061
f 384/2062 373/2063 385/2064
f 397/2065 385/2066 386/2067
f 398/2068 397/2069 386/2070
f 398/2071 386/2072 387/2073
f 399/2074 398/2075 387/2076
f 399/2077 387/2078 388/2079
f 400/2080 399/2081 388/2082
f 400/2083 388/2084 389/2085
f 401/2086 400/2087 389/2088
f 401/2089 389/2090 390/2091
f 402/2092 401/2093 390/2094
f 402/2095 390/2096 391/2097
f 403/2098 402/2099 391/2100
f 403/2101 391/2102 404/2103
f 391/2104 392/2105 404/2106
f 404/2107 392/2108 405/2109
f 392/2110 393/2111 405/2112
f 405/2113 393/2114 406/2115
f 393/2116 394/2117 406/2118
f 406/2119 394/2120 407/2121
f 394/2122 395/2123 407/2124
f 407/2125 395/2126 408/2127
f 395/2128 396/2129 408/2130
f 408/2131 396/2132 397/2133
f 396/2134 385/2135 397/2136
f 409/2137 397/2138 398/2139
f 410/2140 409/2141 398/2142
f 410/2143 398/2144 399/2145
f 411/2146 410/2147 399/2148
f 411/2149 399/2150 400/2151
f 412/2152 411/2153 400/2154
f 412/2155 400/2156 401/2157
f 413/2158 412/2159 401/2160
f 413/2161 401/2162 402/2163
f 414/2164 413/2165 402/2166
f 414/2167 402/2168 403/2169
f 415/2170 414/2171 403/2172
f 415/2173 403/2174 416/2175
f 403/2176 404/2177 416/2178
f 416/2179 404/2180 417/2181
f 404/2182 405/2183 417/2184
f 417/2185 405/2186 418/2187
f 405/2188 406/2189 418/2190
f 418/2191 406/2192 419/2193
f 406/2194 407/2195 419/2196
f 419/2197 407/2198 420/2199
f 407/2200 408/2201 420/2202
f 420/2203 408/2204 409/2205
f 408/2206 397/2207 409/2208
f 421/2209 409/2210 410/2211
f 422/2212 421/2213 410/2214
f 422/2215 410/2216 411/2217
f 423/2218 422/2219 411/2220
f 423/2221 411/2222 412/2223
f 424/2224 423/2225 412/2226
f 424/2227 412/2228 413/2229
f 425/2230 424/2231 413/2232
f 425/2233 413/2234 414/2235
f 426/2236 425/2237 414/2238
f 426/2239 414/2240 415/2241
f 427/2242 426/2243 415/2244
f 427/2245 415/2246 428/2247
f 415/2248 416/2249 428/2250
f 428/2251 416/2252 429/2253
f 416/2254 417/2255 429/2256
f 429/2257 417/2258 430/2259
f 417/2260 418/2261 430/2262
f 430/2263 418/2264 431/2265
f 418/2266 419/2267 431/2268
f 431/2269 419/2270 432/2271
f 419/2272 420/2273 432/2274
f 432/2275 420/2276 421/2277
f 420/2278 409/2279 421/2280
f 433/2281 421/2282 422/2283
f 434/2284 433/2285 422/2286
f 434/2287 422/2288 423/2289
f 435/2290 434/2291 423/2292
f 435/2293 423/2294 424/2295
f 436/2296 435/2297 424/2298
f 436/2299 424/2300 425/2301
f 437/2302 436/2303 425/2304
f 437/2305 425/2306 426/2307
f 438/2308 437/2309 426/2310
f 438/2311 426/2312 427/2313
f 439/2314 438/2315 427/2316
f 439/2317 427/2318 440/2319
f 427/2320 428/2321 440/2322
f 440/2323 428/2324 441/2325
f 428/2326 429/2327 441/2328
f 441/2329 429/2330 442/2331
f 429/2332 430/2333 442/2334
f 442/2335 430/2336 443/2337
f 430/2338 431/2339 443/2340
f 443/2341 431/2342 444/2343
f 431/2344 432/2345 444/2346
f 444/2347 432/2348 433/2349
f 432/2350 421/2351 433/2352
f 445/2353 433/2354 434/2355
f 446/2356 445/2357 434/2358
f 446/2359 434/2360 435/2361
f 447/2362 446/2363 435/2364
f 447/2365 435/2366 436/2367
f 448/2368 447/2369 436/2370
f 448/2371 436/2372 437/2373
f 449/2374 448/2375 437/2376
f 449/2377 437/2378 438/2379
f 450/2380 449/2381 438/2382
f 450/2383 438/2384 439/2385
f 451/2386 450/2387 439/2388
f 451/2389 439/2390 452/2391
f 439/2392 440/2393 452/2394
f 452/2395 440/2396 453/2397
f 440/2398 441/2399 453/2400
f 453/2401 441/2402 454/2403
f 441/2404 442/2405 454/2406
f 454/2407 442/2408 455/2409
f 442/2410 443/2411 455/2412
f 455/2413 443/2414 456/2415
f 443/2416 444/2417 456/2418
f 456/2419 444/2420 445/2421
f 444/2422 433/2423 445/2424
f 469/2425 457/2426 458/2427
f 470/2428 469/2429 458/2430
f 470/2431 458/2432 459/2433
f 471/2434 470/2435 459/2436
f 471/2437 459/2438 460/2439
f 472/2440 471/2441 460/2442
f 472/2443 460/2444 461/2445
f 473/2446 472/2447 461/2448
f 473/2449 461/2450 462/2451
f 474/2452 473/2453 462/2454
f 474/2455 462/2456 463/2457
f 475/2458 474/2459 463/2460
f 475/2461 463/2462 476/2463
f 463/2464 464/2465 476/2466
f 476/2467 464/2468 477/2469
f 464/2470 465/2471 477/2472
f 477/2473 465/2474 478/2475
f 465/2476 466/2477 478/2478
f 478/2479 466/2480 479/2481
f 466/2482 467/2483 479/2484
f 479/2485 467/2486 480/2487
f 467/2488 468/2489 480/2490
f 480/2491 468/2492 469/2493
f 468/2494 457/2495 469/2496
f 481/2497 469/2498 470/2499
f 482/2500 481/2501 470/2502
f 482/2503 470/2504 471/2505
f 483/2506 482/2507 471/2508
f 483/2509 471/2510 472/2511
f 484/2512 483/2513 472/2514
f 484/2515 472/2516 473/2517
f 485/2518 484/2519 473/2520
f 485/2521 473/2522 474/2523
f 486/2524 485/2525 474/2526
f 486/2527 474/2528 475/2529
f 487/2530 486/2531 475/2532
f 487/2533 475/2534 488/2535
f 475/2536 476/2537 488/2538
f 488/2539 476/2540 489/2541
f 476/2542 477/2543 489/2544
f 489/2545 477/2546 490/2547
f 477/2548 478/2549 490/2550
f 490/2551 478/2552 491/2553
f 478/2554 479/2555 491/2556
f 491/2557 479/2558 492/2559
f 479/2560 480/2561 492/2562
f 492/2563 480/2564 481/2565
f 480/2566 469/2567 481/2568
f 493/2569 481/2570 482/2571
f 494/2572 493/2573 482/2574
f 494/2575 482/2576 483/2577
f 495/2578 494/2579 483/2580
f 495/2581 483/2582 484/2583
f 496/2584 495/2585 484/2586
f 496/2587 484/2588 485/2589
f 497/2590 496/2591 485/2592
f 497/2593 485/2594 486/2595
f 498/2596 497/2597 486/2598
f 498/2599 486/2600 487/2601
f 499/2602 498/2603 487/2604
f 499/2605 487/2606 500/2607
f 487/2608 488/2609 500/2610
f 500/2611 488/2612 501/2613
f 488/2614 489/2615 501/2616
f 501/2617 489/2618 502/2619
f 489/2620 490/2621 502/2622
f 502/2623 490/2624 503/2625
f 490/2626 491/2627 503/2628
f 503/2629 491/2630 504/2631
f 491/2632 492/2633 504/2634
f 504/2635 492/2636 493/2637
f 492/2638 481/2639 493/2640
f 505/2641 493/2642 494/2643
f 506/2644 505/2645 494/2646
f 506/2647 494/2648 495/2649
f 507/2650 506/2651 495/2652
f 507/2653 495/2654 496/2655
f 508/2656 507/2657 496/2658
f 508/2659 496/2660 497/2661
f 509/2662 508/2663 497/2664
f 509/2665 497/2666 498/2667
f 510/2668 509/2669 498/2670
f 510/2671 498/2672 499/2673
f 511/2674 510/2675 499/2676
f 511/2677 499/2678 512/2679
f 499/2680 500/2681 512/2682
f 512/2683 500/2684 513/2685
f 500/2686 501/2687 513/2688
f 513/2689 501/2690 514/2691
f 501/2692 502/2693 514/2694
f 514/2695 502/2696 515/2697
f 502/2698 503/2699 515/2700
f 515/2701 503/2702 516/2703
f 503/2704 504/2705 516/2706
f 516/2707 504/2708 505/2709
f 504/2710 493/2711 505/2712
f 517/2713 505/2714 506/2715
f 518/2716 517/2717 506/2718
f 518/2719 506/2720 507/2721
f 519/2722 518/2723 507/2724
f 519/2725 507/2726 508/2727
f 520/2728 519/2729 508/2730
f 520/2731 508/2732 509/2733
f 521/2734 520/2735 509/2736
f 521/2737 509/2738 510/2739
f 522/2740 521/2741 510/2742
f 522/2743 510/2744 511/2745
f 523/2746 522/2747 511/2748
f 523/2749 511/2750 524/2751
f 511/2752 512/2753 524/2754
f 524/2755 512/2756 525/2757
f 512/2758 513/2759 525/2760
f 525/2761 513/2762 526/2763
f 513/2764 514/2765 526/2766
f 526/2767 514/2768 527/2769
f 514/2770 515/2771 527/2772
f 527/2773 515/2774 528/2775
f 515/2776 516/2777 528/2778
f 528/2779 516/2780 517/2781
f 516/2782 505/2783 517/2784
f 529/2785 517/2786 518/2787
f 530/2788 529/2789 518/2790
f 530/2791 518/2792 519/2793
f 531/2794 530/2795 519/2796
f 531/2797 519/2798 520/2799
f 532/2800 531/2801 520/2802
f 532/2803 520/2804 521/2805
f 533/2806 532/2807 521/2808
f 533/2809 521/2810 522/2811
f 534/2812 533/2813 522/2814
f 534/2815 522/2816 523/2817
f 535/2818 534/2819 523/2820
f 535/2821 523/2822 536/2823
f 523/2824 524/2825 536/2826
f 536/2827 524/2828 537/2829
f 524/2830 525/2831 537/2832
f 537/2833 525/2834 538/2835
f 525/2836 526/2837 538/2838
f 538/2839 526/2840 539/2841
f 526/2842 527/2843 539/2844
f 539/2845 527/2846 540/2847
f 527/2848 528/2849 540/2850
f 540/2851 528/2852 529/2853
f 528/2854 517/2855 529/2856
f 541/2857 529/2858 530/2859
f 542/2860 541/2861 530/2862
f 542/2863 530/2864 531/2865
f 543/2866 542/2867 531/2868
f 543/2869 531/2870 532/2871
f 544/2872 543/2873 532/2874
f 544/2875 532/2876 533/2877
f 545/2878 544/2879 533/2880
f 545/2881 533/2882 534/2883
f 546/2884 545/2885 534/2886
f 546/2887 534/2888 535/2889
f 547/2890 546/2891 535/2892
f 547/2893 535/2894 548/2895
f 535/2896 536/2897 548/2898
f 548/2899 536/2900 549/2901
f 536/2902 537/2903 549/2904
f 549/2905 537/2906 550/2907
f 537/2908 538/2909 550/2910
f 550/2911 538/2912 551/2913
f 538/2914 539/2915 551/2916
f 551/2917 539/2918 552/2919
f 539/2920 540/2921 552/2922
f 552/2923 540/2924 541/2925
f 540/2926 529/2927 541/2928
f 561/2929 553/2930 554/2931
f 562/2932 561/2933 554/2934
f 562/2935 554/2936 555/2937
f 563/2938 562/2939 555/2940
f 563/2941 555/2942 556/2943
f 564/2944 563/2945 556/2946
f 564/2947 556/2948 557/2949
f 565/2950 564/2951 557/2952
f 565/2953 557/2954 566/2955
f 557/2956 558/2957 566/2958
f 566/2959 558/2960 567/2961
f 558/2962 559/2963 567/2964
f 567/2965 559/2966 568/2967
f 559/2968 560/2969 568/2970
f 568/2971 560/2972 561/2973
f 560/2974 553/2975 561/2976
f 569/2977 561/2978 562/2979
f 570/2980 569/2981 562/2982
f 570/2983 562/2984 563/2985
f 571/2986 570/2987 563/2988
f 571/2989 563/2990 564/2991
f 572/2992 571/2993 564/2994
f 572/2995 564/2996 565/2997
f 573/2998 572/2999 565/3000
f 573/3001 565/3002 574/3003
f 565/3004 566/3005 574/3006
f 574/3007 566/3008 575/3009
f 566/3010 567/3011 575/3012
f 575/3013 567/3014 576/3015
f 567/3016 568/3017 576/3018
f 576/3019 568/3020 569/3021
f 568/3022 561/3023 569/3024
f 577/3025 569/3026 570/3027
f 578/3028 577/3029 570/3030
f 578/3031 570/3032 571/3033
f 579/3034 578/3035 571/3036
f 579/3037 571/3038 572/3039
f 580/3040 579/3041 572/3042
f 580/3043 572/3044 573/3045
f 581/3046 580/3047 573/3048
f 581/3049 573/3050 582/3051
f 573/3052 574/3053 582/3054
f 582/3055 574/3056 583/3057
f 574/3058 575/3059 583/3060
f 583/3061 575/3062 584/3063
f 575/3064 576/3065 584/3066
f 584/3067 576/3068 577/3069
f 576/3070 569/3071 577/3072
f 585/3073 577/3074 578/3075
f 586/3076 585/3077 578/3078
f 586/3079 578/3080 579/3081
f 587/3082 586/3083 579/3084
f 587/3085 579/3086 580/3087
f 588/3088 587/3089 580/3090
f 588/3091 580/3092 581/3093
f 589/3094 588/3095 581/3096
f 589/3097 581/3098 590/3099
f 581/3100 582/3101 590/3102
f 590/3103 582/3104 591/3105
f 582/3106 583/3107 591/3108
f 591/3109 583/3110 592/3111
f 583/3112 584/3113 592/3114
f 592/3115 584/3116 585/3117
f 584/3118 577/3119 585/3120
f 593/3121 585/3122 586/3123
f 594/3124 593/3125 586/3126
f 594/3127 586/3128 587/3129
f 595/3130 594/3131 587/3132
f 595/3133 587/3134 588/3135
f 596/3136 595/3137 588/3138
f 596/3139 588/3140 589/3141
f 597/3142 596/3143 589/3144
f 597/3145 589/3146 598/3147
f 589/3148 590/3149 598/3150
f 598/3151 590/3152 599/3153
f 590/3154 591/3155 599/3156
f 599/3157 591/3158 600/3159
f 591/3160 592/3161 600/3162
f 600/3163 592/3164 593/3165
f 592/3166 585/3167 593/3168
f 601/3169 593/3170 594/3171
f 602/3172 601/3173 594/3174
f 602/3175 594/3176 595/3177
f 603/3178 602/3179 595/3180
f 603/3181 595/3182 596/3183
f 604/3184 603/3185 596/3186
f 604/3187 596/3188 597/3189
f 605/3190 604/3191 597/3192
f 605/3193 597/3194 606/3195
f 597/3196 598/3197 606/3198
f 606/3199 598/3200 607/3201
f 598/3202 599/3203 607/3204
f 607/3205 599/3206 608/3207
f 599/3208 600/3209 608/3210
f 608/3211 600/3212 601/3213
f 600/3214 593/3215 601/3216
f 609/3217 601/3218 602/3219
f 610/3220 609/3221 602/3222
f 610/3223 602/3224 603/3225
f 611/3226 610/3227 603/3228
f 611/3229 603/3230 604/3231
f 612/3232 611/3233 604/3234
f 612/3235 604/3236 605/3237
f 613/3238 612/3239 605/3240
f 613/3241 605/3242 614/3243
f 605/3244 606/3245 614/3246
f 614/3247 606/3248 615/3249
f 606/3250 607/3251 615/3252
f 615/3253 607/3254 616/3255
f 607/3256 608/3257 616/3258
f 616/3259 608/3260 609/3261
f 608/3262 601/3263 609/3264
f 617/3265 609/3266 610/3267
f 618/3268 617/3269 610/3270
f 618/3271 610/3272 611/3273
f 619/3274 618/3275 611/3276
f 619/3277 611/3278 612/3279
f 620/3280 619/3281 612/3282
f 620/3283 612/3284 613/3285
f 621/3286 620/3287 613/3288
f 621/3289 613/3290 622/3291
f 613/3292 614/3293 622/3294
f 622/3295 614/3296 623/3297
f 614/3298 615/3299 623/3300
f 623/3301 615/3302 624/3303
f 615/3304 616/3305 624/3306
f 624/3307 616/3308 617/3309
f 616/3310 609/3311 617/3312
f 625/3313 617/3314 618/3315
f 626/3316 625/3317 618/3318
f 626/3319 618/3320 619/3321
f 627/3322 626/3323 619/3324
f 627/3325 619/3326 620/3327
f 628/3328 627/3329 620/3330
f 628/3331 620/3332 621/3333
f 629/3334 628/3335 621/3336
f 629/3337 621/3338 630/3339
f 621/3340 622/3341 630/3342
f 630/3343 622/3344 631/3345
f 622/3346 623/3347 631/3348
f 631/3349 623/3350 632/3351
f 623/3352 624/3353 632/3354
f 632/3355 624/3356 625/3357
f 624/3358 617/3359 625/3360
f 641/3361 633/3362 634/3363
f 642/3364 641/3365 634/3366
f 642/3367 634/3368 635/3369
f 643/3370 642/3371 635/3372
f 643/3373 635/3374 636/3375
f 644/3376 643/3377 636/3378
f 644/3379 636/3380 637/3381
f 645/3382 644/3383 637/3384
f 645/3385 637/3386 646/3387
f 637/3388 638/3389 646/3390
f 646/3391 638/3392 647/3393
f 638/3394 639/3395 647/3396
f 647/3397 639/3398 648/3399
f 639/3400 640/3401 648/3402
f 648/3403 640/3404 641/3405
f 640/3406 633/3407 641/3408
f 649/3409 641/3410 642/3411
f 650/3412 649/3413 642/3414
f 650/3415 642/3416 643/3417
f 651/3418 650/3419 643/3420
f 651/3421 643/3422 644/3423
f 652/3424 651/3425 644/3426
f 652/3427 644/3428 645/3429
f 653/3430 652/3431 645/3432
f 653/3433 645/3434 654/3435
f 645/3436 646/3437 654/3438
f 654/3439 646/3440 655/3441
f 646/3442 647/3443 655/3444
f 655/3445 647/3446 656/3447
f 647/3448 648/3449 656/3450
f 656/3451 648/3452 649/3453
f 648/3454 641/3455 649/3456
f 657/3457 649/3458 650/3459
f 658/3460 657/3461 650/3462
f 658/3463 650/3464 651/3465
f 659/3466 658/3467 651/3468
f 659/3469 651/3470 652/3471
f 660/3472 659/3473 652/3474
f 660/3475 652/3476 653/3477
f 661/3478 660/3479 653/3480
f 661/3481 653/3482 662/3483
f 653/3484 654/3485 662/3486
f 662/3487 654/3488 663/3489
f 654/3490 655/3491 663/3492
f 663/3493 655/3494 664/3495
f 655/3496 656/3497 664/3498
f 664/3499 656/3500 657/3501
f 656/3502 649/3503 657/3504
f 665/3505 657/3506 658/3507
f 666/3508 665/3509 658/3510
f 666/3511 658/3512 659/3513
f 667/3514 666/3515 659/3516
f 667/3517 659/3518 660/3519
f 668/3520 667/3521 660/3522
f 668/3523 660/3524 661/3525
f 669/3526 668/3527 661/3528
f 669/3529 661/3530 670/3531
f 661/3532 662/3533 670/3534
f 670/3535 662/3536 671/3537
f 662/3538 663/3539 671/3540
f 671/3541 663/3542 672/3543
f 663/3544 664/3545 672/3546
f 672/3547 664/3548 665/3549
f 664/3550 657/3551 665/3552
f 673/3553 665/3554 666/3555
f 674/3556 673/3557 666/3558
f 674/3559 666/3560 667/3561
f 675/3562 674/3563 667/3564
f 675/3565 667/3566 668/3567
f 676/3568 675/3569 668/3570
f 676/3571 668/3572 669/3573
f 677/3574 676/3575 669/3576
f 677/3577 669/3578 678/3579
f 669/3580 670/3581 678/3582
f 678/3583 670/3584 679/3585
f 670/3586 671/3587 679/3588
f 679/3589 671/3590 680/3591
f 671/3592 672/3593 680/3594
f 680/3595 672/3596 673/3597
f 672/3598 665/3599 673/3600
f 681/3601 673/3602 674/3603
f 682/3604 681/3605 674/3606
f 682/3607 674/3608 675/3609
f 683/3610 682/3611 675/3612
f 683/3613 675/3614 676/3615
f 684/3616 683/3617 676/3618
f 684/3619 676/3620 677/3621
f 685/3622 684/3623 677/3624
f 685/3625 677/3626 686/3627
f 677/3628 678/3629 686/3630
f 686/3631 678/3632 687/3633
f 678/3634 679/3635 687/3636
f 687/3637 679/3638 688/3639
f 679/3640 680/3641 688/3642
f 688/3643 680/3644 681/3645
f 680/3646 673/3647 681/3648
f 689/3649 681/3650 682/3651
f 690/3652 689/3653 682/3654
f 690/3655 682/3656 683/3657
f 691/3658 690/3659 683/3660
f 691/3661 683/3662 684/3663
f 692/3664 691/3665 684/3666
f 692/3667 684/3668 685/3669
f 693/3670 692/3671 685/3672
f 693/3673 685/3674 694/3675
f 685/3676 686/3677 694/3678
f 694/3679 686/3680 695/3681
f 686/3682 687/3683 695/3684
f 695/3685 687/3686 696/3687
f 687/3688 688/3689 696/3690
f 696/3691 688/3692 689/3693
f 688/3694 681/3695 689/3696
f 697/3697 689/3698 690/3699
f 698/3700 697/3701 690/3702
f 698/3703 690/3704 691/3705
f 699/3706 698/3707 691/3708
f 699/3709 691/3710 692/3711
f 700/3712 699/3713 692/3714
f 700/3715 692/3716 693/3717
f 701/3718 700/3719 693/3720
f 701/3721 693/3722 702/3723
f 693/3724 694/3725 702/3726
f 702/3727 694/3728 703/3729
f 694/3730 695/3731 703/3732
f 703/3733 695/3734 704/3735
f 695/3736 696/3737 704/3738
f 704/3739 696/3740 697/3741
f 696/3742 689/3743 697/3744
f 705/3745 697/3746 698/3747
f 706/3748 705/3749 698/3750
f 706/3751 698/3752 699/3753
f 707/3754 706/3755 699/3756
f 707/3757 699/3758 700/3759
f 708/3760 707/3761 700/3762
f 708/3763 700/3764 701/3765
f 709/3766 708/3767 701/3768
f 709/3769 701/3770 710/3771
f 701/3772 702/3773 710/3774
f 710/3775 702/3776 711/3777
f 702/3778 703/3779 711/3780
f 711/3781 703/3782 712/3783
f 703/3784 704/3785 712/3786
f 712/3787 704/3788 705/3789
f 704/3790 697/3791 705/3792
f 721/3793 713/3794 714/3795
f 722/3796 721/3797 714/3798
f 722/3799 714/3800 715/3801
f 723/3802 722/3803 715/3804
f 723/3805 715/3806 716/3807
f 724/3808 723/3809 716/3810
f 724/3811 716/3812 717/3813
f 725/3814 724/3815 717/3816
f 725/3817 717/3818 726/3819
f 717/3820 718/3821 726/3822
f 726/3823 718/3824 727/3825
f 718/3826 719/3827 727/3828
f 727/3829 719/3830 728/3831
f 719/3832 720/3833 728/3834
f 728/3835 720/3836 721/3837
f 720/3838 713/3839 721/3840
f 729/3841 721/3842 722/3843
f 730/3844 729/3845 722/3846
f 730/3847 722/3848 723/3849
f 731/3850 730/3851 723/3852
f 731/3853 723/3854 724/3855
f 732/3856 731/3857 724/3858
f 732/3859 724/3860 725/3861
f 733/3862 732/3863 725/3864
f 733/3865 725/3866 734/3867
f 725/3868 726/3869 734/3870
f 734/3871 726/3872 735/3873
f 726/3874 727/3875 735/3876
f 735/3877 727/3878 736/3879
f 727/3880 728/3881 736/3882
f 736/3883 728/3884 729/3885
f 728/3886 721/3887 729/3888
f 737/3889 729/3890 730/3891
f 738/3892 737/3893 730/3894
f 738/3895 730/3896 731/3897
f 739/3898 738/3899 731/3900
f 739/3901 731/3902 732/3903
f 740/3904 739/3905 732/3906
f 740/3907 732/3908 733/3909
f 741/3910 740/3911 733/3912
f 741/3913 733/3914 742/3915
f 733/3916 734/3917 742/3918
f 742/3919 734/3920 743/3921
f 734/3922 735/3923 743/3924
f 743/3925 735/3926 744/3927
f 735/3928 736/3929 744/3930
f 744/3931 736/3932 737/3933
f 736/3934 729/3935 737/3936
f 745/3937 737/3938 738/3939
f 746/3940 745/3941 738/3942
f 746/3943 738/3944 739/3945
f 747/3946 746/3947 739/3948
f 747/3949 739/3950 740/3951
f 748/3952 747/3953 740/3954
f 748/3955 740/3956 741/3957
f 749/3958 748/3959 741/3960
f 749/3961 741/3962 750/3963
f 741/3964 742/3965 750/3966
f 750/3967 742/3968 751/3969
f 742/3970 743/3971 751/3972
f 751/3973 743/3974 752/3975
f 743/3976 744/3977 752/3978
f 752/3979 744/3980 745/3981
f 744/3982 737/3983 745/3984
f 753/3985 745/3986 746/3987
f 754/3988 753/3989 746/3990
f 754/3991 746/3992 747/3993
f 755/3994 754/3995 747/3996
f 755/3997 747/3998 748/3999
f 756/4000 755/4001 748/4002
f 756/4003 748/4004 749/4005
f 757/4006 756/4007 749/4008
f 757/4009 749/4010 758/4011
f 749/4012 750/4013 758/4014
f 758/4015 750/4016 759/4017
f 750/4018 751/4019 759/4020
f 759/4021 751/4022 760/4023
f 751/4024 752/4025 760/4026
f 760/4027 752/4028 753/4029
f 752/4030 745/4031 753/4032
f 761/4033 753/4034 754/4035
f 762/4036 761/4037 754/4038
f 762/4039 754/4040 755/4041
f 763/4042 762/4043 755/4044
f 763/4045 755/4046 756/4047
f 764/4048 763/4049 756/4050
f 764/4051 756/4052 757/4053
f 765/4054 764/4055 757/4056
f 765/4057 757/4058 766/4059
f 757/4060 758/4061 766/4062
f 766/4063 758/4064 767/4065
f 758/4066 759/4067 767/4068
f 767/4069 759/4070 768/4071
f 759/4072 760/4073 768/4074
f 768/4075 760/4076 761/4077
f 760/4078 753/4079 761/4080
f 769/4081 761/4082 762/4083
f 770/4084 769/4085 762/4086
f 770/4087 762/4088 763/4089
f 771/4090 770/4091 763/4092
f 771/4093 763/4094 764/4095
f 772/4096 771/4097 764/4098
f 772/4099 764/4100 765/4101
f 773/4102 772/4103 765/4104
f 773/4105 765/4106 774/4107
f 765/4108 766/4109 774/4110
f 774/4111 766/4112 775/4113
f 766/4114 767/4115 775/4116
f 775/4117 767/4118 776/4119
f 767/4120 768/4121 776/4122
f 776/4123 768/4124 769/4125
f 768/4126 761/4127 769/4128
f 777/4129 769/4130 770/4131
f 778/4132 777/4133 770/4134
f 778/4135 770/4136 771/4137
f 779/4138 778/4139 771/4140
f 779/4141 771/4142 772/4143
f 780/4144 779/4145 772/4146
f 780/4147 772/4148 773/4149
f 781/4150 780/4151 773/4152
f 781/4153 773/4154 782/4155
f 773/4156 774/4157 782/4158
f 782/4159 774/4160 783/4161
f 774/4162 775/4163 783/4164
f 783/4165 775/4166 784/4167
f 775/4168 776/4169 784/4170
f 784/4171 776/4172 777/4173
f 776/4174 769/4175 777/4176
f 785/4177 777/4178 778/4179
f 786/4180 785/4181 778/4182
f 786/4183 778/4184 779/4185
f 787/4186 786/4187 779/4188
f 787/4189 779/4190 780/4191
f 788/4192 787/4193 780/4194
f 788/4195 780/4196 781/4197
f 789/4198 788/4199 781/4200
f 789/4201 781/4202 790/4203
f 781/4204 782/4205 790/4206
f 790/4207 782/4208 791/4209
f 782/4210 783/4211 791/4212
f 791/4213 783/4214 792/4215
f 783/4216 784/4217 792/4218
f 792/4219 784/4220 785/4221
f 784/4222 777/4223 785/4224
f 805/4225 793/4226 794/4227
f 806/4228 805/4229 794/4230
f 806/4231 794/4232 795/4233
f 807/4234 806/4235 795/4236
f 807/4237 795/4238 796/4239
f 808/4240 807/4241 796/4242
f 808/4243 796/4244 797/4245
f 809/4246 808/4247 797/4248
f 809/4249 797/4250 798/4251
f 810/4252 809/4253 798/4254
f 810/4255 798/4256 799/4257
f 811/4258 810/4259 799/4260
f 811/4261 799/4262 812/4263
f 799/4264 800/4265 812/4266
f 812/4267 800/4268 813/4269
f 800/4270 801/4271 813/4272
f 813/4273 801/4274 814/4275
f 801/4276 802/4277 814/4278
f 814/4279 802/4280 815/4281
f 802/4282 803/4283 815/4284
f 815/4285 803/4286 816/4287
f 803/4288 804/4289 816/4290
f 816/4291 804/4292 805/4293
f 804/4294 793/4295 805/4296
f 817/4297 805/4298 806/4299
f 818/4300 817/4301 806/4302
f 818/4303 806/4304 807/4305
f 819/4306 818/4307 807/4308
f 819/4309 807/4310 808/4311
f 820/4312 819/4313 808/4314
f 820/4315 808/4316 809/4317
f 821/4318 820/4319 809/4320
f 821/4321 809/4322 810/4323
f 822/4324 821/4325 810/4326
f 822/4327 810/4328 811/4329
f 823/4330 822/4331 811/4332
f 823/4333 811/4334 824/4335
f 811/4336 812/4337 824/4338
f 824/4339 812/4340 825/4341
f 812/4342 813/4343 825/4344
f 825/4345 813/4346 826/4347
f 813/4348 814/4349 826/4350
f 826/4351 814/4352 827/4353
f 814/4354 815/4355 827/4356
f 827/4357 815/4358 828/4359
f 815/4360 816/4361 828/4362
f 828/4363 816/4364 817/4365
f 816/4366 805/4367 817/4368
f 829/4369 817/4370 818/4371
f 830/4372 829/4373 818/4374
f 830/4375 818/4376 819/4377
f 831/4378 830/4379 819/4380
f 831/4381 819/4382 820/4383
f 832/4384 831/4385 820/4386
f 832/4387 820/4388 821/4389
f 833/4390 832/4391 821/4392
f 833/4393 821/4394 822/4395
f 834/4396 833/4397 822/4398
f 834/4399 822/4400 823/4401
f 835/4402 834/4403 823/4404
f 835/4405 823/4406 836/4407
f 823/4408 824/4409 836/4410
f 836/4411 824/4412 837/4413
f 824/4414 825/4415 837/4416
f 837/4417 825/4418 838/4419
f 825/4420 826/4421 838/4422
f 838/4423 826/4424 839/4425
f 826/4426 827/4427 839/4428
f 839/4429 827/4430 840/4431
f 827/4432 828/4433 840/4434
f 840/4435 828/4436 829/4437
f 828/4438 817/4439 829/4440
f 841/4441 829/4442 830/4443
f 842/4444 841/4445 830/4446
f 842/4447 830/4448 831/4449
f 843/4450 842/4451 831/4452
f 843/4453 831/4454 832/4455
f 844/4456 843/4457 832/4458
f 844/4459 832/4460 833/4461
f 845/4462 844/4463 833/4464
f 845/4465 833/4466 834/4467
f 846/4468 845/4469 834/4470
f 846/4471 834/4472 835/4473
f 847/4474 846/4475 835/4476
f 847/4477 835/4478 848/4479
f 835/4480 836/4481 848/4482
f 848/4483 836/4484 849/4485
f 836/4486 837/4487 849/4488
f 849/4489 837/4490 850/4491
f 837/4492 838/4493 850/4494
f 850/4495 838/4496 851/4497
f 838/4498 839/4499 851/4500
f 851/4501 839/4502 852/4503
f 839/4504 840/4505 852/4506
f 852/4507 840/4508 841/4509
f 840/4510 829/4511 841/4512
f 853/4513 841/4514 842/4515
f 854/4516 853/4517 842/4518
f 854/4519 842/4520 843/4521
f 855/4522 854/4523 843/4524
f 855/4525 843/4526 844/4527
f 856/4528 855/4529 844/4530
f 856/4531 844/4532 845/4533
f 857/4534 856/4535 845/4536
f 857/4537 845/4538 846/4539
f 858/4540 857/4541 846/4542
f 858/4543 846/4544 847/4545
f 859/4546 858/4547 847/4548
f 859/4549 847/4550 860/4551
f 847/4552 848/4553 860/4554
f 860/4555 848/4556 861/4557
f 848/4558 849/4559 861/4560
f 861/4561 849/4562 862/4563
f 849/4564 850/4565 862/4566
f 862/4567 850/4568 863/4569
f 850/4570 851/4571 863/4572
f 863/4573 851/4574 864/4575
f 851/4576 852/4577 864/4578
f 864/4579 852/4580 853/4581
f 852/4582 841/4583 853/4584
f 865/4585 853/4586 854/4587
f 866/4588 865/4589 854/4590
f 866/4591 854/4592 855/4593
f 867/4594 866/4595 855/4596
f 867/4597 855/4598 856/4599
f 868/4600 867/4601 856/4602
f 868/4603 856/4604 857/4605
f 869/4606 868/4607 857/4608
f 869/4609 857/4610 858/4611
f 870/4612 869/4613 858/4614
f 870/4615 858/4616 859/4617
f 871/4618 870/4619 859/4620
f 871/4621 859/4622 872/4623
f 859/4624 860/4625 872/4626
f 872/4627 860/4628 873/4629
f 860/4630 861/4631 873/4632
f 873/4633 861/4634 874/4635
f 861/4636 862/4637 874/4638
f 874/4639 862/4640 875/4641
f 862/4642 863/4643 875/4644
f 875/4645 863/4646 876/4647
f 863/4648 864/4649 876/4650
f 876/4651 864/4652 865/4653
f 864/4654 853/4655 865/4656
f 877/4657 865/4658 866/4659
f 878/4660 877/4661 866/4662
f 878/4663 866/4664 867/4665
f 879/4666 878/4667 867/4668
f 879/4669 867/4670 868/4671
f 880/4672 879/4673 868/4674
f 880/4675 868/4676 869/4677
f 881/4678 880/4679 869/4680
f 881/4681 869/4682 870/4683
f 882/4684 881/4685 870/4686
f 882/4687 870/4688 871/4689
f 883/4690 882/4691 871/4692
f 883/4693 871/4694 884/4695
f 871/4696 872/4697 884/4698
f 884/4699 872/4700 885/4701
f 872/4702 873/4703 885/4704
f 885/4705 873/4706 886/4707
f 873/4708 874/4709 886/4710
f 886/4711 874/4712 887/4713
f 874/4714 875/4715 887/4716
f 887/4717 875/4718 888/4719
f 875/4720 876/4721 888/4722
f 888/4723 876/4724 877/4725
f 876/4726 865/4727 877/4728
f 889/4729 877/4730 878/4731
f 890/4732 889/4733 878/4734
f 890/4735 878/4736 879/4737
f 891/4738 890/4739 879/4740
f 891/4741 879/4742 880/4743
f 892/4744 891/4745 880/4746
f 892/4747 880/4748 881/4749
f 893/4750 892/4751 881/4752
f 893/4753 881/4754 882/4755
f 894/4756 893/4757 882/4758
f 894/4759 882/4760 883/4761
f 895/4762 894/4763 883/4764
f 895/4765 883/4766 896/4767
f 883/4768 884/4769 896/4770
f 896/4771 884/4772 897/4773
f 884/4774 885/4775 897/4776
f 897/4777 885/4778 898/4779
f 885/4780 886/4781 898/4782
f 898/4783 886/4784 899/4785
f 886/4786 887/4787 899/4788
f 899/4789 887/4790 900/4791
f 887/4792 888/4793 900/4794
f 900/4795 888/4796 889/4797
f 888/4798 877/4799 889/4800
f 901/4801 889/4802 890/4803
f 902/4804 901/4805 890/4806
f 902/4807 890/4808 891/4809
f 903/4810 902/4811 891/4812
f 903/4813 891/4814 892/4815
f 904/4816 903/4817 892/4818
f 904/4819 892/4820 893/4821
f 905/4822 904/4823 893/4824
f 905/4825 893/4826 894/4827
f 906/4828 905/4829 894/4830
f 906/4831 894/4832 895/4833
f 907/4834 906/4835 895/4836
f 907/4837 895/4838 908/4839
f 895/4840 896/4841 908/4842
f 908/4843 896/4844 909/4845
f 896/4846 897/4847 909/4848
f 909/4849 897/4850 910/4851
f 897/4852 898/4853 910/4854
f 910/4855 898/4856 911/4857
f 898/4858 899/4859 911/4860
f 911/4861 899/4862 912/4863
f 899/4864 900/4865 912/4866
f 912/4867 900/4868 901/4869
f 900/4870 889/4871 901/4872
f 913/4873 901/4874 902/4875
f 914/4876 913/4877 902/4878
f 914/4879 902/4880 903/4881
f 915/4882 914/4883 903/4884
f 915/4885 903/4886 904/4887
f 916/4888 915/4889 904/4890
f 916/4891 904/4892 905/4893
f 917/4894 916/4895 905/4896
f 917/4897 905/4898 906/4899
f 918/4900 917/4901 906/4902
f 918/4903 906/4904 907/4905
f 919/4906 918/4907 907/4908
f 919/4909 907/4910 920/4911
f 907/4912 908/4913 920/4914
f 920/4915 908/4916 921/4917
f 908/4918 909/4919 921/4920
f 921/4921 909/4922 922/4923
f 909/4924 910/4925 922/4926
f 922/4927 910/4928 923/4929
f 910/4930 911/4931 923/4932
f 923/4933 911/4934 924/4935
f 911/4936 912/4937 924/4938
f 924/4939 912/4940 913/4941
f 912/4942 901/4943 913/4944
f 933/4945 925/4946 926/4947
f 934/4948 933/4949 926/4950
f 934/4951 926/4952 927/4953
f 935/4954 934/4955 927/4956
f 935/4957 927/4958 928/4959
f 936/4960 935/4961 928/4962
f 936/4963 928/4964 929/4965
f 937/4966 936/4967 929/4968
f 937/4969 929/4970 938/4971
f 929/4972 930/4973 938/4974
f 938/4975 930/4976 939/4977
f 930/4978 931/4979 939/4980
f 939/4981 931/4982 940/4983
f 931/4984 932/4985 940/4986
f 940/4987 932/4988 933/4989
f 932/4990 925/4991 933/4992
f 941/4993 933/4994 934/4995
f 942/4996 941/4997 934/4998
f 942/4999 934/5000 935/5001
f 943/5002 942/5003 935/5004
f 943/5005 935/5006 936/5007
f 944/5008 943/5009 936/5010
f 944/5011 936/5012 937/5013
f 945/5014 944/5015 937/5016
f 945/5017 937/5018 946/5019
f 937/5020 938/5021 946/5022
f 946/5023 938/5024 947/5025
f 938/5026 939/5027 947/5028
f 947/5029 939/5030 948/5031
f 939/5032 940/5033 948/5034
f 948/5035 940/5036 941/5037
f 940/5038 933/5039 941/5040
f 949/5041 941/5042 942/5043
f 950/5044 949/5045 942/5046
f 950/5047 942/5048 943/5049
f 951/5050 950/5051 943/5052
f 951/5053 943/5054 944/5055
f 952/5056 951/5057 944/5058
f 952/5059 944/5060 945/5061
f 953/5062 952/5063 945/5064
f 953/5065 945/5066 954/5067
f 945/5068 946/5069 954/5070
f 954/5071 946/5072 955/5073
f 946/5074 947/5075 955/5076
f 955/5077 947/5078 956/5079
f 947/5080 948/5081 956/5082
f 956/5083 948/5084 949/5085
f 948/5086 941/5087 949/5088
f 957/5089 949/5090 950/5091
f 958/5092 957/5093 950/5094
f 958/5095 950/5096 951/5097
f 959/5098 958/5099 951/5100
f 959/5101 951/5102 952/5103
f 960/5104 959/5105 952/5106
f 960/5107 952/5108 953/5109
f 961/5110 960/5111 953/5112
f 961/5113 953/5114 962/5115
f 953/5116 954/5117 962/5118
f 962/5119 954/5120 963/5121
f 954/5122 955/5123 963/5124
f 963/5125 955/5126 964/5127
f 955/5128 956/5129 964/5130
f 964/5131 956/5132 957/5133
f 956/5134 949/5135 957/5136
f 965/5137 957/5138 958/5139
f 966/5140 965/5141 958/5142
f 966/5143 958/5144 959/5145
f 967/5146 966/5147 959/5148
f 967/5149 959/5150 960/5151
f 968/5152 967/5153 960/5154
f 968/5155 960/5156 961/5157
f 969/5158 968/5159 961/5160
f 969/5161 961/5162 970/5163
f 961/5164 962/5165 970/5166
f 970/5167 962/5168 971/5169
f 962/5170 963/5171 971/5172
f 971/5173 963/5174 972/5175
f 963/5176 964/5177 972/5178
f 972/5179 964/5180 965/5181
f 964/5182 957/5183 965/5184
f 973/5185 965/5186 966/5187
f 974/5188 973/5189 966/5190
f 974/5191 966/5192 967/5193
f 975/5194 974/5195 967/5196
f 975/5197 967/5198 968/5199
f 976/5200 975/5201 968/5202
f 976/5203 968/5204 969/5205
f 977/5206 976/5207 969/5208
f 977/5209 969/5210 978/5211
f 969/5212 970/5213 978/5214
f 978/5215 970/5216 979/5217
f 970/5218 971/5219 979/5220
f 979/5221 971/5222 980/5223
f 971/5224 972/5225 980/5226
f 980/5227 972/5228 973/5229
f 972/5230 965/5231 973/5232
f 981/5233 973/5234 974/5235
f 982/5236 981/5237 974/5238
f 982/5239 974/5240 975/5241
f 983/5242 982/5243 975/5244
f 983/5245 975/5246 976/5247
f 984/5248 983/5249 976/5250
f 984/5251 976/5252 977/5253
f 985/5254 984/5255 977/5256
f 985/5257 977/5258 986/5259
f 977/5260 978/5261 986/5262
f 986/5263 978/5264 987/5265
f 978/5266 979/5267 987/5268
f 987/5269 979/5270 988/5271
f 979/5272 980/5273 988/5274
f 988/5275 980/5276 981/5277
f 980/5278 973/5279 981/5280
f 989/5281 981/5282 982/5283
f 990/5284 989/5285 982/5286
f 990/5287 982/5288 983/5289
f 991/5290 990/5291 983/5292
f 991/5293 983/5294 984/5295
f 992/5296 991/5297 984/5298
f 992/5299 984/5300 985/5301
f 993/5302 992/5303 985/5304
f 993/5305 985/5306 994/5307
f 985/5308 986/5309 994/5310
f 994/5311 986/5312 995/5313
f 986/5314 987/5315 995/5316
f 995/5317 987/5318 996/5319
f 987/5320 988/5321 996/5322
f 996/5323 988/5324 989/5325
f 988/5326 981/5327 989/5328
f 997/5329 989/5330 990/5331
f 998/5332 997/5333 990/5334
f 998/5335 990/5336 991/5337
f 999/5338 998/5339 991/5340
f 999/5341 991/5342 992/5343
f 1000/5344 999/5345 992/5346
f 1000/5347 992/5348 993/5349
f 1001/5350 1000/5351 993/5352
f 1001/5353 993/5354 1002/5355
f 993/5356 994/5357 1002/5358
f 1002/5359 994/5360 1003/5361
f 994/5362 995/5363 1003/5364
f 1003/5365 995/5366 1004/5367
f 995/5368 996/5369 1004/5370
f 1004/5371 996/5372 997/5373
f 996/5374 989/5375 997/5376
f 1013/5377 1005/5378 1006/5379
f 1014/5380 1013/5381 1006/5382
f 1014/5383 1006/5384 1007/5385
f 1015/5386 1014/5387 1007/5388
f 1015/5389 1007/5390 1008/5391
f 1016/5392 1015/5393 1008/5394
f 1016/5395 1008/5396 1009/5397
f 1017/5398 1016/5399 1009/5400
f 1017/5401 1009/5402 1018/5403
f 1009/5404 1010/5405 1018/5406
f 1018/5407 1010/5408 1019/5409
f 1010/5410 1011/5411 1019/5412
f 1019/5413 1011/5414 1020/5415
f 1011/5416 1012/5417 1020/5418
f 1020/5419 1012/5420 1013/5421
f 1012/5422 1005/5423 1013/5424
f 1021/5425 1013/5426 1014/5427
f 1022/5428 1021/5429 1014/5430
f 1022/5431 1014/5432 1015/5433
f 1023/5434 1022/5435 1015/5436
f 1023/5437 1015/5438 1016/5439
f 1024/5440 1023/5441 1016/5442
f 1024/5443 1016/5444 1017/5445
f 1025/5446 1024/5447 1017/5448
f 1025/5449 1017/5450 1026/5451
f 1017/5452 1018/5453 1026/5454
f 1026/5455 1018/5456 1027/5457
f 1018/5458 1019/5459 1027/5460
f 1027/5461 1019/5462 1028/5463
f 1019/5464 1020/5465 1028/5466
f 1028/5467 1020/5468 1021/5469
f 1020/5470 1013/5471 1021/5472
f 1029/5473 1021/5474 1022/5475
f 1030/5476 1029/5477 1022/5478
f 1030/5479 1022/5480 1023/5481
f 1031/5482 1030/5483 1023/5484
f 1031/5485 1023/5486 1024/5487
f 1032/5488 1031/5489 1024/5490
f 1032/5491 1024/5492 1025/5493
f 1033/5494 1032/5495 1025/5496
f 1033/5497 1025/5498 1034/5499
f 1025/5500 1026/5501 1034/5502
f 1034/5503 1026/5504 1035/5505
f 1026/5506 1027/5507 1035/5508
f 1035/5509 1027/5510 1036/5511
f 1027/5512 1028/5513 1036/5514
f 1036/5515 1028/5516 1029/5517
f 1028/5518 1021/5519 1029/5520
f 1037/5521 1029/5522 1030/5523
f 1038/5524 1037/5525 1030/5526
f 1038/5527 1030/5528 1031/5529
f 1039/5530 1038/5531 1031/5532
f 1039/5533 1031/5534 1032/5535
f 1040/5536 1039/5537 1032/5538
f 1040/5539 1032/5540 1033/5541
f 1041/5542 1040/5543 1033/5544
f 1041/5545 1033/5546 1042/5547
f 1033/5548 1034/5549 1042/5550
f 1042/5551 1034/5552 1043/5553
f 1034/5554 1035/5555 1043/5556
f 1043/5557 1035/5558 1044/5559
f 1035/5560 1036/5561 1044/5562
f 1044/5563 1036/5564 1037/5565
f 1036/5566 1029/5567 1037/5568
f 1045/5569 1037/5570 1038/5571
f 1046/5572 1045/5573 1038/5574
f 1046/5575 1038/5576 1039/5577
f 1047/5578 1046/5579 1039/5580
f 1047/5581 1039/5582 1040/5583
f 1048/5584 1047/5585 1040/5586
f 1048/5587 1040/5588 1041/5589
f 1049/5590 1048/5591 1041/5592
f 1049/5593 1041/5594 1050/5595
f 1041/5596 1042/5597 1050/5598
f 1050/5599 1042/5600 1051/5601
f 1042/5602 1043/5603 1051/5604
f 1051/5605 1043/5606 1052/5607
f 1043/5608 1044/5609 1052/5610
f 1052/5611 1044/5612 1045/5613
f 1044/5614 1037/5615 1045/5616
f 1053/5617 1045/5618 1046/5619
f 1054/5620 1053/5621 1046/5622
f 1054/5623 1046/5624 1047/5625
f 1055/5626 1054/5627 1047/5628
f 1055/5629 1047/5630 1048/5631
f 1056/5632 1055/5633 1048/5634
f 1056/5635 1048/5636 1049/5637
f 1057/5638 1056/5639 1049/5640
f 1057/5641 1049/5642 1058/5643
f 1049/5644 1050/5645 1058/5646
f 1058/5647 1050/5648 1059/5649
f 1050/5650 1051/5651 1059/5652
f 1059/5653 1051/5654 1060/5655
f 1051/5656 1052/5657 1060/5658
f 1060/5659 1052/5660 1053/5661
f 1052/5662 1045/5663 1053/5664
f 1061/5665 1053/5666 1054/5667
f 1062/5668 1061/5669 1054/5670
f 1062/5671 1054/5672 1055/5673
f 1063/5674 1062/5675 1055/5676
f 1063/5677 1055/5678 1056/5679
f 1064/5680 1063/5681 1056/5682
f 1064/5683 1056/5684 1057/5685
f 1065/5686 1064/5687 1057/5688
f 1065/5689 1057/5690 1066/5691
f 1057/5692 1058/5693 1066/5694
f 1066/5695 1058/5696 1067/5697
f 1058/5698 1059/5699 1067/5700
f 1067/5701 1059/5702 1068/5703
f 1059/5704 1060/5705 1068/5706
f 1068/5707 1060/5708 1061/5709
f 1060/5710 1053/5711 1061/5712
f 1069/5713 1061/5714 1062/5715
f 1070/5716 1069/5717 1062/5718
f 1070/5719 1062/5720 1063/5721
f 1071/5722 1070/5723 1063/5724
f 1071/5725 1063/5726 1064/5727
f 1072/5728 1071/5729 1064/5730
f 1072/5731 1064/5732 1065/5733
f 1073/5734 1072/5735 1065/5736
f 1073/5737 1065/5738 1074/5739
f 1065/5740 1066/5741 1074/5742
f 1074/5743 1066/5744 1075/5745
f 1066/5746 1067/5747 1075/5748
f 1075/5749 1067/5750 1076/5751
f 1067/5752 1068/5753 1076/5754
f 1076/5755 1068/5756 1069/5757
f 1068/5758 1061/5759 1069/5760
f 1077/5761 1069/5762 1070/5763
f 1078/5764 1077/5765 1070/5766
f 1078/5767 1070/5768 1071/5769
f 1079/5770 1078/5771 1071/5772
f 1079/5773 1071/5774 1072/5775
f 1080/5776 1079/5777 1072/5778
f 1080/5779 1072/5780 1073/5781
f 1081/5782 1080/5783 1073/5784
f 1081/5785 1073/5786 1082/5787
f 1073/5788 1074/5789 1082/5790
f 1082/5791 1074/5792 1083/5793
f 1074/5794 1075/5795 1083/5796
f 1083/5797 1075/5798 1084/5799
f 1075/5800 1076/5801 1084/5802
f 1084/5803 1076/5804 1077/5805
f 1076/5806 1069/5807 1077/5808
f 1093/5809 1085/5810 1086/5811
f 1094/5812 1093/5813 1086/5814
f 1094/5815 1086/5816 1087/5817
f 1095/5818 1094/5819 1087/5820
f 1095/5821 1087/5822 1088/5823
f 1096/5824 1095/5825 1088/5826
f 1096/5827 1088/5828 1089/5829
f 1097/5830 1096/5831 1089/5832
f 1097/5833 1089/5834 1098/5835
f 1089/5836 1090/5837 1098/5838
f 1098/5839 1090/5840 1099/5841
f 1090/5842 1091/5843 1099/5844
f 1099/5845 1091/5846 1100/5847
f 1091/5848 1092/5849 1100/5850
f 1100/5851 1092/5852 1093/5853
f 1092/5854 1085/5855 1093/5856
f 1101/5857 1093/5858 1094/5859
f 1102/5860 1101/5861 1094/5862
f 1102/5863 1094/5864 1095/5865
f 1103/5866 1102/5867 1095/5868
f 1103/5869 1095/5870 1096/5871
f 1104/5872 1103/5873 1096/5874
f 1104/5875 1096/5876 1097/5877
f 1105/5878 1104/5879 1097/5880
f 1105/5881 1097/5882 1106/5883
f 1097/5884 1098/5885 1106/5886
f 1106/5887 1098/5888 1107/5889
f 1098/5890 1099/5891 1107/5892
f 1107/5893 1099/5894 1108/5895
f 1099/5896 1100/5897 1108/5898
f 1108/5899 1100/5900 1101/5901
f 1100/5902 1093/5903 1101/5904
f 1109/5905 1101/5906 1102/5907
f 1110/5908 1109/5909 1102/5910
f 1110/5911 1102/5912 1103/5913
f 1111/5914 1110/5915 1103/5916
f 1111/5917 1103/5918 1104/5919
f 1112/5920 1111/5921 1104/5922
f 1112/5923 1104/5924 1105/5925
f 1113/5926 1112/5927 1105/5928
f 1113/5929 1105/5930 1114/5931
f 1105/5932 1106/5933 1114/5934
f 1114/5935 1106/5936 1115/5937
f 1106/5938 1107/5939 1115/5940
f 1115/5941 1107/5942 1116/5943
f 1107/5944 1108/5945 1116/5946
f 1116/5947 1108/5948 1109/5949
f 1108/5950 1101/5951 1109/5952
f 1117/5953 1109/5954 1110/5955
f 1118/5956 1117/5957 1110/5958
f 1118/5959 1110/5960 1111/5961
f 1119/5962 1118/5963 1111/5964
f 1119/5965 1111/5966 1112/5967
f 1120/5968 1119/5969 1112/5970
f 1120/5971 1112/5972 1113/5973
f 1121/5974 1120/5975 1113/5976
f 1121/5977 1113/5978 1122/5979
f 1113/5980 1114/5981 1122/5982
f 1122/5983 1114/5984 1123/5985
f 1114/5986 1115/5987 1123/5988
f 1123/5989 1115/5990 1124/5991
f 1115/5992 1116/5993 1124/5994
f 1124/5995 1116/5996 1117/5997
f 1116/5998 1109/5999 1117/6000
f 1125/6001 1117/6002 1118/6003
f 1126/6004 1125/6005 1118/6006
f 1126/6007 1118/6008 1119/6009
f 1127/6010 1126/6011 1119/6012
f 1127/6013 1119/6014 1120/6015
f 1128/6016 1127/6017 1120/6018
f 1128/6019 1120/6020 1121/6021
f 1129/6022 1128/6023 1121/6024
f 1129/6025 1121/6026 1130/6027
f 1121/6028 1122/6029 1130/6030
f 1130/6031 1122/6032 1131/6033
f 1122/6034 1123/6035 1131/6036
f 1131/6037 1123/6038 1132/6039
f 1123/6040 1124/6041 1132/6042
f 1132/6043 1124/6044 1125/6045
f 1124/6046 1117/6047 1125/6048
f 1133/6049 1125/6050 1126/6051
f 1134/6052 1133/6053 1126/6054
f 1134/6055 1126/6056 1127/6057
f 1135/6058 1134/6059 1127/6060
f 1135/6061 1127/6062 1128/6063
f 1136/6064 1135/6065 1128/6066
f 1136/6067 1128/6068 1129/6069
f 1137/6070 1136/6071 1129/6072
f 1137/6073 1129/6074 1138/6075
f 1129/6076 1130/6077 1138/6078
f 1138/6079 1130/6080 1139/6081
f 1130/6082 1131/6083 1139/6084
f 1139/6085 1131/6086 1140/6087
f 1131/6088 1132/6089 1140/6090
f 1140/6091 1132/6092 1133/6093
f 1132/6094 1125/6095 1133/6096
f 1141/6097 1133/6098 1134/6099
f 1142/6100 1141/6101 1134/6102
f 1142/6103 1134/6104 1135/6105
f 1143/6106 1142/6107 1135/6108
f 1143/6109 1135/6110 1136/6111
f 1144/6112 1143/6113 1136/6114
f 1144/6115 1136/6116 1137/6117
f 1145/6118 1144/6119 1137/6120
f 1145/6121 1137/6122 1146/6123
f 1137/6124 1138/6125 1146/6126
f 1146/6127 1138/6128 1147/6129
f 1138/6130 1139/6131 1147/6132
f 1147/6133 1139/6134 1148/6135
f 1139/6136 1140/6137 1148/6138
f 1148/6139 1140/6140 1141/6141
f 1140/6142 1133/6143 1141/6144
f 1153/6145 1149/6146 1150/6147
f 1154/6148 1153/6149 1150/6150
f 1154/6151 1150/6152 1151/6153
f 1155/6154 1154/6155 1151/6156
f 1155/6157 1151/6158 1152/6159
f 1156/6160 1155/6161 1152/6162
f 1156/6163 1152/6164 1149/6165
f 1153/6166 1156/6167 1149/6168
f 1157/6169 1153/6170 1154/6171
f 1158/6172 1157/6173 1154/6174
f 1158/6175 1154/6176 1155/6177
f 1159/6178 1158/6179 1155/6180
f 1159/6181 1155/6182 1156/6183
f 1160/6184 1159/6185 1156/6186
f 1160/6187 1156/6188 1153/6189
f 1157/6190 1160/6191 1153/6192
f 1161/6193 1157/6194 1158/6195
f 1162/6196 1161/6197 1158/6198
f 1162/6199 1158/6200 1159/6201
f 1163/6202 1162/6203 1159/6204
f 1163/6205 1159/6206 1160/6207
f 1164/6208 1163/6209 1160/6210
f 1164/6211 1160/6212 1157/6213
f 1161/6214 1164/6215 1157/6216
f 1165/6217 1161/6218 1162/6219
f 1166/6220 1165/6221 1162/6222
f 1166/6223 1162/6224 1163/6225
f 1167/6226 1166/6227 1163/6228
f 1167/6229 1163/6230 1164/6231
f 1168/6232 1167/6233 1164/6234
f 1168/6235 1164/6236 1161/6237
f 1165/6238 1168/6239 1161/6240
f 1169/6241 1165/6242 1166/6243
f 1170/6244 1169/6245 1166/6246
f 1170/6247 1166/6248 1167/6249
f 1171/6250 1170/6251 1167/6252
f 1171/6253 1167/6254 1168/6255
f 1172/6256 1171/6257 1168/6258
f 1172/6259 1168/6260 1165/6261
f 1169/6262 1172/6263 1165/6264
f 1173/6265 1169/6266 1170/6267
f 1174/6268 1173/6269 1170/6270
f 1174/6271 1170/6272 1171/6273
f 1175/6274 1174/6275 1171/6276
f 1175/6277 1171/6278 1172/6279
f 1176/6280 1175/6281 1172/6282
f 1176/6283 1172/6284 1169/6285
f 1173/6286 1176/6287 1169/6288
f 1177/6289 1173/6290 1174/6291
f 1178/6292 1177/6293 1174/6294
f 1178/6295 1174/6296 1175/6297
f 1179/6298 1178/6299 1175/6300
f 1179/6301 1175/6302 1176/6303
f 1180/6304 1179/6305 1176/6306
f 1180/6307 1176/6308 1173/6309
f 1177/6310 1180/6311 1173/6312
f 1181/6313 1177/6314 1178/6315
f 1182/6316 1181/6317 1178/6318
f 1182/6319 1178/6320 1179/6321
f 1183/6322 1182/6323 1179/6324
f 1183/6325 1179/6326 1180/6327
f 1184/6328 1183/6329 1180/6330
f 1184/6331 1180/6332 1177/6333
f 1181/6334 1184/6335 1177/6336
f 1185/6337 1181/6338 1182/6339
f 1186/6340 1185/6341 1182/6342
f 1186/6343 1182/6344 1183/6345
f 1187/6346 1186/6347 1183/6348
f 1187/6349 1183/6350 1184/6351
f 1188/6352 1187/6353 1184/6354
f 1188/6355 1184/6356 1181/6357
f 1185/6358 1188/6359 1181/6360
f 1189/6361 1185/6362 1186/6363
f 1190/6364 1189/6365 1186/6366
f 1190/6367 1186/6368 1187/6369
f 1191/6370 1190/6371 1187/6372
f 1191/6373 1187/6374 1188/6375
f 1192/6376 1191/6377 1188/6378
f 1192/6379 1188/6380 1185/6381
f 1189/6382 1192/6383 1185/6384
f 1193/6385 1189/6386 1190/6387
f 1194/6388 1193/6389 1190/6390
f 1194/6391 1190/6392 1191/6393
f 1195/6394 1194/6395 1191/6396
f 1195/6397 1191/6398 1192/6399
f 1196/6400 1195/6401 1192/6402
f 1196/6403 1192/6404 1189/6405
f 1193/6406 1196/6407 1189/6408
f 1197/6409 1193/6410 1194/6411
f 1198/6412 1197/6413 1194/6414
f 1198/6415 1194/6416 1195/6417
f 1199/6418 1198/6419 1195/6420
f 1199/6421 1195/6422 1196/6423
f 1200/6424 1199/6425 1196/6426
f 1200/6427 1196/6428 1193/6429
f 1197/6430 1200/6431 1193/6432
f 1201/6433 1197/6434 1198/6435
f 1202/6436 1201/6437 1198/6438
f 1202/6439 1198/6440 1199/6441
f 1203/6442 1202/6443 1199/6444
f 1203/6445 1199/6446 1200/6447
f 1204/6448 1203/6449 1200/6450
f 1204/6451 1200/6452 1197/6453
f 1201/6454 1204/6455 1197/6456
f 1205/6457 1201/6458 1202/6459
f 1206/6460 1205/6461 1202/6462
f 1206/6463 1202/6464 1203/6465
f 1207/6466 1206/6467 1203/6468
f 1207/6469 1203/6470 1204/6471
f 1208/6472 1207/6473 1204/6474
f 1208/6475 1204/6476 1201/6477
f 1205/6478 1208/6479 1201/6480
f 1209/6481 1205/6482 1206/6483
f 1210/6484 1209/6485 1206/6486
f 1210/6487 1206/6488 1207/6489
f 1211/6490 1210/6491 1207/6492
f 1211/6493 1207/6494 1208/6495
f 1212/6496 1211/6497 1208/6498
f 1212/6499 1208/6500 1205/6501
f 1209/6502 1212/6503 1205/6504
f 1213/6505 1209/6506 1210/6507
f 1214/6508 1213/6509 1210/6510
f 1214/6511 1210/6512 1211/6513
f 1215/6514 1214/6515 1211/6516
f 1215/6517 1211/6518 1212/6519
f 1216/6520 1215/6521 1212/6522
f 1216/6523 1212/6524 1209/6525
f 1213/6526 1216/6527 1209/6528
f 1217/6529 1218/6530 1221/6531
f 1221/6532 1218/6533 1222/6534
f 1218/6535 1220/6536 1222/6537
f 1222/6538 1220/6539 1224/6540
f 1217/6541 1221/6542 1219/6543
f 1221/6544 1223/6545 1219/6546
f 1219/6547 1223/6548 1220/6549
f 1223/6550 1224/6551 1220/6552
f 1221/6553 1222/6554 1225/6555
f 1225/6556 1222/6557 1226/6558
f 1222/6559 1224/6560 1226/6561
f 1221/6562 1225/6563 1223/6564
f 1225/6565 1226/6566 1223/6567
f 1223/6568 1226/6569 1224/6570
f 1228/6571 1227/6572 1231/6573
f 1228/6574 1231/6575 1232/6576
f 1230/6577 1228/6578 1232/6579
f 1230/6580 1232/6581 1234/6582
f 1229/6583 1231/6584 1227/6585
f 1229/6586 1233/6587 1231/6588
f 1230/6589 1233/6590 1229/6591
f 1230/6592 1234/6593 1233/6594
f 1232/6595 1231/6596 1235/6597
f 1232/6598 1235/6599 1236/6600
f 1234/6601 1232/6602 1236/6603
f 1233/6604 1235/6605 1231/6606
f 1233/6607 1236/6608 1235/6609
f 1234/6610 1236/6611 1233/6612
f 1237/6613 1238/6614 1241/6615
f 1241/6616 1238/6617 1242/6618
f 1238/6619 1240/6620 1242/6621
f 1242/6622 1240/6623 1244/6624
f 1237/6625 1241/6626 1239/6627
f 1241/6628 1243/6629 1239/6630
f 1239/6631 1243/6632 1240/6633
f 1243/6634 1244/6635 1240/6636
f 1241/6637 1242/6638 1245/6639
f 1245/6640 1242/6641 1246/6642
f 1242/6643 1244/6644 1246/6645
f 1241/6646 1245/6647 1243/6648
f 1245/6649 1246/6650 1243/6651
f 1243/6652 1246/6653 1244/6654
f 1248/6655 1247/6656 1251/6657
f 1248/6658 1251/6659 1252/6660
f 1250/6661 1248/6662 1252/6663
f 1250/6664 1252/6665 1254/6666
f 1249/6667 1251/6668 1247/6669
f 1249/6670 1253/6671 1251/6672
f 1250/6673 1253/6674 1249/6675
f 1250/6676 1254/6677 1253/6678
f 1252/6679 1251/6680 1255/6681
f 1252/6682 1255/6683 1256/6684
f 1254/6685 1252/6686 1256/6687
f 1253/6688 1255/6689 1251/6690
f 1253/6691 1256/6692 1255/6693
f 1254/6694 1256/6695 1253/6696
f 1257/6697 1258/6698 1261/6699
f 1261/6700 1258/6701 1262/6702
f 1258/6703 1260/6704 1262/6705
f 1257/6706 1261/6707 1259/6708
f 1261/6709 1262/6710 1259/6711
f 1259/6712 1262/6713 1260/6714
f 1264/6715 1263/6716 1267/6717
f 1264/6718 1267/6719 1268/6720
f 1266/6721 1264/6722 1268/6723
f 1265/6724 1267/6725 1263/6726
f 1265/6727 1268/6728 1267/6729
f 1266/6730 1268/6731 1265/6732
f 1269/6733 1270/6734 1273/6735
f 1273/6736 1270/6737 1274/6738
f 1270/6739 1272/6740 1274/6741
f 1269/6742 1273/6743 1271/6744
f 1273/6745 1274/6746 1271/6747
f 1271/6748 1274/6749 1272/6750
f 1276/6751 1275/6752 1279/6753
f 1276/6754 1279/6755 1280/6756
f 1278/6757 1276/6758 1280/6759
f 1277/6760 1279/6761 1275/6762
f 1277/6763 1280/6764 1279/6765
f 1278/6766 1280/6767 1277/6768
f 1281/6769 1282/6770 1285/6771
f 1285/6772 1282/6773 1286/6774
f 1282/6775 1284/6776 1286/6777
f 1286/6778 1284/6779 1288/6780
f 1281/6781 1285/6782 1283/6783
f 1285/6784 1287/6785 1283/6786
f 1283/6787 1287/6788 1284/6789
f 1287/6790 1288/6791 1284/6792
f 1285/6793 1286/6794 1289/6795
f 1289/6796 1286/6797 1290/6798
f 1286/6799 1288/6800 1290/6801
f 1285/6802 1289/6803 1287/6804
f 1289/6805 1290/6806 1287/6807
f 1287/6808 1290/6809 1288/6810
f 1292/6811 1291/6812 1295/6813
f 1292/6814 1295/6815 1296/6816
f 1294/6817 1292/6818 1296/6819
f 1294/6820 1296/6821 1298/6822
f 1293/6823 1295/6824 1291/6825
f 1293/6826 1297/6827 1295/6828
f 1294/6829 1297/6830 1293/6831
f 1294/6832 1298/6833 1297/6834
f 1296/6835 1295/6836 1299/6837
f 1296/6838 1299/6839 1300/6840
f 1298/6841 1296/6842 1300/6843
f 1297/6844 1299/6845 1295/6846
f 1297/6847 1300/6848 1299/6849
f 1298/6850 1300/6851 1297/6852
f 1301/6853 1302/6854 1305/6855
f 1305/6856 1302/6857 1306/6858
f 1302/6859 1304/6860 1306/6861
f 1306/6862 1304/6863 1308/6864
f 1301/6865 1305/6866 1303/6867
f 1305/6868 1307/6869 1303/6870
f 1303/6871 1307/6872 1304/6873
f 1307/6874 1308/6875 1304/6876
f 1305/6877 1306/6878 1309/6879
f 1309/6880 1306/6881 1310/6882
f 1306/6883 1308/6884 1310/6885
f 1305/6886 1309/6887 1307/6888
f 1309/6889 1310/6890 1307/6891
f 1307/6892 1310/6893 1308/6894
f 1312/6895 1311/6896 1315/6897
f 1312/6898 1315/6899 1316/6900
f 1314/6901 1312/6902 1316/6903
f 1314/6904 1316/6905 1318/6906
f 1313/6907 1315/6908 1311/6909
f 1313/6910 1317/6911 1315/6912
f 1314/6913 1317/6914 1313/6915
f 1314/6916 1318/6917 1317/6918
f 1316/6919 1315/6920 1319/6921
f 1316/6922 1319/6923 1320/6924
f 1318/6925 1316/6926 1320/6927
f 1317/6928 1319/6929 1315/6930
f 1317/6931 1320/6932 1319/6933
f 1318/6934 1320/6935 1317/6936
