v -0.8 0 0
v -0.8 0 0
v -0.8 0 0
v -0.8 0 0
v -0.8 0 0
v -0.8 0 0
v -0.8 0 0
v -0.8 0 0
v -0.7 0 0.21
v -0.7 -0.19799 0.14849
v -0.7 -0.28 0
v -0.7 -0.19799 -0.14849
v -0.7 0 -0.21
v -0.7 0.19799 -0.14849
v -0.7 0.28 0
v -0.7 0.19799 0.14849
v -0.45 0 0.3
v -0.45 -0.28284 0.21213
v -0.45 -0.4 0
v -0.45 -0.28284 -0.21213
v -0.45 0 -0.3
v -0.45 0.28284 -0.21213
v -0.45 0.4 0
v -0.45 0.28284 0.21213
v 0 0 0.33
v 0 -0.31113 0.23335
v 0 -0.44 0
v 0 -0.31113 -0.23335
v 0 0 -0.33
v 0 0.31113 -0.23335
v 0 0.44 0
v 0 0.31113 0.23335
v 0.3 0 0.42
v 0.3 -0.39598 0.29698
v 0.3 -0.56 0
v 0.3 -0.39598 -0.29698
v 0.3 0 -0.42
v 0.3 0.39598 -0.29698
v 0.3 0.56 0
v 0.3 0.39598 0.29698
v 0.85 0 0.42
v 0.85 -0.39598 0.29698
v 0.85 -0.56 0
v 0.85 -0.39598 -0.29698
v 0.85 0 -0.42
v 0.85 0.39598 -0.29698
v 0.85 0.56 0
v 0.85 0.39598 0.29698
v 1.05 0 0.33
v 1.05 -0.31113 0.23335
v 1.05 -0.44 0
v 1.05 -0.31113 -0.23335
v 1.05 0 -0.33
v 1.05 0.31113 -0.23335
v 1.05 0.44 0
v 1.05 0.31113 0.23335
v 1.4 0 0.39
v 1.4 -0.3677 0.27577
v 1.4 -0.52 0
v 1.4 -0.3677 -0.27577
v 1.4 0 -0.39
v 1.4 0.3677 -0.27577
v 1.4 0.52 0
v 1.4 0.3677 0.27577
v 1.9 0 0.27
v 1.9 -0.25456 0.19092
v 1.9 -0.36 0
v 1.9 -0.25456 -0.19092
v 1.9 0 -0.27
v 1.9 0.25456 -0.19092
v 1.9 0.36 0
v 1.9 0.25456 0.19092
v 1.8 0 0
v 1.8 0 0
v 1.8 0 0
v 1.8 0 0
v 1.8 0 0
v 1.8 0 0
v 1.8 0 0
v 1.8 0 0
v -0.5 0.3 0
v -0.5 0.3 0
v -0.5 0.3 0
v -0.5 0.3 0
v -0.5 0.3 0
v -0.5 0.3 0
v -0.5 0.3 0
v -0.5 0.3 0
v -0.6 0.3 0.08
v -0.6 0.24343 0.05657
v -0.6 0.22 0
v -0.6 0.24343 -0.05657
v -0.6 0.3 -0.08
v -0.6 0.35657 -0.05657
v -0.6 0.38 0
v -0.6 0.35657 0.05657
v -0.4 0.35 0.15
v -0.4 0.24393 0.10607
v -0.4 0.2 0
v -0.4 0.24393 -0.10607
v -0.4 0.35 -0.15
v -0.4 0.45607 -0.10607
v -0.4 0.5 0
v -0.4 0.45607 0.10607
v -0.05 0.4 0.15
v -0.05 0.29393 0.10607
v -0.05 0.25 0
v -0.05 0.29393 -0.10607
v -0.05 0.4 -0.15
v -0.05 0.50607 -0.10607
v -0.05 0.55 0
v -0.05 0.50607 0.10607
v 0.05 0.25 0.25
v 0.05 0.07322 0.17678
v 0.05 0 0
v 0.05 0.07322 -0.17678
v 0.05 0.25 -0.25
v 0.05 0.42678 -0.17678
v 0.05 0.5 0
v 0.05 0.42678 0.17678
v 0.2 0.3 0.25
v 0.2 0.12322 0.17678
v 0.2 0.05 0
v 0.2 0.12322 -0.17678
v 0.2 0.3 -0.25
v 0.2 0.47678 -0.17678
v 0.2 0.55 0
v 0.2 0.47678 0.17678
v 0.3 0.4 0.25
v 0.3 0.22322 0.17678
v 0.3 0.15 0
v 0.3 0.22322 -0.17678
v 0.3 0.4 -0.25
v 0.3 0.57678 -0.17678
v 0.3 0.65 0
v 0.3 0.57678 0.17678
v 0.69 0.38 0.3
v 0.69 0.13251 0.21213
v 0.69 0.03 0
v 0.69 0.13251 -0.21213
v 0.69 0.38 -0.3
v 0.69 0.62749 -0.21213
v 0.69 0.73 0
v 0.69 0.62749 0.21213
v 0.9 0.38 0.3
v 0.9 0.16787 0.21213
v 0.9 0.08 0
v 0.9 0.16787 -0.21213
v 0.9 0.38 -0.3
v 0.9 0.59213 -0.21213
v 0.9 0.68 0
v 0.9 0.59213 0.21213
v 1.13 0.38 0.3
v 1.13 0.16787 0.21213
v 1.13 0.08 0
v 1.13 0.16787 -0.21213
v 1.13 0.38 -0.3
v 1.13 0.59213 -0.21213
v 1.13 0.68 0
v 1.13 0.59213 0.21213
v 1.3 0.38 0.25
v 1.3 0.20322 0.17678
v 1.3 0.13 0
v 1.3 0.20322 -0.17678
v 1.3 0.38 -0.25
v 1.3 0.55678 -0.17678
v 1.3 0.63 0
v 1.3 0.55678 0.17678
v 1.6 0.47 0.3
v 1.6 0.32858 0.21213
v 1.6 0.27 0
v 1.6 0.32858 -0.21213
v 1.6 0.47 -0.3
v 1.6 0.61142 -0.21213
v 1.6 0.67 0
v 1.6 0.61142 0.21213
v 2.1 0.44 0.2
v 2.1 0.33393 0.14142
v 2.1 0.29 0
v 2.1 0.33393 -0.14142
v 2.1 0.44 -0.2
v 2.1 0.54607 -0.14142
v 2.1 0.59 0
v 2.1 0.54607 0.14142
v 1.9 0.44 0
v 1.9 0.44 0
v 1.9 0.44 0
v 1.9 0.44 0
v 1.9 0.44 0
v 1.9 0.44 0
v 1.9 0.44 0
v 1.9 0.44 0
v -0.5 -0.3 0
v -0.5 -0.3 0
v -0.5 -0.3 0
v -0.5 -0.3 0
v -0.5 -0.3 0
v -0.5 -0.3 0
v -0.5 -0.3 0
v -0.5 -0.3 0
v -0.6 -0.3 -0.08
v -0.6 -0.24343 -0.05657
v -0.6 -0.22 0
v -0.6 -0.24343 0.05657
v -0.6 -0.3 0.08
v -0.6 -0.35657 0.05657
v -0.6 -0.38 0
v -0.6 -0.35657 -0.05657
v -0.4 -0.35 -0.15
v -0.4 -0.24393 -0.10607
v -0.4 -0.2 0
v -0.4 -0.24393 0.10607
v -0.4 -0.35 0.15
v -0.4 -0.45607 0.10607
v -0.4 -0.5 0
v -0.4 -0.45607 -0.10607
v -0.05 -0.4 -0.15
v -0.05 -0.29393 -0.10607
v -0.05 -0.25 0
v -0.05 -0.29393 0.10607
v -0.05 -0.4 0.15
v -0.05 -0.50607 0.10607
v -0.05 -0.55 0
v -0.05 -0.50607 -0.10607
v 0.05 -0.25 -0.25
v 0.05 -0.07322 -0.17678
v 0.05 0 0
v 0.05 -0.07322 0.17678
v 0.05 -0.25 0.25
v 0.05 -0.42678 0.17678
v 0.05 -0.5 0
v 0.05 -0.42678 -0.17678
v 0.2 -0.3 -0.25
v 0.2 -0.12322 -0.17678
v 0.2 -0.05 0
v 0.2 -0.12322 0.17678
v 0.2 -0.3 0.25
v 0.2 -0.47678 0.17678
v 0.2 -0.55 0
v 0.2 -0.47678 -0.17678
v 0.3 -0.4 -0.25
v 0.3 -0.22322 -0.17678
v 0.3 -0.15 0
v 0.3 -0.22322 0.17678
v 0.3 -0.4 0.25
v 0.3 -0.57678 0.17678
v 0.3 -0.65 0
v 0.3 -0.57678 -0.17678
v 0.69 -0.38 -0.3
v 0.69 -0.13251 -0.21213
v 0.69 -0.03 0
v 0.69 -0.13251 0.21213
v 0.69 -0.38 0.3
v 0.69 -0.62749 0.21213
v 0.69 -0.73 0
v 0.69 -0.62749 -0.21213
v 0.9 -0.38 -0.3
v 0.9 -0.16787 -0.21213
v 0.9 -0.08 0
v 0.9 -0.16787 0.21213
v 0.9 -0.38 0.3
v 0.9 -0.59213 0.21213
v 0.9 -0.68 0
v 0.9 -0.59213 -0.21213
v 1.13 -0.38 -0.3
v 1.13 -0.16787 -0.21213
v 1.13 -0.08 0
v 1.13 -0.16787 0.21213
v 1.13 -0.38 0.3
v 1.13 -0.59213 0.21213
v 1.13 -0.68 0
v 1.13 -0.59213 -0.21213
v 1.3 -0.38 -0.25
v 1.3 -0.20322 -0.17678
v 1.3 -0.13 0
v 1.3 -0.20322 0.17678
v 1.3 -0.38 0.25
v 1.3 -0.55678 0.17678
v 1.3 -0.63 0
v 1.3 -0.55678 -0.17678
v 1.6 -0.47 -0.3
v 1.6 -0.32858 -0.21213
v 1.6 -0.27 0
v 1.6 -0.32858 0.21213
v 1.6 -0.47 0.3
v 1.6 -0.61142 0.21213
v 1.6 -0.67 0
v 1.6 -0.61142 -0.21213
v 2.1 -0.44 -0.2
v 2.1 -0.33393 -0.14142
v 2.1 -0.29 0
v 2.1 -0.33393 0.14142
v 2.1 -0.44 0.2
v 2.1 -0.54607 0.14142
v 2.1 -0.59 0
v 2.1 -0.54607 -0.14142
v 1.9 -0.44 0
v 1.9 -0.44 0
v 1.9 -0.44 0
v 1.9 -0.44 0
v 1.9 -0.44 0
v 1.9 -0.44 0
v 1.9 -0.44 0
v 1.9 -0.44 0
v -1.6 1.1 0.25
v -1.6 1.1 0.25
v -1.6 1.1 0.25
v -1.6 1.1 0.25
v -1.6 1.1 0.25
v -1.6 1.1 0.25
v -1.6 1.1 0.25
v -1.6 1.1 0.25
v -1.55 1.1 0.45
v -1.55 0.95858 0.39142
v -1.55 0.9 0.25
v -1.55 0.95858 0.10858
v -1.55 1.1 0.05
v -1.55 1.24142 0.10858
v -1.55 1.3 0.25
v -1.55 1.24142 0.39142
v -1.45 1.1 0.52
v -1.45 0.90908 0.44092
v -1.45 0.83 0.25
v -1.45 0.90908 0.05908
v -1.45 1.1 -0.02
v -1.45 1.29092 0.05908
v -1.45 1.37 0.25
v -1.45 1.29092 0.44092
v -1.2 1.1 0.6
v -1.2 0.85251 0.49749
v -1.2 0.75 0.25
v -1.2 0.85251 0.00251
v -1.2 1.1 -0.1
v -1.2 1.34749 0.00251
v -1.2 1.45 0.25
v -1.2 1.34749 0.49749
v -1.05 1.1 0.55
v -1.05 0.88787 0.46213
v -1.05 0.8 0.25
v -1.05 0.88787 0.03787
v -1.05 1.1 -0.05
v -1.05 1.31213 0.03787
v -1.05 1.4 0.25
v -1.05 1.31213 0.46213
v -0.85 1.1 0.7
v -0.85 0.7818 0.5682
v -0.85 0.65 0.25
v -0.85 0.7818 -0.0682
v -0.85 1.1 -0.2
v -0.85 1.4182 -0.0682
v -0.85 1.55 0.25
v -0.85 1.4182 0.5682
v -0.4 1.1 0.6
v -0.4 0.85251 0.49749
v -0.4 0.75 0.25
v -0.4 0.85251 0.00251
v -0.4 1.1 -0.1
v -0.4 1.34749 0.00251
v -0.4 1.45 0.25
v -0.4 1.34749 0.49749
v -0.45 1.1 0.5
v -0.45 0.92322 0.42678
v -0.45 0.85 0.25
v -0.45 0.92322 0.07322
v -0.45 1.1 0
v -0.45 1.27678 0.07322
v -0.45 1.35 0.25
v -0.45 1.27678 0.42678
v -0.21 1.1 0.55
v -0.21 0.88787 0.46213
v -0.21 0.8 0.25
v -0.21 0.88787 0.03787
v -0.21 1.1 -0.05
v -0.21 1.31213 0.03787
v -0.21 1.4 0.25
v -0.21 1.31213 0.46213
v 0.15 1.1 0.55
v 0.15 0.88787 0.46213
v 0.15 0.8 0.25
v 0.15 0.88787 0.03787
v 0.15 1.1 -0.05
v 0.15 1.31213 0.03787
v 0.15 1.4 0.25
v 0.15 1.31213 0.46213
v 0.43 1.1 0.6
v 0.43 0.85251 0.49749
v 0.43 0.75 0.25
v 0.43 0.85251 0.00251
v 0.43 1.1 -0.1
v 0.43 1.34749 0.00251
v 0.43 1.45 0.25
v 0.43 1.34749 0.49749
v 0.7 1.1 0.54
v 0.7 0.89494 0.45506
v 0.7 0.81 0.25
v 0.7 0.89494 0.04494
v 0.7 1.1 -0.04
v 0.7 1.30506 0.04494
v 0.7 1.39 0.25
v 0.7 1.30506 0.45506
v 1.2 1.1 0.5
v 1.2 0.92322 0.42678
v 1.2 0.85 0.25
v 1.2 0.92322 0.07322
v 1.2 1.1 0
v 1.2 1.27678 0.07322
v 1.2 1.35 0.25
v 1.2 1.27678 0.42678
v 1.35 1.1 0.45
v 1.35 0.95858 0.39142
v 1.35 0.9 0.25
v 1.35 0.95858 0.10858
v 1.35 1.1 0.05
v 1.35 1.24142 0.10858
v 1.35 1.3 0.25
v 1.35 1.24142 0.39142
v 1 1.1 0.25
v 1 1.1 0.25
v 1 1.1 0.25
v 1 1.1 0.25
v 1 1.1 0.25
v 1 1.1 0.25
v 1 1.1 0.25
v 1 1.1 0.25
v -1.6 -1.1 0.25
v -1.6 -1.1 0.25
v -1.6 -1.1 0.25
v -1.6 -1.1 0.25
v -1.6 -1.1 0.25
v -1.6 -1.1 0.25
v -1.6 -1.1 0.25
v -1.6 -1.1 0.25
v -1.55 -1.1 0.05
v -1.55 -0.95858 0.10858
v -1.55 -0.9 0.25
v -1.55 -0.95858 0.39142
v -1.55 -1.1 0.45
v -1.55 -1.24142 0.39142
v -1.55 -1.3 0.25
v -1.55 -1.24142 0.10858
v -1.45 -1.1 -0.02
v -1.45 -0.90908 0.05908
v -1.45 -0.83 0.25
v -1.45 -0.90908 0.44092
v -1.45 -1.1 0.52
v -1.45 -1.29092 0.44092
v -1.45 -1.37 0.25
v -1.45 -1.29092 0.05908
v -1.2 -1.1 -0.1
v -1.2 -0.85251 0.00251
v -1.2 -0.75 0.25
v -1.2 -0.85251 0.49749
v -1.2 -1.1 0.6
v -1.2 -1.34749 0.49749
v -1.2 -1.45 0.25
v -1.2 -1.34749 0.00251
v -1.05 -1.1 -0.05
v -1.05 -0.88787 0.03787
v -1.05 -0.8 0.25
v -1.05 -0.88787 0.46213
v -1.05 -1.1 0.55
v -1.05 -1.31213 0.46213
v -1.05 -1.4 0.25
v -1.05 -1.31213 0.03787
v -0.85 -1.1 -0.2
v -0.85 -0.7818 -0.0682
v -0.85 -0.65 0.25
v -0.85 -0.7818 0.5682
v -0.85 -1.1 0.7
v -0.85 -1.4182 0.5682
v -0.85 -1.55 0.25
v -0.85 -1.4182 -0.0682
v -0.4 -1.1 -0.1
v -0.4 -0.85251 0.00251
v -0.4 -0.75 0.25
v -0.4 -0.85251 0.49749
v -0.4 -1.1 0.6
v -0.4 -1.34749 0.49749
v -0.4 -1.45 0.25
v -0.4 -1.34749 0.00251
v -0.45 -1.1 0
v -0.45 -0.92322 0.07322
v -0.45 -0.85 0.25
v -0.45 -0.92322 0.42678
v -0.45 -1.1 0.5
v -0.45 -1.27678 0.42678
v -0.45 -1.35 0.25
v -0.45 -1.27678 0.07322
v -0.21 -1.1 -0.05
v -0.21 -0.88787 0.03787
v -0.21 -0.8 0.25
v -0.21 -0.88787 0.46213
v -0.21 -1.1 0.55
v -0.21 -1.31213 0.46213
v -0.21 -1.4 0.25
v -0.21 -1.31213 0.03787
v 0.15 -1.1 -0.05
v 0.15 -0.88787 0.03787
v 0.15 -0.8 0.25
v 0.15 -0.88787 0.46213
v 0.15 -1.1 0.55
v 0.15 -1.31213 0.46213
v 0.15 -1.4 0.25
v 0.15 -1.31213 0.03787
v 0.43 -1.1 -0.1
v 0.43 -0.85251 0.00251
v 0.43 -0.75 0.25
v 0.43 -0.85251 0.49749
v 0.43 -1.1 0.6
v 0.43 -1.34749 0.49749
v 0.43 -1.45 0.25
v 0.43 -1.34749 0.00251
v 0.7 -1.1 -0.04
v 0.7 -0.89494 0.04494
v 0.7 -0.81 0.25
v 0.7 -0.89494 0.45506
v 0.7 -1.1 0.54
v 0.7 -1.30506 0.45506
v 0.7 -1.39 0.25
v 0.7 -1.30506 0.04494
v 1.2 -1.1 0
v 1.2 -0.92322 0.07322
v 1.2 -0.85 0.25
v 1.2 -0.92322 0.42678
v 1.2 -1.1 0.5
v 1.2 -1.27678 0.42678
v 1.2 -1.35 0.25
v 1.2 -1.27678 0.07322
v 1.35 -1.1 0.05
v 1.35 -0.95858 0.10858
v 1.35 -0.9 0.25
v 1.35 -0.95858 0.39142
v 1.35 -1.1 0.45
v 1.35 -1.24142 0.39142
v 1.35 -1.3 0.25
v 1.35 -1.24142 0.10858
v 1 -1.1 0.25
v 1 -1.1 0.25
v 1 -1.1 0.25
v 1 -1.1 0.25
v 1 -1.1 0.25
v 1 -1.1 0.25
v 1 -1.1 0.25
v 1 -1.1 0.25
v -1.9 1.1 0.41
v -1.9 1.1 0.41
v -1.9 1.1 0.41
v -1.9 1.1 0.41
v -1.9 1.1 0.41
v -1.9 1.1 0.41
v -1.9 1.1 0.41
v -1.9 1.1 0.41
v -1.7 1.1 0.58
v -1.7 1.0505 0.55071
v -1.7 1.03 0.48
v -1.7 1.0505 0.40929
v -1.7 1.1 0.38
v -1.7 1.1495 0.40929
v -1.7 1.17 0.48
v -1.7 1.1495 0.55071
v -1.5 1.1 0.63
v -1.5 0.99393 0.58314
v -1.5 0.95 0.47
v -1.5 0.99393 0.35686
v -1.5 1.1 0.31
v -1.5 1.20607 0.35686
v -1.5 1.25 0.47
v -1.5 1.20607 0.58314
v -1.3 1.1 0.6
v -1.3 1.00808 0.55021
v -1.3 0.97 0.43
v -1.3 1.00808 0.30979
v -1.3 1.1 0.26
v -1.3 1.19192 0.30979
v -1.3 1.23 0.43
v -1.3 1.19192 0.55021
v -1 1.1 0.65
v -1 1.02222 0.60607
v -1 0.99 0.5
v -1 1.02222 0.39393
v -1 1.1 0.35
v -1 1.17778 0.39393
v -1 1.21 0.5
v -1 1.17778 0.60607
v -0.75 1.1 0.8
v -0.75 0.95858 0.74142
v -0.75 0.9 0.6
v -0.75 0.95858 0.45858
v -0.75 1.1 0.4
v -0.75 1.24142 0.45858
v -0.75 1.3 0.6
v -0.75 1.24142 0.74142
v -0.4 1.1 0.65
v -0.4 0.99393 0.60607
v -0.4 0.95 0.5
v -0.4 0.99393 0.39393
v -0.4 1.1 0.35
v -0.4 1.20607 0.39393
v -0.4 1.25 0.5
v -0.4 1.20607 0.60607
v -0.05 1.1 0.62
v -0.05 1.01515 0.58485
v -0.05 0.98 0.5
v -0.05 1.01515 0.41515
v -0.05 1.1 0.38
v -0.05 1.18485 0.41515
v -0.05 1.22 0.5
v -0.05 1.18485 0.58485
v 0.13 1.1 0.56
v 0.13 1.02929 0.53071
v 0.13 1 0.46
v 0.13 1.02929 0.38929
v 0.13 1.1 0.36
v 0.13 1.17071 0.38929
v 0.13 1.2 0.46
v 0.13 1.17071 0.53071
v -1.9 -1.1 0.41
v -1.9 -1.1 0.41
v -1.9 -1.1 0.41
v -1.9 -1.1 0.41
v -1.9 -1.1 0.41
v -1.9 -1.1 0.41
v -1.9 -1.1 0.41
v -1.9 -1.1 0.41
v -1.7 -1.1 0.38
v -1.7 -1.0505 0.40929
v -1.7 -1.03 0.48
v -1.7 -1.0505 0.55071
v -1.7 -1.1 0.58
v -1.7 -1.1495 0.55071
v -1.7 -1.17 0.48
v -1.7 -1.1495 0.40929
v -1.5 -1.1 0.31
v -1.5 -0.99393 0.35686
v -1.5 -0.95 0.47
v -1.5 -0.99393 0.58314
v -1.5 -1.1 0.63
v -1.5 -1.20607 0.58314
v -1.5 -1.25 0.47
v -1.5 -1.20607 0.35686
v -1.3 -1.1 0.26
v -1.3 -1.00808 0.30979
v -1.3 -0.97 0.43
v -1.3 -1.00808 0.55021
v -1.3 -1.1 0.6
v -1.3 -1.19192 0.55021
v -1.3 -1.23 0.43
v -1.3 -1.19192 0.30979
v -1 -1.1 0.35
v -1 -1.02222 0.39393
v -1 -0.99 0.5
v -1 -1.02222 0.60607
v -1 -1.1 0.65
v -1 -1.17778 0.60607
v -1 -1.21 0.5
v -1 -1.17778 0.39393
v -0.75 -1.1 0.4
v -0.75 -0.95858 0.45858
v -0.75 -0.9 0.6
v -0.75 -0.95858 0.74142
v -0.75 -1.1 0.8
v -0.75 -1.24142 0.74142
v -0.75 -1.3 0.6
v -0.75 -1.24142 0.45858
v -0.4 -1.1 0.35
v -0.4 -0.99393 0.39393
v -0.4 -0.95 0.5
v -0.4 -0.99393 0.60607
v -0.4 -1.1 0.65
v -0.4 -1.20607 0.60607
v -0.4 -1.25 0.5
v -0.4 -1.20607 0.39393
v -0.05 -1.1 0.38
v -0.05 -1.01515 0.41515
v -0.05 -0.98 0.5
v -0.05 -1.01515 0.58485
v -0.05 -1.1 0.62
v -0.05 -1.18485 0.58485
v -0.05 -1.22 0.5
v -0.05 -1.18485 0.41515
v 0.13 -1.1 0.36
v 0.13 -1.02929 0.38929
v 0.13 -1 0.46
v 0.13 -1.02929 0.53071
v 0.13 -1.1 0.56
v 0.13 -1.17071 0.53071
v 0.13 -1.2 0.46
v 0.13 -1.17071 0.38929
v -1.9 1.1 0.09
v -1.9 1.1 0.09
v -1.9 1.1 0.09
v -1.9 1.1 0.09
v -1.9 1.1 0.09
v -1.9 1.1 0.09
v -1.9 1.1 0.09
v -1.9 1.1 0.09
v -1.7 1.1 0.12
v -1.7 1.0505 0.09071
v -1.7 1.03 0.02
v -1.7 1.0505 -0.05071
v -1.7 1.1 -0.08
v -1.7 1.1495 -0.05071
v -1.7 1.17 0.02
v -1.7 1.1495 0.09071
v -1.5 1.1 0.19
v -1.5 0.99393 0.14314
v -1.5 0.95 0.03
v -1.5 0.99393 -0.08314
v -1.5 1.1 -0.13
v -1.5 1.20607 -0.08314
v -1.5 1.25 0.03
v -1.5 1.20607 0.14314
v -1.3 1.1 0.24
v -1.3 1.00808 0.19021
v -1.3 0.97 0.07
v -1.3 1.00808 -0.05021
v -1.3 1.1 -0.1
v -1.3 1.19192 -0.05021
v -1.3 1.23 0.07
v -1.3 1.19192 0.19021
v -1 1.1 0.15
v -1 1.02222 0.10607
v -1 0.99 0
v -1 1.02222 -0.10607
v -1 1.1 -0.15
v -1 1.17778 -0.10607
v -1 1.21 0
v -1 1.17778 0.10607
v -0.75 1.1 0.1
v -0.75 0.95858 0.04142
v -0.75 0.9 -0.1
v -0.75 0.95858 -0.24142
v -0.75 1.1 -0.3
v -0.75 1.24142 -0.24142
v -0.75 1.3 -0.1
v -0.75 1.24142 0.04142
v -0.4 1.1 0.15
v -0.4 0.99393 0.10607
v -0.4 0.95 0
v -0.4 0.99393 -0.10607
v -0.4 1.1 -0.15
v -0.4 1.20607 -0.10607
v -0.4 1.25 0
v -0.4 1.20607 0.10607
v -0.05 1.1 0.12
v -0.05 1.01515 0.08485
v -0.05 0.98 0
v -0.05 1.01515 -0.08485
v -0.05 1.1 -0.12
v -0.05 1.18485 -0.08485
v -0.05 1.22 0
v -0.05 1.18485 0.08485
v 0.13 1.1 0.14
v 0.13 1.02929 0.11071
v 0.13 1 0.04
v 0.13 1.02929 -0.03071
v 0.13 1.1 -0.06
v 0.13 1.17071 -0.03071
v 0.13 1.2 0.04
v 0.13 1.17071 0.11071
v -1.9 -1.1 0.09
v -1.9 -1.1 0.09
v -1.9 -1.1 0.09
v -1.9 -1.1 0.09
v -1.9 -1.1 0.09
v -1.9 -1.1 0.09
v -1.9 -1.1 0.09
v -1.9 -1.1 0.09
v -1.7 -1.1 -0.08
v -1.7 -1.0505 -0.05071
v -1.7 -1.03 0.02
v -1.7 -1.0505 0.09071
v -1.7 -1.1 0.12
v -1.7 -1.1495 0.09071
v -1.7 -1.17 0.02
v -1.7 -1.1495 -0.05071
v -1.5 -1.1 -0.13
v -1.5 -0.99393 -0.08314
v -1.5 -0.95 0.03
v -1.5 -0.99393 0.14314
v -1.5 -1.1 0.19
v -1.5 -1.20607 0.14314
v -1.5 -1.25 0.03
v -1.5 -1.20607 -0.08314
v -1.3 -1.1 -0.1
v -1.3 -1.00808 -0.05021
v -1.3 -0.97 0.07
v -1.3 -1.00808 0.19021
v -1.3 -1.1 0.24
v -1.3 -1.19192 0.19021
v -1.3 -1.23 0.07
v -1.3 -1.19192 -0.05021
v -1 -1.1 -0.15
v -1 -1.02222 -0.10607
v -1 -0.99 0
v -1 -1.02222 0.10607
v -1 -1.1 0.15
v -1 -1.17778 0.10607
v -1 -1.21 0
v -1 -1.17778 -0.10607
v -0.75 -1.1 -0.3
v -0.75 -0.95858 -0.24142
v -0.75 -0.9 -0.1
v -0.75 -0.95858 0.04142
v -0.75 -1.1 0.1
v -0.75 -1.24142 0.04142
v -0.75 -1.3 -0.1
v -0.75 -1.24142 -0.24142
v -0.4 -1.1 -0.15
v -0.4 -0.99393 -0.10607
v -0.4 -0.95 0
v -0.4 -0.99393 0.10607
v -0.4 -1.1 0.15
v -0.4 -1.20607 0.10607
v -0.4 -1.25 0
v -0.4 -1.20607 -0.10607
v -0.05 -1.1 -0.12
v -0.05 -1.01515 -0.08485
v -0.05 -0.98 0
v -0.05 -1.01515 0.08485
v -0.05 -1.1 0.12
v -0.05 -1.18485 0.08485
v -0.05 -1.22 0
v -0.05 -1.18485 -0.08485
v 0.13 -1.1 -0.06
v 0.13 -1.02929 -0.03071
v 0.13 -1 0.04
v 0.13 -1.02929 0.11071
v 0.13 -1.1 0.14
v 0.13 -1.17071 0.11071
v 0.13 -1.2 0.04
v 0.13 -1.17071 -0.03071
v -1.35 1.39 0.25
v -1.35 1.39 0.25
v -1.35 1.39 0.25
v -1.35 1.39 0.25
v -1.15 1.4 0.39
v -1.15 1.3 0.25
v -1.15 1.4 0.11
v -1.15 1.5 0.25
v -0.9 1.34 0.45
v -0.9 1.19 0.25
v -0.9 1.34 0.05
v -0.9 1.49 0.25
v -0.55 1.4 0.45
v -0.55 1.25 0.25
v -0.55 1.4 0.05
v -0.55 1.55 0.25
v -0.25 1.33 0.45
v -0.25 1.18 0.25
v -0.25 1.33 0.05
v -0.25 1.48 0.25
v 0.05 1.33 0.45
v 0.05 1.18 0.25
v 0.05 1.33 0.05
v 0.05 1.48 0.25
v 0.25 1.4 0.41
v 0.25 1.26 0.25
v 0.25 1.4 0.09
v 0.25 1.54 0.25
v 0.6 1.39 0.38
v 0.6 1.27 0.25
v 0.6 1.39 0.12
v 0.6 1.51 0.25
v 0.78 1.37 0.35
v 0.78 1.28 0.25
v 0.78 1.37 0.15
v 0.78 1.46 0.25
v 0.75 1.37 0.25
v 0.75 1.37 0.25
v 0.75 1.37 0.25
v 0.75 1.37 0.25
v -1.35 -1.39 0.25
v -1.35 -1.39 0.25
v -1.35 -1.39 0.25
v -1.35 -1.39 0.25
v -1.15 -1.4 0.11
v -1.15 -1.3 0.25
v -1.15 -1.4 0.39
v -1.15 -1.5 0.25
v -0.9 -1.34 0.05
v -0.9 -1.19 0.25
v -0.9 -1.34 0.45
v -0.9 -1.49 0.25
v -0.55 -1.4 0.05
v -0.55 -1.25 0.25
v -0.55 -1.4 0.45
v -0.55 -1.55 0.25
v -0.25 -1.33 0.05
v -0.25 -1.18 0.25
v -0.25 -1.33 0.45
v -0.25 -1.48 0.25
v 0.05 -1.33 0.05
v 0.05 -1.18 0.25
v 0.05 -1.33 0.45
v 0.05 -1.48 0.25
v 0.25 -1.4 0.09
v 0.25 -1.26 0.25
v 0.25 -1.4 0.41
v 0.25 -1.54 0.25
v 0.6 -1.39 0.12
v 0.6 -1.27 0.25
v 0.6 -1.39 0.38
v 0.6 -1.51 0.25
v 0.78 -1.37 0.15
v 0.78 -1.28 0.25
v 0.78 -1.37 0.35
v 0.78 -1.46 0.25
v 0.75 -1.37 0.25
v 0.75 -1.37 0.25
v 0.75 -1.37 0.25
v 0.75 -1.37 0.25
v -1.35 0.81 0.25
v -1.35 0.81 0.25
v -1.35 0.81 0.25
v -1.35 0.81 0.25
v -1.15 0.8 0.39
v -1.15 0.7 0.25
v -1.15 0.8 0.11
v -1.15 0.9 0.25
v -0.9 0.86 0.45
v -0.9 0.71 0.25
v -0.9 0.86 0.05
v -0.9 1.01 0.25
v -0.55 0.8 0.45
v -0.55 0.65 0.25
v -0.55 0.8 0.05
v -0.55 0.95 0.25
v -0.25 0.87 0.45
v -0.25 0.72 0.25
v -0.25 0.87 0.05
v -0.25 1.02 0.25
v 0.05 0.87 0.45
v 0.05 0.72 0.25
v 0.05 0.87 0.05
v 0.05 1.02 0.25
v 0.25 0.8 0.41
v 0.25 0.66 0.25
v 0.25 0.8 0.09
v 0.25 0.94 0.25
v 0.6 0.81 0.38
v 0.6 0.69 0.25
v 0.6 0.81 0.12
v 0.6 0.93 0.25
v 0.78 0.83 0.35
v 0.78 0.74 0.25
v 0.78 0.83 0.15
v 0.78 0.92 0.25
v 0.75 0.83 0.25
v 0.75 0.83 0.25
v 0.75 0.83 0.25
v 0.75 0.83 0.25
v -1.35 -0.81 0.25
v -1.35 -0.81 0.25
v -1.35 -0.81 0.25
v -1.35 -0.81 0.25
v -1.15 -0.8 0.11
v -1.15 -0.7 0.25
v -1.15 -0.8 0.39
v -1.15 -0.9 0.25
v -0.9 -0.86 0.05
v -0.9 -0.71 0.25
v -0.9 -0.86 0.45
v -0.9 -1.01 0.25
v -0.55 -0.8 0.05
v -0.55 -0.65 0.25
v -0.55 -0.8 0.45
v -0.55 -0.95 0.25
v -0.25 -0.87 0.05
v -0.25 -0.72 0.25
v -0.25 -0.87 0.45
v -0.25 -1.02 0.25
v 0.05 -0.87 0.05
v 0.05 -0.72 0.25
v 0.05 -0.87 0.45
v 0.05 -1.02 0.25
v 0.25 -0.8 0.09
v 0.25 -0.66 0.25
v 0.25 -0.8 0.41
v 0.25 -0.94 0.25
v 0.6 -0.81 0.12
v 0.6 -0.69 0.25
v 0.6 -0.81 0.38
v 0.6 -0.93 0.25
v 0.78 -0.83 0.15
v 0.78 -0.74 0.25
v 0.78 -0.83 0.35
v 0.78 -0.92 0.25
v 0.75 -0.83 0.25
v 0.75 -0.83 0.25
v 0.75 -0.83 0.25
v 0.75 -0.83 0.25
v -0.1 0 0.4
v -0.1 0 0.4
v -0.1 0 0.4
v -0.1 0 0.4
v -0.1 0 0.4
v -0.1 0 0.4
v -0.1 0 0.4
v -0.1 0 0.4
v 0.05 0 0.6
v 0.05 -0.14142 0.48284
v 0.05 -0.2 0.2
v 0.05 -0.14142 -0.08284
v 0.05 0 -0.2
v 0.05 0.14142 -0.08284
v 0.05 0.2 0.2
v 0.05 0.14142 0.48284
v 0.3 0 0.68
v 0.3 -0.16971 0.53941
v 0.3 -0.24 0.2
v 0.3 -0.16971 -0.13941
v 0.3 0 -0.28
v 0.3 0.16971 -0.13941
v 0.3 0.24 0.2
v 0.3 0.16971 0.53941
v 0.45 0 0.6
v 0.45 -0.14142 0.48284
v 0.45 -0.2 0.2
v 0.45 -0.14142 -0.08284
v 0.45 0 -0.2
v 0.45 0.14142 -0.08284
v 0.45 0.2 0.2
v 0.45 0.14142 0.48284
v 0.75 0 0.72
v 0.75 -0.18385 0.5677
v 0.75 -0.26 0.2
v 0.75 -0.18385 -0.1677
v 0.75 0 -0.32
v 0.75 0.18385 -0.1677
v 0.75 0.26 0.2
v 0.75 0.18385 0.5677
v 1.15 0 0.6
v 1.15 -0.14142 0.48284
v 1.15 -0.2 0.2
v 1.15 -0.14142 -0.08284
v 1.15 0 -0.2
v 1.15 0.14142 -0.08284
v 1.15 0.2 0.2
v 1.15 0.14142 0.48284
v 1.45 0 0.6
v 1.45 -0.14142 0.48284
v 1.45 -0.2 0.2
v 1.45 -0.14142 -0.08284
v 1.45 0 -0.2
v 1.45 0.14142 -0.08284
v 1.45 0.2 0.2
v 1.45 0.14142 0.48284
v 1.6 0 0.68
v 1.6 -0.16971 0.53941
v 1.6 -0.24 0.2
v 1.6 -0.16971 -0.13941
v 1.6 0 -0.28
v 1.6 0.16971 -0.13941
v 1.6 0.24 0.2
v 1.6 0.16971 0.53941
v 1.8 0 0.56
v 1.8 -0.12728 0.45456
v 1.8 -0.18 0.2
v 1.8 -0.12728 -0.05456
v 1.8 0 -0.16
v 1.8 0.12728 -0.05456
v 1.8 0.18 0.2
v 1.8 0.12728 0.45456
v 1.75 0 0.2
v 1.75 0 0.2
v 1.75 0 0.2
v 1.75 0 0.2
v 1.75 0 0.2
v 1.75 0 0.2
v 1.75 0 0.2
v 1.75 0 0.2
v 0 0.1 0.26
v 0 0.1 0.26
v 0 0.1 0.26
v 0 0.1 0.26
v 0 0.1 0.26
v 0 0.1 0.26
v 0 0.1 0.26
v 0 0.1 0.26
v 0.2 0.1 0.46
v 0.2 -0.04142 0.40142
v 0.2 -0.1 0.26
v 0.2 -0.04142 0.11858
v 0.2 0.1 0.06
v 0.2 0.24142 0.11858
v 0.2 0.3 0.26
v 0.2 0.24142 0.40142
v 0.4 0.1 0.48
v 0.4 -0.05556 0.41556
v 0.4 -0.12 0.26
v 0.4 -0.05556 0.10444
v 0.4 0.1 0.04
v 0.4 0.25556 0.10444
v 0.4 0.32 0.26
v 0.4 0.25556 0.41556
v 0.55 0.1 0.44
v 0.55 -0.02728 0.38728
v 0.55 -0.08 0.26
v 0.55 -0.02728 0.13272
v 0.55 0.1 0.08
v 0.55 0.22728 0.13272
v 0.55 0.28 0.26
v 0.55 0.22728 0.38728
v 0.85 0.1 0.44
v 0.85 -0.02728 0.38728
v 0.85 -0.08 0.26
v 0.85 -0.02728 0.13272
v 0.85 0.1 0.08
v 0.85 0.22728 0.13272
v 0.85 0.28 0.26
v 0.85 0.22728 0.38728
v 0.95 0.1 0.46
v 0.95 -0.06971 0.38971
v 0.95 -0.14 0.22
v 0.95 -0.06971 0.05029
v 0.95 0.1 -0.02
v 0.95 0.26971 0.05029
v 0.95 0.34 0.22
v 0.95 0.26971 0.38971
v 1.2 0.1 0.45
v 1.2 -0.06263 0.38263
v 1.2 -0.13 0.22
v 1.2 -0.06263 0.05737
v 1.2 0.1 -0.01
v 1.2 0.26263 0.05737
v 1.2 0.33 0.22
v 1.2 0.26263 0.38263
v 1.4 0.1 0.42
v 1.4 -0.04142 0.36142
v 1.4 -0.1 0.22
v 1.4 -0.04142 0.07858
v 1.4 0.1 0.02
v 1.4 0.24142 0.07858
v 1.4 0.3 0.22
v 1.4 0.24142 0.36142
v 1.6 0.1 0.32
v 1.6 0.02929 0.29071
v 1.6 0 0.22
v 1.6 0.02929 0.14929
v 1.6 0.1 0.12
v 1.6 0.17071 0.14929
v 1.6 0.2 0.22
v 1.6 0.17071 0.29071
v 0 -0.1 0.26
v 0 -0.1 0.26
v 0 -0.1 0.26
v 0 -0.1 0.26
v 0 -0.1 0.26
v 0 -0.1 0.26
v 0 -0.1 0.26
v 0 -0.1 0.26
v 0.2 -0.1 0.06
v 0.2 0.04142 0.11858
v 0.2 0.1 0.26
v 0.2 0.04142 0.40142
v 0.2 -0.1 0.46
v 0.2 -0.24142 0.40142
v 0.2 -0.3 0.26
v 0.2 -0.24142 0.11858
v 0.4 -0.1 0.04
v 0.4 0.05556 0.10444
v 0.4 0.12 0.26
v 0.4 0.05556 0.41556
v 0.4 -0.1 0.48
v 0.4 -0.25556 0.41556
v 0.4 -0.32 0.26
v 0.4 -0.25556 0.10444
v 0.55 -0.1 0.08
v 0.55 0.02728 0.13272
v 0.55 0.08 0.26
v 0.55 0.02728 0.38728
v 0.55 -0.1 0.44
v 0.55 -0.22728 0.38728
v 0.55 -0.28 0.26
v 0.55 -0.22728 0.13272
v 0.85 -0.1 0.08
v 0.85 0.02728 0.13272
v 0.85 0.08 0.26
v 0.85 0.02728 0.38728
v 0.85 -0.1 0.44
v 0.85 -0.22728 0.38728
v 0.85 -0.28 0.26
v 0.85 -0.22728 0.13272
v 0.95 -0.1 -0.02
v 0.95 0.06971 0.05029
v 0.95 0.14 0.22
v 0.95 0.06971 0.38971
v 0.95 -0.1 0.46
v 0.95 -0.26971 0.38971
v 0.95 -0.34 0.22
v 0.95 -0.26971 0.05029
v 1.2 -0.1 -0.01
v 1.2 0.06263 0.05737
v 1.2 0.13 0.22
v 1.2 0.06263 0.38263
v 1.2 -0.1 0.45
v 1.2 -0.26263 0.38263
v 1.2 -0.33 0.22
v 1.2 -0.26263 0.05737
v 1.4 -0.1 0.02
v 1.4 0.04142 0.07858
v 1.4 0.1 0.22
v 1.4 0.04142 0.36142
v 1.4 -0.1 0.42
v 1.4 -0.24142 0.36142
v 1.4 -0.3 0.22
v 1.4 -0.24142 0.07858
v 1.6 -0.1 0.12
v 1.6 -0.02929 0.14929
v 1.6 0 0.22
v 1.6 -0.02929 0.29071
v 1.6 -0.1 0.32
v 1.6 -0.17071 0.29071
v 1.6 -0.2 0.22
v 1.6 -0.17071 0.14929
v -0.1 0.3 0
v 0.1 0.3 0.05
v 0.1 0.3 -0.05
v 0.9 0.3 0
v -0.4 1.05175 0.27362
v -0.28 1.05175 0.30362
v -0.28 1.05175 0.24362
v 0.2 1.05175 0.27362
v -0.1 1.05175 0.27362
v -0.1 1.05175 0.27362
v -0.1 -0.3 0
v 0.1 -0.3 0.05
v 0.1 -0.3 -0.05
v 0.9 -0.3 0
v -0.4 -1.05175 0.27362
v -0.28 -1.05175 0.30362
v -0.28 -1.05175 0.24362
v 0.2 -1.05175 0.27362
v -0.1 -1.05175 0.27362
v -0.1 -1.05175 0.27362
v -0.101 0.3 0
v 0.099 0.3 0.05
v 0.099 0.3 -0.05
v 0.899 0.3 0
v -0.401 1.05175 0.27362
v -0.281 1.05175 0.30362
v -0.281 1.05175 0.24362
v 0.199 1.05175 0.27362
v -0.101 1.05175 0.27362
v -0.101 1.05175 0.27362
v -0.101 -0.3 0
v 0.099 -0.3 0.05
v 0.099 -0.3 -0.05
v 0.899 -0.3 0
v -0.401 -1.05175 0.27362
v -0.281 -1.05175 0.30362
v -0.281 -1.05175 0.24362
v 0.199 -1.05175 0.27362
v -0.101 -1.05175 0.27362
v -0.101 -1.05175 0.27362
v 0.2 0.3 0
v 0.3 0.3 0.01
v 0.3 0.3 -0.01
v 0.7 0.3 0
v -0.15 0.99282 0.4
v 0.15 0.99282 0.4
v 0.2 -0.3 0
v 0.3 -0.3 0.01
v 0.3 -0.3 -0.01
v 0.7 -0.3 0
v -0.15 -0.99282 0.4
v 0.15 -0.99282 0.4
v -0.95 1.35 0.25
v -0.67 1.35 0.32
v -0.67 1.35 0.18
v -0.25 1.35 0.25
v -1.125 1.65 0.25
v -0.945 1.65 0.295
v -0.945 1.65 0.205
v -0.675 1.65 0.25
v -1.37 1.65 0.25
v -1.09 1.65 0.32
v -1.09 1.65 0.18
v -0.67 1.65 0.25
v -1.23 1.75 0.25
v -0.99 1.75 0.31
v -0.99 1.75 0.19
v -0.63 1.75 0.25
v -0.9 1.9 0.25
v -0.5 1.9 0.25
v -0.95 -1.35 0.25
v -0.67 -1.35 0.32
v -0.67 -1.35 0.18
v -0.25 -1.35 0.25
v -1.125 -1.65 0.25
v -0.945 -1.65 0.295
v -0.945 -1.65 0.205
v -0.675 -1.65 0.25
v -1.37 -1.65 0.25
v -1.09 -1.65 0.32
v -1.09 -1.65 0.18
v -0.67 -1.65 0.25
v -1.23 -1.75 0.25
v -0.99 -1.75 0.31
v -0.99 -1.75 0.19
v -0.63 -1.75 0.25
v -0.9 -1.9 0.25
v -0.5 -1.9 0.25
v 0 1.43 0.25
v 0.25 1.43 0.28
v 0.25 1.43 0.22
v 0.5 1.43 0.25
v 0.3 1.63 0.25
v 0.6 1.63 0.25
v 0 -1.43 0.25
v 0.25 -1.43 0.28
v 0.25 -1.43 0.22
v 0.5 -1.43 0.25
v 0.3 -1.63 0.25
v 0.6 -1.63 0.25
v -0.95 -0.9 0.25
v -0.7 -0.9 0.325
v -0.7 -0.9 0.175
v -0.45 -0.9 0.25
v -1.125 -0.4 0.25
v -0.875 -0.4 0.25
v -0.95 0.9 0.25
v -0.7 0.9 0.325
v -0.7 0.9 0.175
v -0.45 0.9 0.25
v -1.125 0.4 0.25
v -0.875 0.4 0.25
v 1.05 0.5 0
v 1.3 0.5 0.15
v 1.3 0.5 -0.15
v 1.55 0.5 0
v 1.525 0.75 0
v 1.775 0.75 0
v 1.05 -0.5 0
v 1.3 -0.5 0.15
v 1.3 -0.5 -0.15
v 1.55 -0.5 0
v 1.525 -0.75 0
v 1.775 -0.75 0

vt 0.2625 0.775
vt 0.2625 0.975
vt 0.3625 0.975
vt 0.3625 0.775
vt 0.2625 0.775
vt 0.3625 0.975
vt 0.2625 0.775
vt 0.2625 0.975
vt 0.3625 0.975
vt 0.3625 0.775
vt 0.2625 0.775
vt 0.3625 0.975
vt 0.2625 0.775
vt 0.2625 0.975
vt 0.3625 0.975
vt 0.3625 0.775
vt 0.2625 0.775
vt 0.3625 0.975
vt 0.2625 0.775
vt 0.2625 0.975
vt 0.3625 0.975
vt 0.3625 0.775
vt 0.2625 0.775
vt 0.3625 0.975
vt 0.2625 0.775
vt 0.2625 0.975
vt 0.3625 0.775
vt 0.2625 0.975
vt 0.3625 0.975
vt 0.3625 0.775
vt 0.2625 0.775
vt 0.2625 0.975
vt 0.3625 0.775
vt 0.2625 0.975
vt 0.3625 0.975
vt 0.3625 0.775
vt 0.2625 0.775
vt 0.2625 0.975
vt 0.3625 0.775
vt 0.2625 0.975
vt 0.3625 0.975
vt 0.3625 0.775
vt 0.2625 0.775
vt 0.2625 0.975
vt 0.3625 0.775
vt 0.2625 0.975
vt 0.3625 0.975
vt 0.3625 0.775
vt 0.1375 0.525
vt 0.1375 0.725
vt 0.2375 0.725
vt 0.2375 0.525
vt 0.1375 0.525
vt 0.2375 0.725
vt 0.1375 0.525
vt 0.1375 0.725
vt 0.2375 0.725
vt 0.2375 0.525
vt 0.1375 0.525
vt 0.2375 0.725
vt 0.1375 0.525
vt 0.1375 0.725
vt 0.2375 0.725
vt 0.2375 0.525
vt 0.1375 0.525
vt 0.2375 0.725
vt 0.1375 0.525
vt 0.1375 0.725
vt 0.2375 0.725
vt 0.2375 0.525
vt 0.1375 0.525
vt 0.2375 0.725
vt 0.1375 0.525
vt 0.1375 0.725
vt 0.2375 0.525
vt 0.1375 0.725
vt 0.2375 0.725
vt 0.2375 0.525
vt 0.1375 0.525
vt 0.1375 0.725
vt 0.2375 0.525
vt 0.1375 0.725
vt 0.2375 0.725
vt 0.2375 0.525
vt 0.1375 0.525
vt 0.1375 0.725
vt 0.2375 0.525
vt 0.1375 0.725
vt 0.2375 0.725
vt 0.2375 0.525
vt 0.1375 0.525
vt 0.1375 0.725
vt 0.2375 0.525
vt 0.1375 0.725
vt 0.2375 0.725
vt 0.2375 0.525
vt 0.1375 0.525
vt 0.1375 0.725
vt 0.2375 0.725
vt 0.2375 0.525
vt 0.1375 0.525
vt 0.2375 0.725
vt 0.1375 0.525
vt 0.1375 0.725
vt 0.2375 0.725
vt 0.2375 0.525
vt 0.1375 0.525
vt 0.2375 0.725
vt 0.1375 0.525
vt 0.1375 0.725
vt 0.2375 0.725
vt 0.2375 0.525
vt 0.1375 0.525
vt 0.2375 0.725
vt 0.1375 0.525
vt 0.1375 0.725
vt 0.2375 0.725
vt 0.2375 0.525
vt 0.1375 0.525
vt 0.2375 0.725
vt 0.1375 0.525
vt 0.1375 0.725
vt 0.2375 0.525
vt 0.1375 0.725
vt 0.2375 0.725
vt 0.2375 0.525
vt 0.1375 0.525
vt 0.1375 0.725
vt 0.2375 0.525
vt 0.1375 0.725
vt 0.2375 0.725
vt 0.2375 0.525
vt 0.1375 0.525
vt 0.1375 0.725
vt 0.2375 0.525
vt 0.1375 0.725
vt 0.2375 0.725
vt 0.2375 0.525
vt 0.1375 0.525
vt 0.1375 0.725
vt 0.2375 0.525
vt 0.1375 0.725
vt 0.2375 0.725
vt 0.2375 0.525
vt 0.0125 0.525
vt 0.0125 0.725
vt 0.1125 0.725
vt 0.1125 0.525
vt 0.0125 0.525
vt 0.1125 0.725
vt 0.0125 0.525
vt 0.0125 0.725
vt 0.1125 0.725
vt 0.1125 0.525
vt 0.0125 0.525
vt 0.1125 0.725
vt 0.0125 0.525
vt 0.0125 0.725
vt 0.1125 0.725
vt 0.1125 0.525
vt 0.0125 0.525
vt 0.1125 0.725
vt 0.0125 0.525
vt 0.0125 0.725
vt 0.1125 0.725
vt 0.1125 0.525
vt 0.0125 0.525
vt 0.1125 0.725
vt 0.0125 0.525
vt 0.0125 0.725
vt 0.1125 0.525
vt 0.0125 0.725
vt 0.1125 0.725
vt 0.1125 0.525
vt 0.0125 0.525
vt 0.0125 0.725
vt 0.1125 0.525
vt 0.0125 0.725
vt 0.1125 0.725
vt 0.1125 0.525
vt 0.0125 0.525
vt 0.0125 0.725
vt 0.1125 0.525
vt 0.0125 0.725
vt 0.1125 0.725
vt 0.1125 0.525
vt 0.0125 0.525
vt 0.0125 0.725
vt 0.1125 0.525
vt 0.0125 0.725
vt 0.1125 0.725
vt 0.1125 0.525
vt 0.2625 0.275
vt 0.2625 0.475
vt 0.3625 0.475
vt 0.3625 0.275
vt 0.2625 0.275
vt 0.3625 0.475
vt 0.2625 0.275
vt 0.2625 0.475
vt 0.3625 0.475
vt 0.3625 0.275
vt 0.2625 0.275
vt 0.3625 0.475
vt 0.2625 0.275
vt 0.2625 0.475
vt 0.3625 0.475
vt 0.3625 0.275
vt 0.2625 0.275
vt 0.3625 0.475
vt 0.2625 0.275
vt 0.2625 0.475
vt 0.3625 0.475
vt 0.3625 0.275
vt 0.2625 0.275
vt 0.3625 0.475
vt 0.2625 0.275
vt 0.2625 0.475
vt 0.3625 0.275
vt 0.2625 0.475
vt 0.3625 0.475
vt 0.3625 0.275
vt 0.2625 0.275
vt 0.2625 0.475
vt 0.3625 0.275
vt 0.2625 0.475
vt 0.3625 0.475
vt 0.3625 0.275
vt 0.2625 0.275
vt 0.2625 0.475
vt 0.3625 0.275
vt 0.2625 0.475
vt 0.3625 0.475
vt 0.3625 0.275
vt 0.2625 0.275
vt 0.2625 0.475
vt 0.3625 0.275
vt 0.2625 0.475
vt 0.3625 0.475
vt 0.3625 0.275
vt 0.5125 0.775
vt 0.5125 0.975
vt 0.6125 0.975
vt 0.6125 0.775
vt 0.5125 0.775
vt 0.6125 0.975
vt 0.5125 0.775
vt 0.5125 0.975
vt 0.6125 0.975
vt 0.6125 0.775
vt 0.5125 0.775
vt 0.6125 0.975
vt 0.5125 0.775
vt 0.5125 0.975
vt 0.6125 0.975
vt 0.6125 0.775
vt 0.5125 0.775
vt 0.6125 0.975
vt 0.5125 0.775
vt 0.5125 0.975
vt 0.6125 0.975
vt 0.6125 0.775
vt 0.5125 0.775
vt 0.6125 0.975
vt 0.5125 0.775
vt 0.5125 0.975
vt 0.6125 0.775
vt 0.5125 0.975
vt 0.6125 0.975
vt 0.6125 0.775
vt 0.5125 0.775
vt 0.5125 0.975
vt 0.6125 0.775
vt 0.5125 0.975
vt 0.6125 0.975
vt 0.6125 0.775
vt 0.5125 0.775
vt 0.5125 0.975
vt 0.6125 0.775
vt 0.5125 0.975
vt 0.6125 0.975
vt 0.6125 0.775
vt 0.5125 0.775
vt 0.5125 0.975
vt 0.6125 0.775
vt 0.5125 0.975
vt 0.6125 0.975
vt 0.6125 0.775
vt 0.94792 0.025
vt 0.94792 0.225
vt 0.94792 0.225
vt 0.94792 0.025
vt 0.94792 0.025
vt 0.94792 0.225
vt 0.94792 0.025
vt 0.94792 0.225
vt 0.94792 0.225
vt 0.94792 0.025
vt 0.94792 0.025
vt 0.94792 0.225
vt 0.94792 0.025
vt 0.94792 0.225
vt 0.94792 0.225
vt 0.94792 0.025
vt 0.94792 0.025
vt 0.94792 0.225
vt 0.94792 0.025
vt 0.94792 0.225
vt 0.94792 0.225
vt 0.94792 0.025
vt 0.94792 0.025
vt 0.94792 0.225
vt 0.94792 0.025
vt 0.94792 0.225
vt 0.94792 0.025
vt 0.94792 0.225
vt 0.94792 0.225
vt 0.94792 0.025
vt 0.94792 0.025
vt 0.94792 0.225
vt 0.94792 0.025
vt 0.94792 0.225
vt 0.94792 0.225
vt 0.94792 0.025
vt 0.94792 0.025
vt 0.94792 0.225
vt 0.94792 0.025
vt 0.94792 0.225
vt 0.94792 0.225
vt 0.94792 0.025
vt 0.94792 0.025
vt 0.94792 0.225
vt 0.94792 0.025
vt 0.94792 0.225
vt 0.94792 0.225
vt 0.94792 0.025
vt 0.6375 0.525
vt 0.6375 0.725
vt 0.7375 0.725
vt 0.7375 0.525
vt 0.6375 0.525
vt 0.7375 0.725
vt 0.6375 0.525
vt 0.6375 0.725
vt 0.7375 0.725
vt 0.7375 0.525
vt 0.6375 0.525
vt 0.7375 0.725
vt 0.6375 0.525
vt 0.6375 0.725
vt 0.7375 0.725
vt 0.7375 0.525
vt 0.6375 0.525
vt 0.7375 0.725
vt 0.6375 0.525
vt 0.6375 0.725
vt 0.7375 0.725
vt 0.7375 0.525
vt 0.6375 0.525
vt 0.7375 0.725
vt 0.6375 0.525
vt 0.6375 0.725
vt 0.7375 0.525
vt 0.6375 0.725
vt 0.7375 0.725
vt 0.7375 0.525
vt 0.6375 0.525
vt 0.6375 0.725
vt 0.7375 0.525
vt 0.6375 0.725
vt 0.7375 0.725
vt 0.7375 0.525
vt 0.6375 0.525
vt 0.6375 0.725
vt 0.7375 0.525
vt 0.6375 0.725
vt 0.7375 0.725
vt 0.7375 0.525
vt 0.6375 0.525
vt 0.6375 0.725
vt 0.7375 0.525
vt 0.6375 0.725
vt 0.7375 0.725
vt 0.7375 0.525
vt 0.1375 0.275
vt 0.1375 0.475
vt 0.2375 0.475
vt 0.2375 0.275
vt 0.1375 0.275
vt 0.2375 0.475
vt 0.1375 0.275
vt 0.1375 0.475
vt 0.2375 0.475
vt 0.2375 0.275
vt 0.1375 0.275
vt 0.2375 0.475
vt 0.1375 0.275
vt 0.1375 0.475
vt 0.2375 0.475
vt 0.2375 0.275
vt 0.1375 0.275
vt 0.2375 0.475
vt 0.1375 0.275
vt 0.1375 0.475
vt 0.2375 0.475
vt 0.2375 0.275
vt 0.1375 0.275
vt 0.2375 0.475
vt 0.1375 0.275
vt 0.1375 0.475
vt 0.2375 0.275
vt 0.1375 0.475
vt 0.2375 0.475
vt 0.2375 0.275
vt 0.1375 0.275
vt 0.1375 0.475
vt 0.2375 0.275
vt 0.1375 0.475
vt 0.2375 0.475
vt 0.2375 0.275
vt 0.1375 0.275
vt 0.1375 0.475
vt 0.2375 0.275
vt 0.1375 0.475
vt 0.2375 0.475
vt 0.2375 0.275
vt 0.1375 0.275
vt 0.1375 0.475
vt 0.2375 0.275
vt 0.1375 0.475
vt 0.2375 0.475
vt 0.2375 0.275
vt 0.5125 0.525
vt 0.5125 0.725
vt 0.5625 0.725
vt 0.5625 0.525
vt 0.5125 0.525
vt 0.5625 0.725
vt 0.5625 0.525
vt 0.5625 0.725
vt 0.6125 0.725
vt 0.6125 0.525
vt 0.5625 0.525
vt 0.6125 0.725
vt 0.5125 0.525
vt 0.5125 0.725
vt 0.5625 0.725
vt 0.5625 0.525
vt 0.5125 0.525
vt 0.5625 0.725
vt 0.5625 0.525
vt 0.5625 0.725
vt 0.6125 0.725
vt 0.6125 0.525
vt 0.5625 0.525
vt 0.6125 0.725
vt 0.5125 0.525
vt 0.5125 0.725
vt 0.5625 0.525
vt 0.5125 0.725
vt 0.5625 0.725
vt 0.5625 0.525
vt 0.5625 0.525
vt 0.5625 0.725
vt 0.6125 0.525
vt 0.5625 0.725
vt 0.6125 0.725
vt 0.6125 0.525
vt 0.5125 0.525
vt 0.5125 0.725
vt 0.5625 0.525
vt 0.5125 0.725
vt 0.5625 0.725
vt 0.5625 0.525
vt 0.5625 0.525
vt 0.5625 0.725
vt 0.6125 0.525
vt 0.5625 0.725
vt 0.6125 0.725
vt 0.6125 0.525
vt 0.3875 0.775
vt 0.3875 0.975
vt 0.4375 0.975
vt 0.4375 0.775
vt 0.3875 0.775
vt 0.4375 0.975
vt 0.4375 0.775
vt 0.4375 0.975
vt 0.4875 0.975
vt 0.4875 0.775
vt 0.4375 0.775
vt 0.4875 0.975
vt 0.3875 0.775
vt 0.3875 0.975
vt 0.4375 0.975
vt 0.4375 0.775
vt 0.3875 0.775
vt 0.4375 0.975
vt 0.4375 0.775
vt 0.4375 0.975
vt 0.4875 0.975
vt 0.4875 0.775
vt 0.4375 0.775
vt 0.4875 0.975
vt 0.3875 0.775
vt 0.3875 0.975
vt 0.4375 0.775
vt 0.3875 0.975
vt 0.4375 0.975
vt 0.4375 0.775
vt 0.4375 0.775
vt 0.4375 0.975
vt 0.4875 0.775
vt 0.4375 0.975
vt 0.4875 0.975
vt 0.4875 0.775
vt 0.3875 0.775
vt 0.3875 0.975
vt 0.4375 0.775
vt 0.3875 0.975
vt 0.4375 0.975
vt 0.4375 0.775
vt 0.4375 0.775
vt 0.4375 0.975
vt 0.4875 0.775
vt 0.4375 0.975
vt 0.4875 0.975
vt 0.4875 0.775
vt 0.5125 0.775
vt 0.5125 0.975
vt 0.5625 0.975
vt 0.5625 0.775
vt 0.5125 0.775
vt 0.5625 0.975
vt 0.5625 0.775
vt 0.5625 0.975
vt 0.6125 0.975
vt 0.6125 0.775
vt 0.5625 0.775
vt 0.6125 0.975
vt 0.5125 0.775
vt 0.5125 0.975
vt 0.5625 0.975
vt 0.5625 0.775
vt 0.5125 0.775
vt 0.5625 0.975
vt 0.5625 0.775
vt 0.5625 0.975
vt 0.6125 0.975
vt 0.6125 0.775
vt 0.5625 0.775
vt 0.6125 0.975
vt 0.5125 0.775
vt 0.5125 0.975
vt 0.5625 0.775
vt 0.5125 0.975
vt 0.5625 0.975
vt 0.5625 0.775
vt 0.5625 0.775
vt 0.5625 0.975
vt 0.6125 0.775
vt 0.5625 0.975
vt 0.6125 0.975
vt 0.6125 0.775
vt 0.5125 0.775
vt 0.5125 0.975
vt 0.5625 0.775
vt 0.5125 0.975
vt 0.5625 0.975
vt 0.5625 0.775
vt 0.5625 0.775
vt 0.5625 0.975
vt 0.6125 0.775
vt 0.5625 0.975
vt 0.6125 0.975
vt 0.6125 0.775
vt 0.6375 0.775
vt 0.6375 0.975
vt 0.7375 0.975
vt 0.7375 0.775
vt 0.6375 0.775
vt 0.7375 0.975
vt 0.6375 0.775
vt 0.6375 0.975
vt 0.7375 0.975
vt 0.7375 0.775
vt 0.6375 0.775
vt 0.7375 0.975
vt 0.6375 0.775
vt 0.6375 0.975
vt 0.7375 0.975
vt 0.7375 0.775
vt 0.6375 0.775
vt 0.7375 0.975
vt 0.6375 0.775
vt 0.6375 0.975
vt 0.7375 0.975
vt 0.7375 0.775
vt 0.6375 0.775
vt 0.7375 0.975
vt 0.6375 0.775
vt 0.6375 0.975
vt 0.7375 0.775
vt 0.6375 0.975
vt 0.7375 0.975
vt 0.7375 0.775
vt 0.6375 0.775
vt 0.6375 0.975
vt 0.7375 0.775
vt 0.6375 0.975
vt 0.7375 0.975
vt 0.7375 0.775
vt 0.6375 0.775
vt 0.6375 0.975
vt 0.7375 0.775
vt 0.6375 0.975
vt 0.7375 0.975
vt 0.7375 0.775
vt 0.6375 0.775
vt 0.6375 0.975
vt 0.7375 0.775
vt 0.6375 0.975
vt 0.7375 0.975
vt 0.7375 0.775
vt 0.2625 0.525
vt 0.2625 0.725
vt 0.3625 0.725
vt 0.3625 0.525
vt 0.2625 0.525
vt 0.3625 0.725
vt 0.2625 0.525
vt 0.2625 0.725
vt 0.3625 0.725
vt 0.3625 0.525
vt 0.2625 0.525
vt 0.3625 0.725
vt 0.2625 0.525
vt 0.2625 0.725
vt 0.3625 0.725
vt 0.3625 0.525
vt 0.2625 0.525
vt 0.3625 0.725
vt 0.2625 0.525
vt 0.2625 0.725
vt 0.3625 0.725
vt 0.3625 0.525
vt 0.2625 0.525
vt 0.3625 0.725
vt 0.2625 0.525
vt 0.2625 0.725
vt 0.3625 0.525
vt 0.2625 0.725
vt 0.3625 0.725
vt 0.3625 0.525
vt 0.2625 0.525
vt 0.2625 0.725
vt 0.3625 0.525
vt 0.2625 0.725
vt 0.3625 0.725
vt 0.3625 0.525
vt 0.2625 0.525
vt 0.2625 0.725
vt 0.3625 0.525
vt 0.2625 0.725
vt 0.3625 0.725
vt 0.3625 0.525
vt 0.2625 0.525
vt 0.2625 0.725
vt 0.3625 0.525
vt 0.2625 0.725
vt 0.3625 0.725
vt 0.3625 0.525
vt 0.3875 0.775
vt 0.3875 0.975
vt 0.4875 0.975
vt 0.4875 0.775
vt 0.3875 0.775
vt 0.4875 0.975
vt 0.3875 0.775
vt 0.3875 0.975
vt 0.4875 0.975
vt 0.4875 0.775
vt 0.3875 0.775
vt 0.4875 0.975
vt 0.3875 0.775
vt 0.3875 0.975
vt 0.4875 0.975
vt 0.4875 0.775
vt 0.3875 0.775
vt 0.4875 0.975
vt 0.3875 0.775
vt 0.3875 0.975
vt 0.4875 0.975
vt 0.4875 0.775
vt 0.3875 0.775
vt 0.4875 0.975
vt 0.3875 0.775
vt 0.3875 0.975
vt 0.4875 0.775
vt 0.3875 0.975
vt 0.4875 0.975
vt 0.4875 0.775
vt 0.3875 0.775
vt 0.3875 0.975
vt 0.4875 0.775
vt 0.3875 0.975
vt 0.4875 0.975
vt 0.4875 0.775
vt 0.3875 0.775
vt 0.3875 0.975
vt 0.4875 0.775
vt 0.3875 0.975
vt 0.4875 0.975
vt 0.4875 0.775
vt 0.3875 0.775
vt 0.3875 0.975
vt 0.4875 0.775
vt 0.3875 0.975
vt 0.4875 0.975
vt 0.4875 0.775
vt 0.5125 0.525
vt 0.5125 0.725
vt 0.6125 0.725
vt 0.6125 0.525
vt 0.5125 0.525
vt 0.6125 0.725
vt 0.5125 0.525
vt 0.5125 0.725
vt 0.6125 0.725
vt 0.6125 0.525
vt 0.5125 0.525
vt 0.6125 0.725
vt 0.5125 0.525
vt 0.5125 0.725
vt 0.6125 0.725
vt 0.6125 0.525
vt 0.5125 0.525
vt 0.6125 0.725
vt 0.5125 0.525
vt 0.5125 0.725
vt 0.6125 0.725
vt 0.6125 0.525
vt 0.5125 0.525
vt 0.6125 0.725
vt 0.5125 0.525
vt 0.5125 0.725
vt 0.6125 0.525
vt 0.5125 0.725
vt 0.6125 0.725
vt 0.6125 0.525
vt 0.5125 0.525
vt 0.5125 0.725
vt 0.6125 0.525
vt 0.5125 0.725
vt 0.6125 0.725
vt 0.6125 0.525
vt 0.5125 0.525
vt 0.5125 0.725
vt 0.6125 0.525
vt 0.5125 0.725
vt 0.6125 0.725
vt 0.6125 0.525
vt 0.5125 0.525
vt 0.5125 0.725
vt 0.6125 0.525
vt 0.5125 0.725
vt 0.6125 0.725
vt 0.6125 0.525
vt 0.94792 0.025
vt 0.94792 0.225
vt 0.94792 0.225
vt 0.94792 0.025
vt 0.94792 0.025
vt 0.94792 0.225
vt 0.94792 0.025
vt 0.94792 0.225
vt 0.94792 0.225
vt 0.94792 0.025
vt 0.94792 0.025
vt 0.94792 0.225
vt 0.94792 0.025
vt 0.94792 0.225
vt 0.94792 0.225
vt 0.94792 0.025
vt 0.94792 0.025
vt 0.94792 0.225
vt 0.94792 0.025
vt 0.94792 0.225
vt 0.94792 0.225
vt 0.94792 0.025
vt 0.94792 0.025
vt 0.94792 0.225
vt 0.94792 0.025
vt 0.94792 0.225
vt 0.94792 0.025
vt 0.94792 0.225
vt 0.94792 0.225
vt 0.94792 0.025
vt 0.94792 0.025
vt 0.94792 0.225
vt 0.94792 0.025
vt 0.94792 0.225
vt 0.94792 0.225
vt 0.94792 0.025
vt 0.94792 0.025
vt 0.94792 0.225
vt 0.94792 0.025
vt 0.94792 0.225
vt 0.94792 0.225
vt 0.94792 0.025
vt 0.94792 0.025
vt 0.94792 0.225
vt 0.94792 0.025
vt 0.94792 0.225
vt 0.94792 0.225
vt 0.94792 0.025
vt 0.0125 0.525
vt 0.0125 0.725
vt 0.1125 0.725
vt 0.1125 0.525
vt 0.0125 0.525
vt 0.1125 0.725
vt 0.0125 0.525
vt 0.0125 0.725
vt 0.1125 0.725
vt 0.1125 0.525
vt 0.0125 0.525
vt 0.1125 0.725
vt 0.0125 0.525
vt 0.0125 0.725
vt 0.1125 0.725
vt 0.1125 0.525
vt 0.0125 0.525
vt 0.1125 0.725
vt 0.0125 0.525
vt 0.0125 0.725
vt 0.1125 0.725
vt 0.1125 0.525
vt 0.0125 0.525
vt 0.1125 0.725
vt 0.0125 0.525
vt 0.0125 0.725
vt 0.1125 0.525
vt 0.0125 0.725
vt 0.1125 0.725
vt 0.1125 0.525
vt 0.0125 0.525
vt 0.0125 0.725
vt 0.1125 0.525
vt 0.0125 0.725
vt 0.1125 0.725
vt 0.1125 0.525
vt 0.0125 0.525
vt 0.0125 0.725
vt 0.1125 0.525
vt 0.0125 0.725
vt 0.1125 0.725
vt 0.1125 0.525
vt 0.0125 0.525
vt 0.0125 0.725
vt 0.1125 0.525
vt 0.0125 0.725
vt 0.1125 0.725
vt 0.1125 0.525
vt 0.2625 0.775
vt 0.2625 0.975
vt 0.3625 0.975
vt 0.3625 0.775
vt 0.2625 0.775
vt 0.3625 0.975
vt 0.2625 0.775
vt 0.2625 0.975
vt 0.3625 0.975
vt 0.3625 0.775
vt 0.2625 0.775
vt 0.3625 0.975
vt 0.2625 0.775
vt 0.2625 0.975
vt 0.3625 0.975
vt 0.3625 0.775
vt 0.2625 0.775
vt 0.3625 0.975
vt 0.2625 0.775
vt 0.2625 0.975
vt 0.3625 0.975
vt 0.3625 0.775
vt 0.2625 0.775
vt 0.3625 0.975
vt 0.2625 0.775
vt 0.2625 0.975
vt 0.3625 0.775
vt 0.2625 0.975
vt 0.3625 0.975
vt 0.3625 0.775
vt 0.2625 0.775
vt 0.2625 0.975
vt 0.3625 0.775
vt 0.2625 0.975
vt 0.3625 0.975
vt 0.3625 0.775
vt 0.2625 0.775
vt 0.2625 0.975
vt 0.3625 0.775
vt 0.2625 0.975
vt 0.3625 0.975
vt 0.3625 0.775
vt 0.2625 0.775
vt 0.2625 0.975
vt 0.3625 0.775
vt 0.2625 0.975
vt 0.3625 0.975
vt 0.3625 0.775
vt 0.5125 0.775
vt 0.5125 0.975
vt 0.6125 0.975
vt 0.6125 0.775
vt 0.5125 0.775
vt 0.6125 0.975
vt 0.5125 0.775
vt 0.5125 0.975
vt 0.6125 0.975
vt 0.6125 0.775
vt 0.5125 0.775
vt 0.6125 0.975
vt 0.5125 0.775
vt 0.5125 0.975
vt 0.6125 0.975
vt 0.6125 0.775
vt 0.5125 0.775
vt 0.6125 0.975
vt 0.5125 0.775
vt 0.5125 0.975
vt 0.6125 0.975
vt 0.6125 0.775
vt 0.5125 0.775
vt 0.6125 0.975
vt 0.5125 0.775
vt 0.5125 0.975
vt 0.6125 0.775
vt 0.5125 0.975
vt 0.6125 0.975
vt 0.6125 0.775
vt 0.5125 0.775
vt 0.5125 0.975
vt 0.6125 0.775
vt 0.5125 0.975
vt 0.6125 0.975
vt 0.6125 0.775
vt 0.5125 0.775
vt 0.5125 0.975
vt 0.6125 0.775
vt 0.5125 0.975
vt 0.6125 0.975
vt 0.6125 0.775
vt 0.5125 0.775
vt 0.5125 0.975
vt 0.6125 0.775
vt 0.5125 0.975
vt 0.6125 0.975
vt 0.6125 0.775
vt 0.2625 0.525
vt 0.2625 0.725
vt 0.3125 0.725
vt 0.3125 0.525
vt 0.2625 0.525
vt 0.3125 0.725
vt 0.3125 0.525
vt 0.3125 0.725
vt 0.3625 0.725
vt 0.3625 0.525
vt 0.3125 0.525
vt 0.3625 0.725
vt 0.2625 0.525
vt 0.2625 0.725
vt 0.3125 0.725
vt 0.3125 0.525
vt 0.2625 0.525
vt 0.3125 0.725
vt 0.3125 0.525
vt 0.3125 0.725
vt 0.3625 0.725
vt 0.3625 0.525
vt 0.3125 0.525
vt 0.3625 0.725
vt 0.2625 0.525
vt 0.2625 0.725
vt 0.3125 0.525
vt 0.2625 0.725
vt 0.3125 0.725
vt 0.3125 0.525
vt 0.3125 0.525
vt 0.3125 0.725
vt 0.3625 0.525
vt 0.3125 0.725
vt 0.3625 0.725
vt 0.3625 0.525
vt 0.2625 0.525
vt 0.2625 0.725
vt 0.3125 0.525
vt 0.2625 0.725
vt 0.3125 0.725
vt 0.3125 0.525
vt 0.3125 0.525
vt 0.3125 0.725
vt 0.3625 0.525
vt 0.3125 0.725
vt 0.3625 0.725
vt 0.3625 0.525
vt 0.1375 0.275
vt 0.1375 0.475
vt 0.1875 0.475
vt 0.1875 0.275
vt 0.1375 0.275
vt 0.1875 0.475
vt 0.1875 0.275
vt 0.1875 0.475
vt 0.2375 0.475
vt 0.2375 0.275
vt 0.1875 0.275
vt 0.2375 0.475
vt 0.1375 0.275
vt 0.1375 0.475
vt 0.1875 0.475
vt 0.1875 0.275
vt 0.1375 0.275
vt 0.1875 0.475
vt 0.1875 0.275
vt 0.1875 0.475
vt 0.2375 0.475
vt 0.2375 0.275
vt 0.1875 0.275
vt 0.2375 0.475
vt 0.1375 0.275
vt 0.1375 0.475
vt 0.1875 0.275
vt 0.1375 0.475
vt 0.1875 0.475
vt 0.1875 0.275
vt 0.1875 0.275
vt 0.1875 0.475
vt 0.2375 0.275
vt 0.1875 0.475
vt 0.2375 0.475
vt 0.2375 0.275
vt 0.1375 0.275
vt 0.1375 0.475
vt 0.1875 0.275
vt 0.1375 0.475
vt 0.1875 0.475
vt 0.1875 0.275
vt 0.1875 0.275
vt 0.1875 0.475
vt 0.2375 0.275
vt 0.1875 0.475
vt 0.2375 0.475
vt 0.2375 0.275
vt 0.5125 0.525
vt 0.5125 0.725
vt 0.5625 0.725
vt 0.5625 0.525
vt 0.5125 0.525
vt 0.5625 0.725
vt 0.5625 0.525
vt 0.5625 0.725
vt 0.6125 0.725
vt 0.6125 0.525
vt 0.5625 0.525
vt 0.6125 0.725
vt 0.5125 0.525
vt 0.5125 0.725
vt 0.5625 0.725
vt 0.5625 0.525
vt 0.5125 0.525
vt 0.5625 0.725
vt 0.5625 0.525
vt 0.5625 0.725
vt 0.6125 0.725
vt 0.6125 0.525
vt 0.5625 0.525
vt 0.6125 0.725
vt 0.5125 0.525
vt 0.5125 0.725
vt 0.5625 0.525
vt 0.5125 0.725
vt 0.5625 0.725
vt 0.5625 0.525
vt 0.5625 0.525
vt 0.5625 0.725
vt 0.6125 0.525
vt 0.5625 0.725
vt 0.6125 0.725
vt 0.6125 0.525
vt 0.5125 0.525
vt 0.5125 0.725
vt 0.5625 0.525
vt 0.5125 0.725
vt 0.5625 0.725
vt 0.5625 0.525
vt 0.5625 0.525
vt 0.5625 0.725
vt 0.6125 0.525
vt 0.5625 0.725
vt 0.6125 0.725
vt 0.6125 0.525
vt 0.3875 0.775
vt 0.3875 0.975
vt 0.4375 0.975
vt 0.4375 0.775
vt 0.3875 0.775
vt 0.4375 0.975
vt 0.4375 0.775
vt 0.4375 0.975
vt 0.4875 0.975
vt 0.4875 0.775
vt 0.4375 0.775
vt 0.4875 0.975
vt 0.3875 0.775
vt 0.3875 0.975
vt 0.4375 0.975
vt 0.4375 0.775
vt 0.3875 0.775
vt 0.4375 0.975
vt 0.4375 0.775
vt 0.4375 0.975
vt 0.4875 0.975
vt 0.4875 0.775
vt 0.4375 0.775
vt 0.4875 0.975
vt 0.3875 0.775
vt 0.3875 0.975
vt 0.4375 0.775
vt 0.3875 0.975
vt 0.4375 0.975
vt 0.4375 0.775
vt 0.4375 0.775
vt 0.4375 0.975
vt 0.4875 0.775
vt 0.4375 0.975
vt 0.4875 0.975
vt 0.4875 0.775
vt 0.3875 0.775
vt 0.3875 0.975
vt 0.4375 0.775
vt 0.3875 0.975
vt 0.4375 0.975
vt 0.4375 0.775
vt 0.4375 0.775
vt 0.4375 0.975
vt 0.4875 0.775
vt 0.4375 0.975
vt 0.4875 0.975
vt 0.4875 0.775
vt 0.5125 0.775
vt 0.5125 0.975
vt 0.5625 0.975
vt 0.5625 0.775
vt 0.5125 0.775
vt 0.5625 0.975
vt 0.5625 0.775
vt 0.5625 0.975
vt 0.6125 0.975
vt 0.6125 0.775
vt 0.5625 0.775
vt 0.6125 0.975
vt 0.5125 0.775
vt 0.5125 0.975
vt 0.5625 0.975
vt 0.5625 0.775
vt 0.5125 0.775
vt 0.5625 0.975
vt 0.5625 0.775
vt 0.5625 0.975
vt 0.6125 0.975
vt 0.6125 0.775
vt 0.5625 0.775
vt 0.6125 0.975
vt 0.5125 0.775
vt 0.5125 0.975
vt 0.5625 0.775
vt 0.5125 0.975
vt 0.5625 0.975
vt 0.5625 0.775
vt 0.5625 0.775
vt 0.5625 0.975
vt 0.6125 0.775
vt 0.5625 0.975
vt 0.6125 0.975
vt 0.6125 0.775
vt 0.5125 0.775
vt 0.5125 0.975
vt 0.5625 0.775
vt 0.5125 0.975
vt 0.5625 0.975
vt 0.5625 0.775
vt 0.5625 0.775
vt 0.5625 0.975
vt 0.6125 0.775
vt 0.5625 0.975
vt 0.6125 0.975
vt 0.6125 0.775
vt 0.6375 0.775
vt 0.6375 0.975
vt 0.7375 0.975
vt 0.7375 0.775
vt 0.6375 0.775
vt 0.7375 0.975
vt 0.6375 0.775
vt 0.6375 0.975
vt 0.7375 0.975
vt 0.7375 0.775
vt 0.6375 0.775
vt 0.7375 0.975
vt 0.6375 0.775
vt 0.6375 0.975
vt 0.7375 0.975
vt 0.7375 0.775
vt 0.6375 0.775
vt 0.7375 0.975
vt 0.6375 0.775
vt 0.6375 0.975
vt 0.7375 0.975
vt 0.7375 0.775
vt 0.6375 0.775
vt 0.7375 0.975
vt 0.6375 0.775
vt 0.6375 0.975
vt 0.7375 0.775
vt 0.6375 0.975
vt 0.7375 0.975
vt 0.7375 0.775
vt 0.6375 0.775
vt 0.6375 0.975
vt 0.7375 0.775
vt 0.6375 0.975
vt 0.7375 0.975
vt 0.7375 0.775
vt 0.6375 0.775
vt 0.6375 0.975
vt 0.7375 0.775
vt 0.6375 0.975
vt 0.7375 0.975
vt 0.7375 0.775
vt 0.6375 0.775
vt 0.6375 0.975
vt 0.7375 0.775
vt 0.6375 0.975
vt 0.7375 0.975
vt 0.7375 0.775
vt 0.2625 0.525
vt 0.2625 0.725
vt 0.3625 0.725
vt 0.3625 0.525
vt 0.2625 0.525
vt 0.3625 0.725
vt 0.2625 0.525
vt 0.2625 0.725
vt 0.3625 0.725
vt 0.3625 0.525
vt 0.2625 0.525
vt 0.3625 0.725
vt 0.2625 0.525
vt 0.2625 0.725
vt 0.3625 0.725
vt 0.3625 0.525
vt 0.2625 0.525
vt 0.3625 0.725
vt 0.2625 0.525
vt 0.2625 0.725
vt 0.3625 0.725
vt 0.3625 0.525
vt 0.2625 0.525
vt 0.3625 0.725
vt 0.2625 0.525
vt 0.2625 0.725
vt 0.3625 0.525
vt 0.2625 0.725
vt 0.3625 0.725
vt 0.3625 0.525
vt 0.2625 0.525
vt 0.2625 0.725
vt 0.3625 0.525
vt 0.2625 0.725
vt 0.3625 0.725
vt 0.3625 0.525
vt 0.2625 0.525
vt 0.2625 0.725
vt 0.3625 0.525
vt 0.2625 0.725
vt 0.3625 0.725
vt 0.3625 0.525
vt 0.2625 0.525
vt 0.2625 0.725
vt 0.3625 0.525
vt 0.2625 0.725
vt 0.3625 0.725
vt 0.3625 0.525
vt 0.3875 0.775
vt 0.3875 0.975
vt 0.4875 0.975
vt 0.4875 0.775
vt 0.3875 0.775
vt 0.4875 0.975
vt 0.3875 0.775
vt 0.3875 0.975
vt 0.4875 0.975
vt 0.4875 0.775
vt 0.3875 0.775
vt 0.4875 0.975
vt 0.3875 0.775
vt 0.3875 0.975
vt 0.4875 0.975
vt 0.4875 0.775
vt 0.3875 0.775
vt 0.4875 0.975
vt 0.3875 0.775
vt 0.3875 0.975
vt 0.4875 0.975
vt 0.4875 0.775
vt 0.3875 0.775
vt 0.4875 0.975
vt 0.3875 0.775
vt 0.3875 0.975
vt 0.4875 0.775
vt 0.3875 0.975
vt 0.4875 0.975
vt 0.4875 0.775
vt 0.3875 0.775
vt 0.3875 0.975
vt 0.4875 0.775
vt 0.3875 0.975
vt 0.4875 0.975
vt 0.4875 0.775
vt 0.3875 0.775
vt 0.3875 0.975
vt 0.4875 0.775
vt 0.3875 0.975
vt 0.4875 0.975
vt 0.4875 0.775
vt 0.3875 0.775
vt 0.3875 0.975
vt 0.4875 0.775
vt 0.3875 0.975
vt 0.4875 0.975
vt 0.4875 0.775
vt 0.5125 0.525
vt 0.5125 0.725
vt 0.6125 0.725
vt 0.6125 0.525
vt 0.5125 0.525
vt 0.6125 0.725
vt 0.5125 0.525
vt 0.5125 0.725
vt 0.6125 0.725
vt 0.6125 0.525
vt 0.5125 0.525
vt 0.6125 0.725
vt 0.5125 0.525
vt 0.5125 0.725
vt 0.6125 0.725
vt 0.6125 0.525
vt 0.5125 0.525
vt 0.6125 0.725
vt 0.5125 0.525
vt 0.5125 0.725
vt 0.6125 0.725
vt 0.6125 0.525
vt 0.5125 0.525
vt 0.6125 0.725
vt 0.5125 0.525
vt 0.5125 0.725
vt 0.6125 0.525
vt 0.5125 0.725
vt 0.6125 0.725
vt 0.6125 0.525
vt 0.5125 0.525
vt 0.5125 0.725
vt 0.6125 0.525
vt 0.5125 0.725
vt 0.6125 0.725
vt 0.6125 0.525
vt 0.5125 0.525
vt 0.5125 0.725
vt 0.6125 0.525
vt 0.5125 0.725
vt 0.6125 0.725
vt 0.6125 0.525
vt 0.5125 0.525
vt 0.5125 0.725
vt 0.6125 0.525
vt 0.5125 0.725
vt 0.6125 0.725
vt 0.6125 0.525
vt 0.94792 0.025
vt 0.94792 0.225
vt 0.94792 0.225
vt 0.94792 0.025
vt 0.94792 0.025
vt 0.94792 0.225
vt 0.94792 0.025
vt 0.94792 0.225
vt 0.94792 0.225
vt 0.94792 0.025
vt 0.94792 0.025
vt 0.94792 0.225
vt 0.94792 0.025
vt 0.94792 0.225
vt 0.94792 0.225
vt 0.94792 0.025
vt 0.94792 0.025
vt 0.94792 0.225
vt 0.94792 0.025
vt 0.94792 0.225
vt 0.94792 0.225
vt 0.94792 0.025
vt 0.94792 0.025
vt 0.94792 0.225
vt 0.94792 0.025
vt 0.94792 0.225
vt 0.94792 0.025
vt 0.94792 0.225
vt 0.94792 0.225
vt 0.94792 0.025
vt 0.94792 0.025
vt 0.94792 0.225
vt 0.94792 0.025
vt 0.94792 0.225
vt 0.94792 0.225
vt 0.94792 0.025
vt 0.94792 0.025
vt 0.94792 0.225
vt 0.94792 0.025
vt 0.94792 0.225
vt 0.94792 0.225
vt 0.94792 0.025
vt 0.94792 0.025
vt 0.94792 0.225
vt 0.94792 0.025
vt 0.94792 0.225
vt 0.94792 0.225
vt 0.94792 0.025
vt 0.0125 0.525
vt 0.0125 0.725
vt 0.1125 0.725
vt 0.1125 0.525
vt 0.0125 0.525
vt 0.1125 0.725
vt 0.0125 0.525
vt 0.0125 0.725
vt 0.1125 0.725
vt 0.1125 0.525
vt 0.0125 0.525
vt 0.1125 0.725
vt 0.0125 0.525
vt 0.0125 0.725
vt 0.1125 0.725
vt 0.1125 0.525
vt 0.0125 0.525
vt 0.1125 0.725
vt 0.0125 0.525
vt 0.0125 0.725
vt 0.1125 0.725
vt 0.1125 0.525
vt 0.0125 0.525
vt 0.1125 0.725
vt 0.0125 0.525
vt 0.0125 0.725
vt 0.1125 0.525
vt 0.0125 0.725
vt 0.1125 0.725
vt 0.1125 0.525
vt 0.0125 0.525
vt 0.0125 0.725
vt 0.1125 0.525
vt 0.0125 0.725
vt 0.1125 0.725
vt 0.1125 0.525
vt 0.0125 0.525
vt 0.0125 0.725
vt 0.1125 0.525
vt 0.0125 0.725
vt 0.1125 0.725
vt 0.1125 0.525
vt 0.0125 0.525
vt 0.0125 0.725
vt 0.1125 0.525
vt 0.0125 0.725
vt 0.1125 0.725
vt 0.1125 0.525
vt 0.2625 0.775
vt 0.2625 0.975
vt 0.3625 0.975
vt 0.3625 0.775
vt 0.2625 0.775
vt 0.3625 0.975
vt 0.2625 0.775
vt 0.2625 0.975
vt 0.3625 0.975
vt 0.3625 0.775
vt 0.2625 0.775
vt 0.3625 0.975
vt 0.2625 0.775
vt 0.2625 0.975
vt 0.3625 0.975
vt 0.3625 0.775
vt 0.2625 0.775
vt 0.3625 0.975
vt 0.2625 0.775
vt 0.2625 0.975
vt 0.3625 0.975
vt 0.3625 0.775
vt 0.2625 0.775
vt 0.3625 0.975
vt 0.2625 0.775
vt 0.2625 0.975
vt 0.3625 0.775
vt 0.2625 0.975
vt 0.3625 0.975
vt 0.3625 0.775
vt 0.2625 0.775
vt 0.2625 0.975
vt 0.3625 0.775
vt 0.2625 0.975
vt 0.3625 0.975
vt 0.3625 0.775
vt 0.2625 0.775
vt 0.2625 0.975
vt 0.3625 0.775
vt 0.2625 0.975
vt 0.3625 0.975
vt 0.3625 0.775
vt 0.2625 0.775
vt 0.2625 0.975
vt 0.3625 0.775
vt 0.2625 0.975
vt 0.3625 0.975
vt 0.3625 0.775
vt 0.5125 0.775
vt 0.5125 0.975
vt 0.6125 0.975
vt 0.6125 0.775
vt 0.5125 0.775
vt 0.6125 0.975
vt 0.5125 0.775
vt 0.5125 0.975
vt 0.6125 0.975
vt 0.6125 0.775
vt 0.5125 0.775
vt 0.6125 0.975
vt 0.5125 0.775
vt 0.5125 0.975
vt 0.6125 0.975
vt 0.6125 0.775
vt 0.5125 0.775
vt 0.6125 0.975
vt 0.5125 0.775
vt 0.5125 0.975
vt 0.6125 0.975
vt 0.6125 0.775
vt 0.5125 0.775
vt 0.6125 0.975
vt 0.5125 0.775
vt 0.5125 0.975
vt 0.6125 0.775
vt 0.5125 0.975
vt 0.6125 0.975
vt 0.6125 0.775
vt 0.5125 0.775
vt 0.5125 0.975
vt 0.6125 0.775
vt 0.5125 0.975
vt 0.6125 0.975
vt 0.6125 0.775
vt 0.5125 0.775
vt 0.5125 0.975
vt 0.6125 0.775
vt 0.5125 0.975
vt 0.6125 0.975
vt 0.6125 0.775
vt 0.5125 0.775
vt 0.5125 0.975
vt 0.6125 0.775
vt 0.5125 0.975
vt 0.6125 0.975
vt 0.6125 0.775
vt 0.2625 0.525
vt 0.2625 0.725
vt 0.3125 0.725
vt 0.3125 0.525
vt 0.2625 0.525
vt 0.3125 0.725
vt 0.3125 0.525
vt 0.3125 0.725
vt 0.3625 0.725
vt 0.3625 0.525
vt 0.3125 0.525
vt 0.3625 0.725
vt 0.2625 0.525
vt 0.2625 0.725
vt 0.3125 0.725
vt 0.3125 0.525
vt 0.2625 0.525
vt 0.3125 0.725
vt 0.3125 0.525
vt 0.3125 0.725
vt 0.3625 0.725
vt 0.3625 0.525
vt 0.3125 0.525
vt 0.3625 0.725
vt 0.2625 0.525
vt 0.2625 0.725
vt 0.3125 0.525
vt 0.2625 0.725
vt 0.3125 0.725
vt 0.3125 0.525
vt 0.3125 0.525
vt 0.3125 0.725
vt 0.3625 0.525
vt 0.3125 0.725
vt 0.3625 0.725
vt 0.3625 0.525
vt 0.2625 0.525
vt 0.2625 0.725
vt 0.3125 0.525
vt 0.2625 0.725
vt 0.3125 0.725
vt 0.3125 0.525
vt 0.3125 0.525
vt 0.3125 0.725
vt 0.3625 0.525
vt 0.3125 0.725
vt 0.3625 0.725
vt 0.3625 0.525
vt 0.1375 0.275
vt 0.1375 0.475
vt 0.1875 0.475
vt 0.1875 0.275
vt 0.1375 0.275
vt 0.1875 0.475
vt 0.1875 0.275
vt 0.1875 0.475
vt 0.2375 0.475
vt 0.2375 0.275
vt 0.1875 0.275
vt 0.2375 0.475
vt 0.1375 0.275
vt 0.1375 0.475
vt 0.1875 0.475
vt 0.1875 0.275
vt 0.1375 0.275
vt 0.1875 0.475
vt 0.1875 0.275
vt 0.1875 0.475
vt 0.2375 0.475
vt 0.2375 0.275
vt 0.1875 0.275
vt 0.2375 0.475
vt 0.1375 0.275
vt 0.1375 0.475
vt 0.1875 0.275
vt 0.1375 0.475
vt 0.1875 0.475
vt 0.1875 0.275
vt 0.1875 0.275
vt 0.1875 0.475
vt 0.2375 0.275
vt 0.1875 0.475
vt 0.2375 0.475
vt 0.2375 0.275
vt 0.1375 0.275
vt 0.1375 0.475
vt 0.1875 0.275
vt 0.1375 0.475
vt 0.1875 0.475
vt 0.1875 0.275
vt 0.1875 0.275
vt 0.1875 0.475
vt 0.2375 0.275
vt 0.1875 0.475
vt 0.2375 0.475
vt 0.2375 0.275
vt 0.2625 0.775
vt 0.2625 0.975
vt 0.3625 0.975
vt 0.3625 0.775
vt 0.2625 0.775
vt 0.3625 0.975
vt 0.2625 0.775
vt 0.2625 0.975
vt 0.3625 0.975
vt 0.3625 0.775
vt 0.2625 0.775
vt 0.3625 0.975
vt 0.2625 0.775
vt 0.2625 0.975
vt 0.3625 0.975
vt 0.3625 0.775
vt 0.2625 0.775
vt 0.3625 0.975
vt 0.2625 0.775
vt 0.2625 0.975
vt 0.3625 0.975
vt 0.3625 0.775
vt 0.2625 0.775
vt 0.3625 0.975
vt 0.2625 0.775
vt 0.2625 0.975
vt 0.3625 0.775
vt 0.2625 0.975
vt 0.3625 0.975
vt 0.3625 0.775
vt 0.2625 0.775
vt 0.2625 0.975
vt 0.3625 0.775
vt 0.2625 0.975
vt 0.3625 0.975
vt 0.3625 0.775
vt 0.2625 0.775
vt 0.2625 0.975
vt 0.3625 0.775
vt 0.2625 0.975
vt 0.3625 0.975
vt 0.3625 0.775
vt 0.2625 0.775
vt 0.2625 0.975
vt 0.3625 0.775
vt 0.2625 0.975
vt 0.3625 0.975
vt 0.3625 0.775
vt 0.6375 0.525
vt 0.6375 0.725
vt 0.7375 0.725
vt 0.7375 0.525
vt 0.6375 0.525
vt 0.7375 0.725
vt 0.6375 0.525
vt 0.6375 0.725
vt 0.7375 0.725
vt 0.7375 0.525
vt 0.6375 0.525
vt 0.7375 0.725
vt 0.6375 0.525
vt 0.6375 0.725
vt 0.7375 0.725
vt 0.7375 0.525
vt 0.6375 0.525
vt 0.7375 0.725
vt 0.6375 0.525
vt 0.6375 0.725
vt 0.7375 0.725
vt 0.7375 0.525
vt 0.6375 0.525
vt 0.7375 0.725
vt 0.6375 0.525
vt 0.6375 0.725
vt 0.7375 0.525
vt 0.6375 0.725
vt 0.7375 0.725
vt 0.7375 0.525
vt 0.6375 0.525
vt 0.6375 0.725
vt 0.7375 0.525
vt 0.6375 0.725
vt 0.7375 0.725
vt 0.7375 0.525
vt 0.6375 0.525
vt 0.6375 0.725
vt 0.7375 0.525
vt 0.6375 0.725
vt 0.7375 0.725
vt 0.7375 0.525
vt 0.6375 0.525
vt 0.6375 0.725
vt 0.7375 0.525
vt 0.6375 0.725
vt 0.7375 0.725
vt 0.7375 0.525
vt 0.5125 0.775
vt 0.5125 0.975
vt 0.6125 0.975
vt 0.6125 0.775
vt 0.5125 0.775
vt 0.6125 0.975
vt 0.5125 0.775
vt 0.5125 0.975
vt 0.6125 0.975
vt 0.6125 0.775
vt 0.5125 0.775
vt 0.6125 0.975
vt 0.5125 0.775
vt 0.5125 0.975
vt 0.6125 0.975
vt 0.6125 0.775
vt 0.5125 0.775
vt 0.6125 0.975
vt 0.5125 0.775
vt 0.5125 0.975
vt 0.6125 0.975
vt 0.6125 0.775
vt 0.5125 0.775
vt 0.6125 0.975
vt 0.5125 0.775
vt 0.5125 0.975
vt 0.6125 0.775
vt 0.5125 0.975
vt 0.6125 0.975
vt 0.6125 0.775
vt 0.5125 0.775
vt 0.5125 0.975
vt 0.6125 0.775
vt 0.5125 0.975
vt 0.6125 0.975
vt 0.6125 0.775
vt 0.5125 0.775
vt 0.5125 0.975
vt 0.6125 0.775
vt 0.5125 0.975
vt 0.6125 0.975
vt 0.6125 0.775
vt 0.5125 0.775
vt 0.5125 0.975
vt 0.6125 0.775
vt 0.5125 0.975
vt 0.6125 0.975
vt 0.6125 0.775
vt 0.6375 0.775
vt 0.6375 0.975
vt 0.7375 0.975
vt 0.7375 0.775
vt 0.6375 0.775
vt 0.7375 0.975
vt 0.6375 0.775
vt 0.6375 0.975
vt 0.7375 0.975
vt 0.7375 0.775
vt 0.6375 0.775
vt 0.7375 0.975
vt 0.6375 0.775
vt 0.6375 0.975
vt 0.7375 0.975
vt 0.7375 0.775
vt 0.6375 0.775
vt 0.7375 0.975
vt 0.6375 0.775
vt 0.6375 0.975
vt 0.7375 0.975
vt 0.7375 0.775
vt 0.6375 0.775
vt 0.7375 0.975
vt 0.6375 0.775
vt 0.6375 0.975
vt 0.7375 0.775
vt 0.6375 0.975
vt 0.7375 0.975
vt 0.7375 0.775
vt 0.6375 0.775
vt 0.6375 0.975
vt 0.7375 0.775
vt 0.6375 0.975
vt 0.7375 0.975
vt 0.7375 0.775
vt 0.6375 0.775
vt 0.6375 0.975
vt 0.7375 0.775
vt 0.6375 0.975
vt 0.7375 0.975
vt 0.7375 0.775
vt 0.6375 0.775
vt 0.6375 0.975
vt 0.7375 0.775
vt 0.6375 0.975
vt 0.7375 0.975
vt 0.7375 0.775
vt 0.94792 0.025
vt 0.94792 0.225
vt 0.94792 0.225
vt 0.94792 0.025
vt 0.94792 0.025
vt 0.94792 0.225
vt 0.94792 0.025
vt 0.94792 0.225
vt 0.94792 0.225
vt 0.94792 0.025
vt 0.94792 0.025
vt 0.94792 0.225
vt 0.94792 0.025
vt 0.94792 0.225
vt 0.94792 0.225
vt 0.94792 0.025
vt 0.94792 0.025
vt 0.94792 0.225
vt 0.94792 0.025
vt 0.94792 0.225
vt 0.94792 0.225
vt 0.94792 0.025
vt 0.94792 0.025
vt 0.94792 0.225
vt 0.94792 0.025
vt 0.94792 0.225
vt 0.94792 0.025
vt 0.94792 0.225
vt 0.94792 0.225
vt 0.94792 0.025
vt 0.94792 0.025
vt 0.94792 0.225
vt 0.94792 0.025
vt 0.94792 0.225
vt 0.94792 0.225
vt 0.94792 0.025
vt 0.94792 0.025
vt 0.94792 0.225
vt 0.94792 0.025
vt 0.94792 0.225
vt 0.94792 0.225
vt 0.94792 0.025
vt 0.94792 0.025
vt 0.94792 0.225
vt 0.94792 0.025
vt 0.94792 0.225
vt 0.94792 0.225
vt 0.94792 0.025
vt 0.2625 0.775
vt 0.2625 0.975
vt 0.3625 0.975
vt 0.3625 0.775
vt 0.2625 0.775
vt 0.3625 0.975
vt 0.2625 0.775
vt 0.2625 0.975
vt 0.3625 0.975
vt 0.3625 0.775
vt 0.2625 0.775
vt 0.3625 0.975
vt 0.2625 0.775
vt 0.2625 0.975
vt 0.3625 0.975
vt 0.3625 0.775
vt 0.2625 0.775
vt 0.3625 0.975
vt 0.2625 0.775
vt 0.2625 0.975
vt 0.3625 0.975
vt 0.3625 0.775
vt 0.2625 0.775
vt 0.3625 0.975
vt 0.2625 0.775
vt 0.2625 0.975
vt 0.3625 0.775
vt 0.2625 0.975
vt 0.3625 0.975
vt 0.3625 0.775
vt 0.2625 0.775
vt 0.2625 0.975
vt 0.3625 0.775
vt 0.2625 0.975
vt 0.3625 0.975
vt 0.3625 0.775
vt 0.2625 0.775
vt 0.2625 0.975
vt 0.3625 0.775
vt 0.2625 0.975
vt 0.3625 0.975
vt 0.3625 0.775
vt 0.2625 0.775
vt 0.2625 0.975
vt 0.3625 0.775
vt 0.2625 0.975
vt 0.3625 0.975
vt 0.3625 0.775
vt 0.5125 0.525
vt 0.5125 0.725
vt 0.6125 0.725
vt 0.6125 0.525
vt 0.5125 0.525
vt 0.6125 0.725
vt 0.5125 0.525
vt 0.5125 0.725
vt 0.6125 0.725
vt 0.6125 0.525
vt 0.5125 0.525
vt 0.6125 0.725
vt 0.5125 0.525
vt 0.5125 0.725
vt 0.6125 0.725
vt 0.6125 0.525
vt 0.5125 0.525
vt 0.6125 0.725
vt 0.5125 0.525
vt 0.5125 0.725
vt 0.6125 0.725
vt 0.6125 0.525
vt 0.5125 0.525
vt 0.6125 0.725
vt 0.5125 0.525
vt 0.5125 0.725
vt 0.6125 0.525
vt 0.5125 0.725
vt 0.6125 0.725
vt 0.6125 0.525
vt 0.5125 0.525
vt 0.5125 0.725
vt 0.6125 0.525
vt 0.5125 0.725
vt 0.6125 0.725
vt 0.6125 0.525
vt 0.5125 0.525
vt 0.5125 0.725
vt 0.6125 0.525
vt 0.5125 0.725
vt 0.6125 0.725
vt 0.6125 0.525
vt 0.5125 0.525
vt 0.5125 0.725
vt 0.6125 0.525
vt 0.5125 0.725
vt 0.6125 0.725
vt 0.6125 0.525
vt 0.5125 0.775
vt 0.5125 0.975
vt 0.6125 0.975
vt 0.6125 0.775
vt 0.5125 0.775
vt 0.6125 0.975
vt 0.5125 0.775
vt 0.5125 0.975
vt 0.6125 0.975
vt 0.6125 0.775
vt 0.5125 0.775
vt 0.6125 0.975
vt 0.5125 0.775
vt 0.5125 0.975
vt 0.6125 0.975
vt 0.6125 0.775
vt 0.5125 0.775
vt 0.6125 0.975
vt 0.5125 0.775
vt 0.5125 0.975
vt 0.6125 0.975
vt 0.6125 0.775
vt 0.5125 0.775
vt 0.6125 0.975
vt 0.5125 0.775
vt 0.5125 0.975
vt 0.6125 0.775
vt 0.5125 0.975
vt 0.6125 0.975
vt 0.6125 0.775
vt 0.5125 0.775
vt 0.5125 0.975
vt 0.6125 0.775
vt 0.5125 0.975
vt 0.6125 0.975
vt 0.6125 0.775
vt 0.5125 0.775
vt 0.5125 0.975
vt 0.6125 0.775
vt 0.5125 0.975
vt 0.6125 0.975
vt 0.6125 0.775
vt 0.5125 0.775
vt 0.5125 0.975
vt 0.6125 0.775
vt 0.5125 0.975
vt 0.6125 0.975
vt 0.6125 0.775
vt 0.0125 0.525
vt 0.0125 0.725
vt 0.1125 0.725
vt 0.1125 0.525
vt 0.0125 0.525
vt 0.1125 0.725
vt 0.0125 0.525
vt 0.0125 0.725
vt 0.1125 0.725
vt 0.1125 0.525
vt 0.0125 0.525
vt 0.1125 0.725
vt 0.0125 0.525
vt 0.0125 0.725
vt 0.1125 0.725
vt 0.1125 0.525
vt 0.0125 0.525
vt 0.1125 0.725
vt 0.0125 0.525
vt 0.0125 0.725
vt 0.1125 0.725
vt 0.1125 0.525
vt 0.0125 0.525
vt 0.1125 0.725
vt 0.0125 0.525
vt 0.0125 0.725
vt 0.1125 0.525
vt 0.0125 0.725
vt 0.1125 0.725
vt 0.1125 0.525
vt 0.0125 0.525
vt 0.0125 0.725
vt 0.1125 0.525
vt 0.0125 0.725
vt 0.1125 0.725
vt 0.1125 0.525
vt 0.0125 0.525
vt 0.0125 0.725
vt 0.1125 0.525
vt 0.0125 0.725
vt 0.1125 0.725
vt 0.1125 0.525
vt 0.0125 0.525
vt 0.0125 0.725
vt 0.1125 0.525
vt 0.0125 0.725
vt 0.1125 0.725
vt 0.1125 0.525
vt 0.2625 0.275
vt 0.2625 0.475
vt 0.3625 0.475
vt 0.3625 0.275
vt 0.2625 0.275
vt 0.3625 0.475
vt 0.2625 0.275
vt 0.2625 0.475
vt 0.3625 0.475
vt 0.3625 0.275
vt 0.2625 0.275
vt 0.3625 0.475
vt 0.2625 0.275
vt 0.2625 0.475
vt 0.3625 0.475
vt 0.3625 0.275
vt 0.2625 0.275
vt 0.3625 0.475
vt 0.2625 0.275
vt 0.2625 0.475
vt 0.3625 0.475
vt 0.3625 0.275
vt 0.2625 0.275
vt 0.3625 0.475
vt 0.2625 0.275
vt 0.2625 0.475
vt 0.3625 0.275
vt 0.2625 0.475
vt 0.3625 0.475
vt 0.3625 0.275
vt 0.2625 0.275
vt 0.2625 0.475
vt 0.3625 0.275
vt 0.2625 0.475
vt 0.3625 0.475
vt 0.3625 0.275
vt 0.2625 0.275
vt 0.2625 0.475
vt 0.3625 0.275
vt 0.2625 0.475
vt 0.3625 0.475
vt 0.3625 0.275
vt 0.2625 0.275
vt 0.2625 0.475
vt 0.3625 0.275
vt 0.2625 0.475
vt 0.3625 0.475
vt 0.3625 0.275
vt 0.5125 0.775
vt 0.5125 0.975
vt 0.6125 0.975
vt 0.6125 0.775
vt 0.5125 0.775
vt 0.6125 0.975
vt 0.5125 0.775
vt 0.5125 0.975
vt 0.6125 0.975
vt 0.6125 0.775
vt 0.5125 0.775
vt 0.6125 0.975
vt 0.5125 0.775
vt 0.5125 0.975
vt 0.6125 0.975
vt 0.6125 0.775
vt 0.5125 0.775
vt 0.6125 0.975
vt 0.5125 0.775
vt 0.5125 0.975
vt 0.6125 0.975
vt 0.6125 0.775
vt 0.5125 0.775
vt 0.6125 0.975
vt 0.5125 0.775
vt 0.5125 0.975
vt 0.6125 0.775
vt 0.5125 0.975
vt 0.6125 0.975
vt 0.6125 0.775
vt 0.5125 0.775
vt 0.5125 0.975
vt 0.6125 0.775
vt 0.5125 0.975
vt 0.6125 0.975
vt 0.6125 0.775
vt 0.5125 0.775
vt 0.5125 0.975
vt 0.6125 0.775
vt 0.5125 0.975
vt 0.6125 0.975
vt 0.6125 0.775
vt 0.5125 0.775
vt 0.5125 0.975
vt 0.6125 0.775
vt 0.5125 0.975
vt 0.6125 0.975
vt 0.6125 0.775
vt 0.6375 0.525
vt 0.6375 0.725
vt 0.6875 0.725
vt 0.6875 0.525
vt 0.6375 0.525
vt 0.6875 0.725
vt 0.6875 0.525
vt 0.6875 0.725
vt 0.7375 0.725
vt 0.7375 0.525
vt 0.6875 0.525
vt 0.7375 0.725
vt 0.6375 0.525
vt 0.6375 0.725
vt 0.6875 0.725
vt 0.6875 0.525
vt 0.6375 0.525
vt 0.6875 0.725
vt 0.6875 0.525
vt 0.6875 0.725
vt 0.7375 0.725
vt 0.7375 0.525
vt 0.6875 0.525
vt 0.7375 0.725
vt 0.6375 0.525
vt 0.6375 0.725
vt 0.6875 0.525
vt 0.6375 0.725
vt 0.6875 0.725
vt 0.6875 0.525
vt 0.6875 0.525
vt 0.6875 0.725
vt 0.7375 0.525
vt 0.6875 0.725
vt 0.7375 0.725
vt 0.7375 0.525
vt 0.6375 0.525
vt 0.6375 0.725
vt 0.6875 0.525
vt 0.6375 0.725
vt 0.6875 0.725
vt 0.6875 0.525
vt 0.6875 0.525
vt 0.6875 0.725
vt 0.7375 0.525
vt 0.6875 0.725
vt 0.7375 0.725
vt 0.7375 0.525
vt 0.94792 0.025
vt 0.94792 0.225
vt 0.94792 0.225
vt 0.94792 0.025
vt 0.94792 0.025
vt 0.94792 0.225
vt 0.94792 0.025
vt 0.94792 0.225
vt 0.94792 0.225
vt 0.94792 0.025
vt 0.94792 0.025
vt 0.94792 0.225
vt 0.94792 0.025
vt 0.94792 0.225
vt 0.94792 0.225
vt 0.94792 0.025
vt 0.94792 0.025
vt 0.94792 0.225
vt 0.94792 0.025
vt 0.94792 0.225
vt 0.94792 0.225
vt 0.94792 0.025
vt 0.94792 0.025
vt 0.94792 0.225
vt 0.94792 0.025
vt 0.94792 0.225
vt 0.94792 0.025
vt 0.94792 0.225
vt 0.94792 0.225
vt 0.94792 0.025
vt 0.94792 0.025
vt 0.94792 0.225
vt 0.94792 0.025
vt 0.94792 0.225
vt 0.94792 0.225
vt 0.94792 0.025
vt 0.94792 0.025
vt 0.94792 0.225
vt 0.94792 0.025
vt 0.94792 0.225
vt 0.94792 0.225
vt 0.94792 0.025
vt 0.94792 0.025
vt 0.94792 0.225
vt 0.94792 0.025
vt 0.94792 0.225
vt 0.94792 0.225
vt 0.94792 0.025
vt 0.1875 0.275
vt 0.1875 0.475
vt 0.2125 0.475
vt 0.2125 0.275
vt 0.1875 0.275
vt 0.2125 0.475
vt 0.2125 0.275
vt 0.2125 0.475
vt 0.2375 0.475
vt 0.2375 0.275
vt 0.2125 0.275
vt 0.2375 0.475
vt 0.1375 0.275
vt 0.1375 0.475
vt 0.1625 0.475
vt 0.1625 0.275
vt 0.1375 0.275
vt 0.1625 0.475
vt 0.1625 0.275
vt 0.1625 0.475
vt 0.1875 0.475
vt 0.1875 0.275
vt 0.1625 0.275
vt 0.1875 0.475
vt 0.1875 0.275
vt 0.1875 0.475
vt 0.2125 0.275
vt 0.1875 0.475
vt 0.2125 0.475
vt 0.2125 0.275
vt 0.2125 0.275
vt 0.2125 0.475
vt 0.2375 0.275
vt 0.2125 0.475
vt 0.2375 0.475
vt 0.2375 0.275
vt 0.1375 0.275
vt 0.1375 0.475
vt 0.1625 0.275
vt 0.1375 0.475
vt 0.1625 0.475
vt 0.1625 0.275
vt 0.1625 0.275
vt 0.1625 0.475
vt 0.1875 0.275
vt 0.1625 0.475
vt 0.1875 0.475
vt 0.1875 0.275
vt 0.2625 0.775
vt 0.2625 0.975
vt 0.3625 0.975
vt 0.3625 0.775
vt 0.2625 0.775
vt 0.3625 0.975
vt 0.2625 0.775
vt 0.2625 0.975
vt 0.3625 0.975
vt 0.3625 0.775
vt 0.2625 0.775
vt 0.3625 0.975
vt 0.2625 0.775
vt 0.2625 0.975
vt 0.3625 0.975
vt 0.3625 0.775
vt 0.2625 0.775
vt 0.3625 0.975
vt 0.2625 0.775
vt 0.2625 0.975
vt 0.3625 0.975
vt 0.3625 0.775
vt 0.2625 0.775
vt 0.3625 0.975
vt 0.2625 0.775
vt 0.2625 0.975
vt 0.3625 0.775
vt 0.2625 0.975
vt 0.3625 0.975
vt 0.3625 0.775
vt 0.2625 0.775
vt 0.2625 0.975
vt 0.3625 0.775
vt 0.2625 0.975
vt 0.3625 0.975
vt 0.3625 0.775
vt 0.2625 0.775
vt 0.2625 0.975
vt 0.3625 0.775
vt 0.2625 0.975
vt 0.3625 0.975
vt 0.3625 0.775
vt 0.2625 0.775
vt 0.2625 0.975
vt 0.3625 0.775
vt 0.2625 0.975
vt 0.3625 0.975
vt 0.3625 0.775
vt 0.6375 0.525
vt 0.6375 0.725
vt 0.7375 0.725
vt 0.7375 0.525
vt 0.6375 0.525
vt 0.7375 0.725
vt 0.6375 0.525
vt 0.6375 0.725
vt 0.7375 0.725
vt 0.7375 0.525
vt 0.6375 0.525
vt 0.7375 0.725
vt 0.6375 0.525
vt 0.6375 0.725
vt 0.7375 0.725
vt 0.7375 0.525
vt 0.6375 0.525
vt 0.7375 0.725
vt 0.6375 0.525
vt 0.6375 0.725
vt 0.7375 0.725
vt 0.7375 0.525
vt 0.6375 0.525
vt 0.7375 0.725
vt 0.6375 0.525
vt 0.6375 0.725
vt 0.7375 0.525
vt 0.6375 0.725
vt 0.7375 0.725
vt 0.7375 0.525
vt 0.6375 0.525
vt 0.6375 0.725
vt 0.7375 0.525
vt 0.6375 0.725
vt 0.7375 0.725
vt 0.7375 0.525
vt 0.6375 0.525
vt 0.6375 0.725
vt 0.7375 0.525
vt 0.6375 0.725
vt 0.7375 0.725
vt 0.7375 0.525
vt 0.6375 0.525
vt 0.6375 0.725
vt 0.7375 0.525
vt 0.6375 0.725
vt 0.7375 0.725
vt 0.7375 0.525
vt 0.5125 0.775
vt 0.5125 0.975
vt 0.6125 0.975
vt 0.6125 0.775
vt 0.5125 0.775
vt 0.6125 0.975
vt 0.5125 0.775
vt 0.5125 0.975
vt 0.6125 0.975
vt 0.6125 0.775
vt 0.5125 0.775
vt 0.6125 0.975
vt 0.5125 0.775
vt 0.5125 0.975
vt 0.6125 0.975
vt 0.6125 0.775
vt 0.5125 0.775
vt 0.6125 0.975
vt 0.5125 0.775
vt 0.5125 0.975
vt 0.6125 0.975
vt 0.6125 0.775
vt 0.5125 0.775
vt 0.6125 0.975
vt 0.5125 0.775
vt 0.5125 0.975
vt 0.6125 0.775
vt 0.5125 0.975
vt 0.6125 0.975
vt 0.6125 0.775
vt 0.5125 0.775
vt 0.5125 0.975
vt 0.6125 0.775
vt 0.5125 0.975
vt 0.6125 0.975
vt 0.6125 0.775
vt 0.5125 0.775
vt 0.5125 0.975
vt 0.6125 0.775
vt 0.5125 0.975
vt 0.6125 0.975
vt 0.6125 0.775
vt 0.5125 0.775
vt 0.5125 0.975
vt 0.6125 0.775
vt 0.5125 0.975
vt 0.6125 0.975
vt 0.6125 0.775
vt 0.6375 0.775
vt 0.6375 0.975
vt 0.7375 0.975
vt 0.7375 0.775
vt 0.6375 0.775
vt 0.7375 0.975
vt 0.6375 0.775
vt 0.6375 0.975
vt 0.7375 0.975
vt 0.7375 0.775
vt 0.6375 0.775
vt 0.7375 0.975
vt 0.6375 0.775
vt 0.6375 0.975
vt 0.7375 0.975
vt 0.7375 0.775
vt 0.6375 0.775
vt 0.7375 0.975
vt 0.6375 0.775
vt 0.6375 0.975
vt 0.7375 0.975
vt 0.7375 0.775
vt 0.6375 0.775
vt 0.7375 0.975
vt 0.6375 0.775
vt 0.6375 0.975
vt 0.7375 0.775
vt 0.6375 0.975
vt 0.7375 0.975
vt 0.7375 0.775
vt 0.6375 0.775
vt 0.6375 0.975
vt 0.7375 0.775
vt 0.6375 0.975
vt 0.7375 0.975
vt 0.7375 0.775
vt 0.6375 0.775
vt 0.6375 0.975
vt 0.7375 0.775
vt 0.6375 0.975
vt 0.7375 0.975
vt 0.7375 0.775
vt 0.6375 0.775
vt 0.6375 0.975
vt 0.7375 0.775
vt 0.6375 0.975
vt 0.7375 0.975
vt 0.7375 0.775
vt 0.94792 0.025
vt 0.94792 0.225
vt 0.94792 0.225
vt 0.94792 0.025
vt 0.94792 0.025
vt 0.94792 0.225
vt 0.94792 0.025
vt 0.94792 0.225
vt 0.94792 0.225
vt 0.94792 0.025
vt 0.94792 0.025
vt 0.94792 0.225
vt 0.94792 0.025
vt 0.94792 0.225
vt 0.94792 0.225
vt 0.94792 0.025
vt 0.94792 0.025
vt 0.94792 0.225
vt 0.94792 0.025
vt 0.94792 0.225
vt 0.94792 0.225
vt 0.94792 0.025
vt 0.94792 0.025
vt 0.94792 0.225
vt 0.94792 0.025
vt 0.94792 0.225
vt 0.94792 0.025
vt 0.94792 0.225
vt 0.94792 0.225
vt 0.94792 0.025
vt 0.94792 0.025
vt 0.94792 0.225
vt 0.94792 0.025
vt 0.94792 0.225
vt 0.94792 0.225
vt 0.94792 0.025
vt 0.94792 0.025
vt 0.94792 0.225
vt 0.94792 0.025
vt 0.94792 0.225
vt 0.94792 0.225
vt 0.94792 0.025
vt 0.94792 0.025
vt 0.94792 0.225
vt 0.94792 0.025
vt 0.94792 0.225
vt 0.94792 0.225
vt 0.94792 0.025
vt 0.2625 0.775
vt 0.2625 0.975
vt 0.3625 0.975
vt 0.3625 0.775
vt 0.2625 0.775
vt 0.3625 0.975
vt 0.2625 0.775
vt 0.2625 0.975
vt 0.3625 0.975
vt 0.3625 0.775
vt 0.2625 0.775
vt 0.3625 0.975
vt 0.2625 0.775
vt 0.2625 0.975
vt 0.3625 0.975
vt 0.3625 0.775
vt 0.2625 0.775
vt 0.3625 0.975
vt 0.2625 0.775
vt 0.2625 0.975
vt 0.3625 0.975
vt 0.3625 0.775
vt 0.2625 0.775
vt 0.3625 0.975
vt 0.2625 0.775
vt 0.2625 0.975
vt 0.3625 0.775
vt 0.2625 0.975
vt 0.3625 0.975
vt 0.3625 0.775
vt 0.2625 0.775
vt 0.2625 0.975
vt 0.3625 0.775
vt 0.2625 0.975
vt 0.3625 0.975
vt 0.3625 0.775
vt 0.2625 0.775
vt 0.2625 0.975
vt 0.3625 0.775
vt 0.2625 0.975
vt 0.3625 0.975
vt 0.3625 0.775
vt 0.2625 0.775
vt 0.2625 0.975
vt 0.3625 0.775
vt 0.2625 0.975
vt 0.3625 0.975
vt 0.3625 0.775
vt 0.5125 0.525
vt 0.5125 0.725
vt 0.6125 0.725
vt 0.6125 0.525
vt 0.5125 0.525
vt 0.6125 0.725
vt 0.5125 0.525
vt 0.5125 0.725
vt 0.6125 0.725
vt 0.6125 0.525
vt 0.5125 0.525
vt 0.6125 0.725
vt 0.5125 0.525
vt 0.5125 0.725
vt 0.6125 0.725
vt 0.6125 0.525
vt 0.5125 0.525
vt 0.6125 0.725
vt 0.5125 0.525
vt 0.5125 0.725
vt 0.6125 0.725
vt 0.6125 0.525
vt 0.5125 0.525
vt 0.6125 0.725
vt 0.5125 0.525
vt 0.5125 0.725
vt 0.6125 0.525
vt 0.5125 0.725
vt 0.6125 0.725
vt 0.6125 0.525
vt 0.5125 0.525
vt 0.5125 0.725
vt 0.6125 0.525
vt 0.5125 0.725
vt 0.6125 0.725
vt 0.6125 0.525
vt 0.5125 0.525
vt 0.5125 0.725
vt 0.6125 0.525
vt 0.5125 0.725
vt 0.6125 0.725
vt 0.6125 0.525
vt 0.5125 0.525
vt 0.5125 0.725
vt 0.6125 0.525
vt 0.5125 0.725
vt 0.6125 0.725
vt 0.6125 0.525
vt 0.5125 0.775
vt 0.5125 0.975
vt 0.6125 0.975
vt 0.6125 0.775
vt 0.5125 0.775
vt 0.6125 0.975
vt 0.5125 0.775
vt 0.5125 0.975
vt 0.6125 0.975
vt 0.6125 0.775
vt 0.5125 0.775
vt 0.6125 0.975
vt 0.5125 0.775
vt 0.5125 0.975
vt 0.6125 0.975
vt 0.6125 0.775
vt 0.5125 0.775
vt 0.6125 0.975
vt 0.5125 0.775
vt 0.5125 0.975
vt 0.6125 0.975
vt 0.6125 0.775
vt 0.5125 0.775
vt 0.6125 0.975
vt 0.5125 0.775
vt 0.5125 0.975
vt 0.6125 0.775
vt 0.5125 0.975
vt 0.6125 0.975
vt 0.6125 0.775
vt 0.5125 0.775
vt 0.5125 0.975
vt 0.6125 0.775
vt 0.5125 0.975
vt 0.6125 0.975
vt 0.6125 0.775
vt 0.5125 0.775
vt 0.5125 0.975
vt 0.6125 0.775
vt 0.5125 0.975
vt 0.6125 0.975
vt 0.6125 0.775
vt 0.5125 0.775
vt 0.5125 0.975
vt 0.6125 0.775
vt 0.5125 0.975
vt 0.6125 0.975
vt 0.6125 0.775
vt 0.0125 0.525
vt 0.0125 0.725
vt 0.1125 0.725
vt 0.1125 0.525
vt 0.0125 0.525
vt 0.1125 0.725
vt 0.0125 0.525
vt 0.0125 0.725
vt 0.1125 0.725
vt 0.1125 0.525
vt 0.0125 0.525
vt 0.1125 0.725
vt 0.0125 0.525
vt 0.0125 0.725
vt 0.1125 0.725
vt 0.1125 0.525
vt 0.0125 0.525
vt 0.1125 0.725
vt 0.0125 0.525
vt 0.0125 0.725
vt 0.1125 0.725
vt 0.1125 0.525
vt 0.0125 0.525
vt 0.1125 0.725
vt 0.0125 0.525
vt 0.0125 0.725
vt 0.1125 0.525
vt 0.0125 0.725
vt 0.1125 0.725
vt 0.1125 0.525
vt 0.0125 0.525
vt 0.0125 0.725
vt 0.1125 0.525
vt 0.0125 0.725
vt 0.1125 0.725
vt 0.1125 0.525
vt 0.0125 0.525
vt 0.0125 0.725
vt 0.1125 0.525
vt 0.0125 0.725
vt 0.1125 0.725
vt 0.1125 0.525
vt 0.0125 0.525
vt 0.0125 0.725
vt 0.1125 0.525
vt 0.0125 0.725
vt 0.1125 0.725
vt 0.1125 0.525
vt 0.2625 0.275
vt 0.2625 0.475
vt 0.3625 0.475
vt 0.3625 0.275
vt 0.2625 0.275
vt 0.3625 0.475
vt 0.2625 0.275
vt 0.2625 0.475
vt 0.3625 0.475
vt 0.3625 0.275
vt 0.2625 0.275
vt 0.3625 0.475
vt 0.2625 0.275
vt 0.2625 0.475
vt 0.3625 0.475
vt 0.3625 0.275
vt 0.2625 0.275
vt 0.3625 0.475
vt 0.2625 0.275
vt 0.2625 0.475
vt 0.3625 0.475
vt 0.3625 0.275
vt 0.2625 0.275
vt 0.3625 0.475
vt 0.2625 0.275
vt 0.2625 0.475
vt 0.3625 0.275
vt 0.2625 0.475
vt 0.3625 0.475
vt 0.3625 0.275
vt 0.2625 0.275
vt 0.2625 0.475
vt 0.3625 0.275
vt 0.2625 0.475
vt 0.3625 0.475
vt 0.3625 0.275
vt 0.2625 0.275
vt 0.2625 0.475
vt 0.3625 0.275
vt 0.2625 0.475
vt 0.3625 0.475
vt 0.3625 0.275
vt 0.2625 0.275
vt 0.2625 0.475
vt 0.3625 0.275
vt 0.2625 0.475
vt 0.3625 0.475
vt 0.3625 0.275
vt 0.5125 0.775
vt 0.5125 0.975
vt 0.6125 0.975
vt 0.6125 0.775
vt 0.5125 0.775
vt 0.6125 0.975
vt 0.5125 0.775
vt 0.5125 0.975
vt 0.6125 0.975
vt 0.6125 0.775
vt 0.5125 0.775
vt 0.6125 0.975
vt 0.5125 0.775
vt 0.5125 0.975
vt 0.6125 0.975
vt 0.6125 0.775
vt 0.5125 0.775
vt 0.6125 0.975
vt 0.5125 0.775
vt 0.5125 0.975
vt 0.6125 0.975
vt 0.6125 0.775
vt 0.5125 0.775
vt 0.6125 0.975
vt 0.5125 0.775
vt 0.5125 0.975
vt 0.6125 0.775
vt 0.5125 0.975
vt 0.6125 0.975
vt 0.6125 0.775
vt 0.5125 0.775
vt 0.5125 0.975
vt 0.6125 0.775
vt 0.5125 0.975
vt 0.6125 0.975
vt 0.6125 0.775
vt 0.5125 0.775
vt 0.5125 0.975
vt 0.6125 0.775
vt 0.5125 0.975
vt 0.6125 0.975
vt 0.6125 0.775
vt 0.5125 0.775
vt 0.5125 0.975
vt 0.6125 0.775
vt 0.5125 0.975
vt 0.6125 0.975
vt 0.6125 0.775
vt 0.6375 0.525
vt 0.6375 0.725
vt 0.6875 0.725
vt 0.6875 0.525
vt 0.6375 0.525
vt 0.6875 0.725
vt 0.6875 0.525
vt 0.6875 0.725
vt 0.7375 0.725
vt 0.7375 0.525
vt 0.6875 0.525
vt 0.7375 0.725
vt 0.6375 0.525
vt 0.6375 0.725
vt 0.6875 0.725
vt 0.6875 0.525
vt 0.6375 0.525
vt 0.6875 0.725
vt 0.6875 0.525
vt 0.6875 0.725
vt 0.7375 0.725
vt 0.7375 0.525
vt 0.6875 0.525
vt 0.7375 0.725
vt 0.6375 0.525
vt 0.6375 0.725
vt 0.6875 0.525
vt 0.6375 0.725
vt 0.6875 0.725
vt 0.6875 0.525
vt 0.6875 0.525
vt 0.6875 0.725
vt 0.7375 0.525
vt 0.6875 0.725
vt 0.7375 0.725
vt 0.7375 0.525
vt 0.6375 0.525
vt 0.6375 0.725
vt 0.6875 0.525
vt 0.6375 0.725
vt 0.6875 0.725
vt 0.6875 0.525
vt 0.6875 0.525
vt 0.6875 0.725
vt 0.7375 0.525
vt 0.6875 0.725
vt 0.7375 0.725
vt 0.7375 0.525
vt 0.94792 0.025
vt 0.94792 0.225
vt 0.94792 0.225
vt 0.94792 0.025
vt 0.94792 0.025
vt 0.94792 0.225
vt 0.94792 0.025
vt 0.94792 0.225
vt 0.94792 0.225
vt 0.94792 0.025
vt 0.94792 0.025
vt 0.94792 0.225
vt 0.94792 0.025
vt 0.94792 0.225
vt 0.94792 0.225
vt 0.94792 0.025
vt 0.94792 0.025
vt 0.94792 0.225
vt 0.94792 0.025
vt 0.94792 0.225
vt 0.94792 0.225
vt 0.94792 0.025
vt 0.94792 0.025
vt 0.94792 0.225
vt 0.94792 0.025
vt 0.94792 0.225
vt 0.94792 0.025
vt 0.94792 0.225
vt 0.94792 0.225
vt 0.94792 0.025
vt 0.94792 0.025
vt 0.94792 0.225
vt 0.94792 0.025
vt 0.94792 0.225
vt 0.94792 0.225
vt 0.94792 0.025
vt 0.94792 0.025
vt 0.94792 0.225
vt 0.94792 0.025
vt 0.94792 0.225
vt 0.94792 0.225
vt 0.94792 0.025
vt 0.94792 0.025
vt 0.94792 0.225
vt 0.94792 0.025
vt 0.94792 0.225
vt 0.94792 0.225
vt 0.94792 0.025
vt 0.1875 0.275
vt 0.1875 0.475
vt 0.2125 0.475
vt 0.2125 0.275
vt 0.1875 0.275
vt 0.2125 0.475
vt 0.2125 0.275
vt 0.2125 0.475
vt 0.2375 0.475
vt 0.2375 0.275
vt 0.2125 0.275
vt 0.2375 0.475
vt 0.1375 0.275
vt 0.1375 0.475
vt 0.1625 0.475
vt 0.1625 0.275
vt 0.1375 0.275
vt 0.1625 0.475
vt 0.1625 0.275
vt 0.1625 0.475
vt 0.1875 0.475
vt 0.1875 0.275
vt 0.1625 0.275
vt 0.1875 0.475
vt 0.1875 0.275
vt 0.1875 0.475
vt 0.2125 0.275
vt 0.1875 0.475
vt 0.2125 0.475
vt 0.2125 0.275
vt 0.2125 0.275
vt 0.2125 0.475
vt 0.2375 0.275
vt 0.2125 0.475
vt 0.2375 0.475
vt 0.2375 0.275
vt 0.1375 0.275
vt 0.1375 0.475
vt 0.1625 0.275
vt 0.1375 0.475
vt 0.1625 0.475
vt 0.1625 0.275
vt 0.1625 0.275
vt 0.1625 0.475
vt 0.1875 0.275
vt 0.1625 0.475
vt 0.1875 0.475
vt 0.1875 0.275
vt 0.8125 0.775
vt 0.8125 0.975
vt 0.8375 0.975
vt 0.8375 0.775
vt 0.8125 0.775
vt 0.8375 0.975
vt 0.8375 0.775
vt 0.8375 0.975
vt 0.8625 0.975
vt 0.8625 0.775
vt 0.8375 0.775
vt 0.8625 0.975
vt 0.7625 0.775
vt 0.7625 0.975
vt 0.7875 0.975
vt 0.7875 0.775
vt 0.7625 0.775
vt 0.7875 0.975
vt 0.7875 0.775
vt 0.7875 0.975
vt 0.8125 0.975
vt 0.8125 0.775
vt 0.7875 0.775
vt 0.8125 0.975
vt 0.8125 0.775
vt 0.8125 0.975
vt 0.8375 0.775
vt 0.8125 0.975
vt 0.8375 0.975
vt 0.8375 0.775
vt 0.8375 0.775
vt 0.8375 0.975
vt 0.8625 0.775
vt 0.8375 0.975
vt 0.8625 0.975
vt 0.8625 0.775
vt 0.7625 0.775
vt 0.7625 0.975
vt 0.7875 0.775
vt 0.7625 0.975
vt 0.7875 0.975
vt 0.7875 0.775
vt 0.7875 0.775
vt 0.7875 0.975
vt 0.8125 0.775
vt 0.7875 0.975
vt 0.8125 0.975
vt 0.8125 0.775
vt 0.94792 0.025
vt 0.94792 0.225
vt 0.94792 0.225
vt 0.94792 0.025
vt 0.94792 0.025
vt 0.94792 0.225
vt 0.94792 0.025
vt 0.94792 0.225
vt 0.94792 0.225
vt 0.94792 0.025
vt 0.94792 0.025
vt 0.94792 0.225
vt 0.94792 0.025
vt 0.94792 0.225
vt 0.94792 0.225
vt 0.94792 0.025
vt 0.94792 0.025
vt 0.94792 0.225
vt 0.94792 0.025
vt 0.94792 0.225
vt 0.94792 0.225
vt 0.94792 0.025
vt 0.94792 0.025
vt 0.94792 0.225
vt 0.94792 0.025
vt 0.94792 0.225
vt 0.94792 0.025
vt 0.94792 0.225
vt 0.94792 0.225
vt 0.94792 0.025
vt 0.94792 0.025
vt 0.94792 0.225
vt 0.94792 0.025
vt 0.94792 0.225
vt 0.94792 0.225
vt 0.94792 0.025
vt 0.94792 0.025
vt 0.94792 0.225
vt 0.94792 0.025
vt 0.94792 0.225
vt 0.94792 0.225
vt 0.94792 0.025
vt 0.94792 0.025
vt 0.94792 0.225
vt 0.94792 0.025
vt 0.94792 0.225
vt 0.94792 0.225
vt 0.94792 0.025
vt 0.2625 0.775
vt 0.2625 0.975
vt 0.3625 0.975
vt 0.3625 0.775
vt 0.2625 0.775
vt 0.3625 0.975
vt 0.2625 0.775
vt 0.2625 0.975
vt 0.3625 0.975
vt 0.3625 0.775
vt 0.2625 0.775
vt 0.3625 0.975
vt 0.2625 0.775
vt 0.2625 0.975
vt 0.3625 0.975
vt 0.3625 0.775
vt 0.2625 0.775
vt 0.3625 0.975
vt 0.2625 0.775
vt 0.2625 0.975
vt 0.3625 0.975
vt 0.3625 0.775
vt 0.2625 0.775
vt 0.3625 0.975
vt 0.2625 0.775
vt 0.2625 0.975
vt 0.3625 0.775
vt 0.2625 0.975
vt 0.3625 0.975
vt 0.3625 0.775
vt 0.2625 0.775
vt 0.2625 0.975
vt 0.3625 0.775
vt 0.2625 0.975
vt 0.3625 0.975
vt 0.3625 0.775
vt 0.2625 0.775
vt 0.2625 0.975
vt 0.3625 0.775
vt 0.2625 0.975
vt 0.3625 0.975
vt 0.3625 0.775
vt 0.2625 0.775
vt 0.2625 0.975
vt 0.3625 0.775
vt 0.2625 0.975
vt 0.3625 0.975
vt 0.3625 0.775
vt 0.2625 0.525
vt 0.2625 0.725
vt 0.3125 0.725
vt 0.3125 0.525
vt 0.2625 0.525
vt 0.3125 0.725
vt 0.3125 0.525
vt 0.3125 0.725
vt 0.3625 0.725
vt 0.3625 0.525
vt 0.3125 0.525
vt 0.3625 0.725
vt 0.2625 0.525
vt 0.2625 0.725
vt 0.3125 0.725
vt 0.3125 0.525
vt 0.2625 0.525
vt 0.3125 0.725
vt 0.3125 0.525
vt 0.3125 0.725
vt 0.3625 0.725
vt 0.3625 0.525
vt 0.3125 0.525
vt 0.3625 0.725
vt 0.2625 0.525
vt 0.2625 0.725
vt 0.3125 0.525
vt 0.2625 0.725
vt 0.3125 0.725
vt 0.3125 0.525
vt 0.3125 0.525
vt 0.3125 0.725
vt 0.3625 0.525
vt 0.3125 0.725
vt 0.3625 0.725
vt 0.3625 0.525
vt 0.2625 0.525
vt 0.2625 0.725
vt 0.3125 0.525
vt 0.2625 0.725
vt 0.3125 0.725
vt 0.3125 0.525
vt 0.3125 0.525
vt 0.3125 0.725
vt 0.3625 0.525
vt 0.3125 0.725
vt 0.3625 0.725
vt 0.3625 0.525
vt 0.5125 0.775
vt 0.5125 0.975
vt 0.6125 0.975
vt 0.6125 0.775
vt 0.5125 0.775
vt 0.6125 0.975
vt 0.5125 0.775
vt 0.5125 0.975
vt 0.6125 0.975
vt 0.6125 0.775
vt 0.5125 0.775
vt 0.6125 0.975
vt 0.5125 0.775
vt 0.5125 0.975
vt 0.6125 0.975
vt 0.6125 0.775
vt 0.5125 0.775
vt 0.6125 0.975
vt 0.5125 0.775
vt 0.5125 0.975
vt 0.6125 0.975
vt 0.6125 0.775
vt 0.5125 0.775
vt 0.6125 0.975
vt 0.5125 0.775
vt 0.5125 0.975
vt 0.6125 0.775
vt 0.5125 0.975
vt 0.6125 0.975
vt 0.6125 0.775
vt 0.5125 0.775
vt 0.5125 0.975
vt 0.6125 0.775
vt 0.5125 0.975
vt 0.6125 0.975
vt 0.6125 0.775
vt 0.5125 0.775
vt 0.5125 0.975
vt 0.6125 0.775
vt 0.5125 0.975
vt 0.6125 0.975
vt 0.6125 0.775
vt 0.5125 0.775
vt 0.5125 0.975
vt 0.6125 0.775
vt 0.5125 0.975
vt 0.6125 0.975
vt 0.6125 0.775
vt 0.3875 0.525
vt 0.3875 0.725
vt 0.4375 0.725
vt 0.4375 0.525
vt 0.3875 0.525
vt 0.4375 0.725
vt 0.4375 0.525
vt 0.4375 0.725
vt 0.4875 0.725
vt 0.4875 0.525
vt 0.4375 0.525
vt 0.4875 0.725
vt 0.3875 0.525
vt 0.3875 0.725
vt 0.4375 0.725
vt 0.4375 0.525
vt 0.3875 0.525
vt 0.4375 0.725
vt 0.4375 0.525
vt 0.4375 0.725
vt 0.4875 0.725
vt 0.4875 0.525
vt 0.4375 0.525
vt 0.4875 0.725
vt 0.3875 0.525
vt 0.3875 0.725
vt 0.4375 0.525
vt 0.3875 0.725
vt 0.4375 0.725
vt 0.4375 0.525
vt 0.4375 0.525
vt 0.4375 0.725
vt 0.4875 0.525
vt 0.4375 0.725
vt 0.4875 0.725
vt 0.4875 0.525
vt 0.3875 0.525
vt 0.3875 0.725
vt 0.4375 0.525
vt 0.3875 0.725
vt 0.4375 0.725
vt 0.4375 0.525
vt 0.4375 0.525
vt 0.4375 0.725
vt 0.4875 0.525
vt 0.4375 0.725
vt 0.4875 0.725
vt 0.4875 0.525
vt 0.94792 0.025
vt 0.94792 0.225
vt 0.94792 0.225
vt 0.94792 0.025
vt 0.94792 0.025
vt 0.94792 0.225
vt 0.94792 0.025
vt 0.94792 0.225
vt 0.94792 0.225
vt 0.94792 0.025
vt 0.94792 0.025
vt 0.94792 0.225
vt 0.94792 0.025
vt 0.94792 0.225
vt 0.94792 0.225
vt 0.94792 0.025
vt 0.94792 0.025
vt 0.94792 0.225
vt 0.94792 0.025
vt 0.94792 0.225
vt 0.94792 0.225
vt 0.94792 0.025
vt 0.94792 0.025
vt 0.94792 0.225
vt 0.94792 0.025
vt 0.94792 0.225
vt 0.94792 0.025
vt 0.94792 0.225
vt 0.94792 0.225
vt 0.94792 0.025
vt 0.94792 0.025
vt 0.94792 0.225
vt 0.94792 0.025
vt 0.94792 0.225
vt 0.94792 0.225
vt 0.94792 0.025
vt 0.94792 0.025
vt 0.94792 0.225
vt 0.94792 0.025
vt 0.94792 0.225
vt 0.94792 0.225
vt 0.94792 0.025
vt 0.94792 0.025
vt 0.94792 0.225
vt 0.94792 0.025
vt 0.94792 0.225
vt 0.94792 0.225
vt 0.94792 0.025
vt 0.6375 0.525
vt 0.6375 0.725
vt 0.6875 0.725
vt 0.6875 0.525
vt 0.6375 0.525
vt 0.6875 0.725
vt 0.6875 0.525
vt 0.6875 0.725
vt 0.7375 0.725
vt 0.7375 0.525
vt 0.6875 0.525
vt 0.7375 0.725
vt 0.6375 0.525
vt 0.6375 0.725
vt 0.6875 0.725
vt 0.6875 0.525
vt 0.6375 0.525
vt 0.6875 0.725
vt 0.6875 0.525
vt 0.6875 0.725
vt 0.7375 0.725
vt 0.7375 0.525
vt 0.6875 0.525
vt 0.7375 0.725
vt 0.6375 0.525
vt 0.6375 0.725
vt 0.6875 0.525
vt 0.6375 0.725
vt 0.6875 0.725
vt 0.6875 0.525
vt 0.6875 0.525
vt 0.6875 0.725
vt 0.7375 0.525
vt 0.6875 0.725
vt 0.7375 0.725
vt 0.7375 0.525
vt 0.6375 0.525
vt 0.6375 0.725
vt 0.6875 0.525
vt 0.6375 0.725
vt 0.6875 0.725
vt 0.6875 0.525
vt 0.6875 0.525
vt 0.6875 0.725
vt 0.7375 0.525
vt 0.6875 0.725
vt 0.7375 0.725
vt 0.7375 0.525
vt 0.8125 0.775
vt 0.8125 0.975
vt 0.8375 0.975
vt 0.8375 0.775
vt 0.8125 0.775
vt 0.8375 0.975
vt 0.8375 0.775
vt 0.8375 0.975
vt 0.8625 0.975
vt 0.8625 0.775
vt 0.8375 0.775
vt 0.8625 0.975
vt 0.7625 0.775
vt 0.7625 0.975
vt 0.7875 0.975
vt 0.7875 0.775
vt 0.7625 0.775
vt 0.7875 0.975
vt 0.7875 0.775
vt 0.7875 0.975
vt 0.8125 0.975
vt 0.8125 0.775
vt 0.7875 0.775
vt 0.8125 0.975
vt 0.8125 0.775
vt 0.8125 0.975
vt 0.8375 0.775
vt 0.8125 0.975
vt 0.8375 0.975
vt 0.8375 0.775
vt 0.8375 0.775
vt 0.8375 0.975
vt 0.8625 0.775
vt 0.8375 0.975
vt 0.8625 0.975
vt 0.8625 0.775
vt 0.7625 0.775
vt 0.7625 0.975
vt 0.7875 0.775
vt 0.7625 0.975
vt 0.7875 0.975
vt 0.7875 0.775
vt 0.7875 0.775
vt 0.7875 0.975
vt 0.8125 0.775
vt 0.7875 0.975
vt 0.8125 0.975
vt 0.8125 0.775
vt 0.94792 0.025
vt 0.94792 0.225
vt 0.94792 0.225
vt 0.94792 0.025
vt 0.94792 0.025
vt 0.94792 0.225
vt 0.94792 0.025
vt 0.94792 0.225
vt 0.94792 0.225
vt 0.94792 0.025
vt 0.94792 0.025
vt 0.94792 0.225
vt 0.94792 0.025
vt 0.94792 0.225
vt 0.94792 0.225
vt 0.94792 0.025
vt 0.94792 0.025
vt 0.94792 0.225
vt 0.94792 0.025
vt 0.94792 0.225
vt 0.94792 0.225
vt 0.94792 0.025
vt 0.94792 0.025
vt 0.94792 0.225
vt 0.94792 0.025
vt 0.94792 0.225
vt 0.94792 0.025
vt 0.94792 0.225
vt 0.94792 0.225
vt 0.94792 0.025
vt 0.94792 0.025
vt 0.94792 0.225
vt 0.94792 0.025
vt 0.94792 0.225
vt 0.94792 0.225
vt 0.94792 0.025
vt 0.94792 0.025
vt 0.94792 0.225
vt 0.94792 0.025
vt 0.94792 0.225
vt 0.94792 0.225
vt 0.94792 0.025
vt 0.94792 0.025
vt 0.94792 0.225
vt 0.94792 0.025
vt 0.94792 0.225
vt 0.94792 0.225
vt 0.94792 0.025
vt 0.2625 0.775
vt 0.2625 0.975
vt 0.3625 0.975
vt 0.3625 0.775
vt 0.2625 0.775
vt 0.3625 0.975
vt 0.2625 0.775
vt 0.2625 0.975
vt 0.3625 0.975
vt 0.3625 0.775
vt 0.2625 0.775
vt 0.3625 0.975
vt 0.2625 0.775
vt 0.2625 0.975
vt 0.3625 0.975
vt 0.3625 0.775
vt 0.2625 0.775
vt 0.3625 0.975
vt 0.2625 0.775
vt 0.2625 0.975
vt 0.3625 0.975
vt 0.3625 0.775
vt 0.2625 0.775
vt 0.3625 0.975
vt 0.2625 0.775
vt 0.2625 0.975
vt 0.3625 0.775
vt 0.2625 0.975
vt 0.3625 0.975
vt 0.3625 0.775
vt 0.2625 0.775
vt 0.2625 0.975
vt 0.3625 0.775
vt 0.2625 0.975
vt 0.3625 0.975
vt 0.3625 0.775
vt 0.2625 0.775
vt 0.2625 0.975
vt 0.3625 0.775
vt 0.2625 0.975
vt 0.3625 0.975
vt 0.3625 0.775
vt 0.2625 0.775
vt 0.2625 0.975
vt 0.3625 0.775
vt 0.2625 0.975
vt 0.3625 0.975
vt 0.3625 0.775
vt 0.2625 0.525
vt 0.2625 0.725
vt 0.3125 0.725
vt 0.3125 0.525
vt 0.2625 0.525
vt 0.3125 0.725
vt 0.3125 0.525
vt 0.3125 0.725
vt 0.3625 0.725
vt 0.3625 0.525
vt 0.3125 0.525
vt 0.3625 0.725
vt 0.2625 0.525
vt 0.2625 0.725
vt 0.3125 0.725
vt 0.3125 0.525
vt 0.2625 0.525
vt 0.3125 0.725
vt 0.3125 0.525
vt 0.3125 0.725
vt 0.3625 0.725
vt 0.3625 0.525
vt 0.3125 0.525
vt 0.3625 0.725
vt 0.2625 0.525
vt 0.2625 0.725
vt 0.3125 0.525
vt 0.2625 0.725
vt 0.3125 0.725
vt 0.3125 0.525
vt 0.3125 0.525
vt 0.3125 0.725
vt 0.3625 0.525
vt 0.3125 0.725
vt 0.3625 0.725
vt 0.3625 0.525
vt 0.2625 0.525
vt 0.2625 0.725
vt 0.3125 0.525
vt 0.2625 0.725
vt 0.3125 0.725
vt 0.3125 0.525
vt 0.3125 0.525
vt 0.3125 0.725
vt 0.3625 0.525
vt 0.3125 0.725
vt 0.3625 0.725
vt 0.3625 0.525
vt 0.5125 0.775
vt 0.5125 0.975
vt 0.6125 0.975
vt 0.6125 0.775
vt 0.5125 0.775
vt 0.6125 0.975
vt 0.5125 0.775
vt 0.5125 0.975
vt 0.6125 0.975
vt 0.6125 0.775
vt 0.5125 0.775
vt 0.6125 0.975
vt 0.5125 0.775
vt 0.5125 0.975
vt 0.6125 0.975
vt 0.6125 0.775
vt 0.5125 0.775
vt 0.6125 0.975
vt 0.5125 0.775
vt 0.5125 0.975
vt 0.6125 0.975
vt 0.6125 0.775
vt 0.5125 0.775
vt 0.6125 0.975
vt 0.5125 0.775
vt 0.5125 0.975
vt 0.6125 0.775
vt 0.5125 0.975
vt 0.6125 0.975
vt 0.6125 0.775
vt 0.5125 0.775
vt 0.5125 0.975
vt 0.6125 0.775
vt 0.5125 0.975
vt 0.6125 0.975
vt 0.6125 0.775
vt 0.5125 0.775
vt 0.5125 0.975
vt 0.6125 0.775
vt 0.5125 0.975
vt 0.6125 0.975
vt 0.6125 0.775
vt 0.5125 0.775
vt 0.5125 0.975
vt 0.6125 0.775
vt 0.5125 0.975
vt 0.6125 0.975
vt 0.6125 0.775
vt 0.3875 0.525
vt 0.3875 0.725
vt 0.4375 0.725
vt 0.4375 0.525
vt 0.3875 0.525
vt 0.4375 0.725
vt 0.4375 0.525
vt 0.4375 0.725
vt 0.4875 0.725
vt 0.4875 0.525
vt 0.4375 0.525
vt 0.4875 0.725
vt 0.3875 0.525
vt 0.3875 0.725
vt 0.4375 0.725
vt 0.4375 0.525
vt 0.3875 0.525
vt 0.4375 0.725
vt 0.4375 0.525
vt 0.4375 0.725
vt 0.4875 0.725
vt 0.4875 0.525
vt 0.4375 0.525
vt 0.4875 0.725
vt 0.3875 0.525
vt 0.3875 0.725
vt 0.4375 0.525
vt 0.3875 0.725
vt 0.4375 0.725
vt 0.4375 0.525
vt 0.4375 0.525
vt 0.4375 0.725
vt 0.4875 0.525
vt 0.4375 0.725
vt 0.4875 0.725
vt 0.4875 0.525
vt 0.3875 0.525
vt 0.3875 0.725
vt 0.4375 0.525
vt 0.3875 0.725
vt 0.4375 0.725
vt 0.4375 0.525
vt 0.4375 0.525
vt 0.4375 0.725
vt 0.4875 0.525
vt 0.4375 0.725
vt 0.4875 0.725
vt 0.4875 0.525
vt 0.94792 0.025
vt 0.94792 0.225
vt 0.94792 0.225
vt 0.94792 0.025
vt 0.94792 0.025
vt 0.94792 0.225
vt 0.94792 0.025
vt 0.94792 0.225
vt 0.94792 0.225
vt 0.94792 0.025
vt 0.94792 0.025
vt 0.94792 0.225
vt 0.94792 0.025
vt 0.94792 0.225
vt 0.94792 0.225
vt 0.94792 0.025
vt 0.94792 0.025
vt 0.94792 0.225
vt 0.94792 0.025
vt 0.94792 0.225
vt 0.94792 0.225
vt 0.94792 0.025
vt 0.94792 0.025
vt 0.94792 0.225
vt 0.94792 0.025
vt 0.94792 0.225
vt 0.94792 0.025
vt 0.94792 0.225
vt 0.94792 0.225
vt 0.94792 0.025
vt 0.94792 0.025
vt 0.94792 0.225
vt 0.94792 0.025
vt 0.94792 0.225
vt 0.94792 0.225
vt 0.94792 0.025
vt 0.94792 0.025
vt 0.94792 0.225
vt 0.94792 0.025
vt 0.94792 0.225
vt 0.94792 0.225
vt 0.94792 0.025
vt 0.94792 0.025
vt 0.94792 0.225
vt 0.94792 0.025
vt 0.94792 0.225
vt 0.94792 0.225
vt 0.94792 0.025
vt 0.6375 0.525
vt 0.6375 0.725
vt 0.6875 0.725
vt 0.6875 0.525
vt 0.6375 0.525
vt 0.6875 0.725
vt 0.6875 0.525
vt 0.6875 0.725
vt 0.7375 0.725
vt 0.7375 0.525
vt 0.6875 0.525
vt 0.7375 0.725
vt 0.6375 0.525
vt 0.6375 0.725
vt 0.6875 0.725
vt 0.6875 0.525
vt 0.6375 0.525
vt 0.6875 0.725
vt 0.6875 0.525
vt 0.6875 0.725
vt 0.7375 0.725
vt 0.7375 0.525
vt 0.6875 0.525
vt 0.7375 0.725
vt 0.6375 0.525
vt 0.6375 0.725
vt 0.6875 0.525
vt 0.6375 0.725
vt 0.6875 0.725
vt 0.6875 0.525
vt 0.6875 0.525
vt 0.6875 0.725
vt 0.7375 0.525
vt 0.6875 0.725
vt 0.7375 0.725
vt 0.7375 0.525
vt 0.6375 0.525
vt 0.6375 0.725
vt 0.6875 0.525
vt 0.6375 0.725
vt 0.6875 0.725
vt 0.6875 0.525
vt 0.6875 0.525
vt 0.6875 0.725
vt 0.7375 0.525
vt 0.6875 0.725
vt 0.7375 0.725
vt 0.7375 0.525
vt 0.8125 0.775
vt 0.8125 0.975
vt 0.8375 0.975
vt 0.8375 0.775
vt 0.8125 0.775
vt 0.8375 0.975
vt 0.8375 0.775
vt 0.8375 0.975
vt 0.8625 0.975
vt 0.8625 0.775
vt 0.8375 0.775
vt 0.8625 0.975
vt 0.7625 0.775
vt 0.7625 0.975
vt 0.7875 0.975
vt 0.7875 0.775
vt 0.7625 0.775
vt 0.7875 0.975
vt 0.7875 0.775
vt 0.7875 0.975
vt 0.8125 0.975
vt 0.8125 0.775
vt 0.7875 0.775
vt 0.8125 0.975
vt 0.8125 0.775
vt 0.8125 0.975
vt 0.8375 0.775
vt 0.8125 0.975
vt 0.8375 0.975
vt 0.8375 0.775
vt 0.8375 0.775
vt 0.8375 0.975
vt 0.8625 0.775
vt 0.8375 0.975
vt 0.8625 0.975
vt 0.8625 0.775
vt 0.7625 0.775
vt 0.7625 0.975
vt 0.7875 0.775
vt 0.7625 0.975
vt 0.7875 0.975
vt 0.7875 0.775
vt 0.7875 0.775
vt 0.7875 0.975
vt 0.8125 0.775
vt 0.7875 0.975
vt 0.8125 0.975
vt 0.8125 0.775
vt 0.94792 0.025
vt 0.94792 0.225
vt 0.94792 0.225
vt 0.94792 0.025
vt 0.94792 0.025
vt 0.94792 0.225
vt 0.94792 0.025
vt 0.94792 0.225
vt 0.94792 0.225
vt 0.94792 0.025
vt 0.94792 0.025
vt 0.94792 0.225
vt 0.94792 0.025
vt 0.94792 0.225
vt 0.94792 0.225
vt 0.94792 0.025
vt 0.94792 0.025
vt 0.94792 0.225
vt 0.94792 0.025
vt 0.94792 0.225
vt 0.94792 0.225
vt 0.94792 0.025
vt 0.94792 0.025
vt 0.94792 0.225
vt 0.94792 0.025
vt 0.94792 0.225
vt 0.94792 0.025
vt 0.94792 0.225
vt 0.94792 0.225
vt 0.94792 0.025
vt 0.94792 0.025
vt 0.94792 0.225
vt 0.94792 0.025
vt 0.94792 0.225
vt 0.94792 0.225
vt 0.94792 0.025
vt 0.94792 0.025
vt 0.94792 0.225
vt 0.94792 0.025
vt 0.94792 0.225
vt 0.94792 0.225
vt 0.94792 0.025
vt 0.94792 0.025
vt 0.94792 0.225
vt 0.94792 0.025
vt 0.94792 0.225
vt 0.94792 0.225
vt 0.94792 0.025
vt 0.2625 0.775
vt 0.2625 0.975
vt 0.3625 0.975
vt 0.3625 0.775
vt 0.2625 0.775
vt 0.3625 0.975
vt 0.2625 0.775
vt 0.2625 0.975
vt 0.3625 0.975
vt 0.3625 0.775
vt 0.2625 0.775
vt 0.3625 0.975
vt 0.2625 0.775
vt 0.2625 0.975
vt 0.3625 0.975
vt 0.3625 0.775
vt 0.2625 0.775
vt 0.3625 0.975
vt 0.2625 0.775
vt 0.2625 0.975
vt 0.3625 0.975
vt 0.3625 0.775
vt 0.2625 0.775
vt 0.3625 0.975
vt 0.2625 0.775
vt 0.2625 0.975
vt 0.3625 0.775
vt 0.2625 0.975
vt 0.3625 0.975
vt 0.3625 0.775
vt 0.2625 0.775
vt 0.2625 0.975
vt 0.3625 0.775
vt 0.2625 0.975
vt 0.3625 0.975
vt 0.3625 0.775
vt 0.2625 0.775
vt 0.2625 0.975
vt 0.3625 0.775
vt 0.2625 0.975
vt 0.3625 0.975
vt 0.3625 0.775
vt 0.2625 0.775
vt 0.2625 0.975
vt 0.3625 0.775
vt 0.2625 0.975
vt 0.3625 0.975
vt 0.3625 0.775
vt 0.2625 0.525
vt 0.2625 0.725
vt 0.3125 0.725
vt 0.3125 0.525
vt 0.2625 0.525
vt 0.3125 0.725
vt 0.3125 0.525
vt 0.3125 0.725
vt 0.3625 0.725
vt 0.3625 0.525
vt 0.3125 0.525
vt 0.3625 0.725
vt 0.2625 0.525
vt 0.2625 0.725
vt 0.3125 0.725
vt 0.3125 0.525
vt 0.2625 0.525
vt 0.3125 0.725
vt 0.3125 0.525
vt 0.3125 0.725
vt 0.3625 0.725
vt 0.3625 0.525
vt 0.3125 0.525
vt 0.3625 0.725
vt 0.2625 0.525
vt 0.2625 0.725
vt 0.3125 0.525
vt 0.2625 0.725
vt 0.3125 0.725
vt 0.3125 0.525
vt 0.3125 0.525
vt 0.3125 0.725
vt 0.3625 0.525
vt 0.3125 0.725
vt 0.3625 0.725
vt 0.3625 0.525
vt 0.2625 0.525
vt 0.2625 0.725
vt 0.3125 0.525
vt 0.2625 0.725
vt 0.3125 0.725
vt 0.3125 0.525
vt 0.3125 0.525
vt 0.3125 0.725
vt 0.3625 0.525
vt 0.3125 0.725
vt 0.3625 0.725
vt 0.3625 0.525
vt 0.5125 0.775
vt 0.5125 0.975
vt 0.6125 0.975
vt 0.6125 0.775
vt 0.5125 0.775
vt 0.6125 0.975
vt 0.5125 0.775
vt 0.5125 0.975
vt 0.6125 0.975
vt 0.6125 0.775
vt 0.5125 0.775
vt 0.6125 0.975
vt 0.5125 0.775
vt 0.5125 0.975
vt 0.6125 0.975
vt 0.6125 0.775
vt 0.5125 0.775
vt 0.6125 0.975
vt 0.5125 0.775
vt 0.5125 0.975
vt 0.6125 0.975
vt 0.6125 0.775
vt 0.5125 0.775
vt 0.6125 0.975
vt 0.5125 0.775
vt 0.5125 0.975
vt 0.6125 0.775
vt 0.5125 0.975
vt 0.6125 0.975
vt 0.6125 0.775
vt 0.5125 0.775
vt 0.5125 0.975
vt 0.6125 0.775
vt 0.5125 0.975
vt 0.6125 0.975
vt 0.6125 0.775
vt 0.5125 0.775
vt 0.5125 0.975
vt 0.6125 0.775
vt 0.5125 0.975
vt 0.6125 0.975
vt 0.6125 0.775
vt 0.5125 0.775
vt 0.5125 0.975
vt 0.6125 0.775
vt 0.5125 0.975
vt 0.6125 0.975
vt 0.6125 0.775
vt 0.3875 0.525
vt 0.3875 0.725
vt 0.4375 0.725
vt 0.4375 0.525
vt 0.3875 0.525
vt 0.4375 0.725
vt 0.4375 0.525
vt 0.4375 0.725
vt 0.4875 0.725
vt 0.4875 0.525
vt 0.4375 0.525
vt 0.4875 0.725
vt 0.3875 0.525
vt 0.3875 0.725
vt 0.4375 0.725
vt 0.4375 0.525
vt 0.3875 0.525
vt 0.4375 0.725
vt 0.4375 0.525
vt 0.4375 0.725
vt 0.4875 0.725
vt 0.4875 0.525
vt 0.4375 0.525
vt 0.4875 0.725
vt 0.3875 0.525
vt 0.3875 0.725
vt 0.4375 0.525
vt 0.3875 0.725
vt 0.4375 0.725
vt 0.4375 0.525
vt 0.4375 0.525
vt 0.4375 0.725
vt 0.4875 0.525
vt 0.4375 0.725
vt 0.4875 0.725
vt 0.4875 0.525
vt 0.3875 0.525
vt 0.3875 0.725
vt 0.4375 0.525
vt 0.3875 0.725
vt 0.4375 0.725
vt 0.4375 0.525
vt 0.4375 0.525
vt 0.4375 0.725
vt 0.4875 0.525
vt 0.4375 0.725
vt 0.4875 0.725
vt 0.4875 0.525
vt 0.94792 0.025
vt 0.94792 0.225
vt 0.94792 0.225
vt 0.94792 0.025
vt 0.94792 0.025
vt 0.94792 0.225
vt 0.94792 0.025
vt 0.94792 0.225
vt 0.94792 0.225
vt 0.94792 0.025
vt 0.94792 0.025
vt 0.94792 0.225
vt 0.94792 0.025
vt 0.94792 0.225
vt 0.94792 0.225
vt 0.94792 0.025
vt 0.94792 0.025
vt 0.94792 0.225
vt 0.94792 0.025
vt 0.94792 0.225
vt 0.94792 0.225
vt 0.94792 0.025
vt 0.94792 0.025
vt 0.94792 0.225
vt 0.94792 0.025
vt 0.94792 0.225
vt 0.94792 0.025
vt 0.94792 0.225
vt 0.94792 0.225
vt 0.94792 0.025
vt 0.94792 0.025
vt 0.94792 0.225
vt 0.94792 0.025
vt 0.94792 0.225
vt 0.94792 0.225
vt 0.94792 0.025
vt 0.94792 0.025
vt 0.94792 0.225
vt 0.94792 0.025
vt 0.94792 0.225
vt 0.94792 0.225
vt 0.94792 0.025
vt 0.94792 0.025
vt 0.94792 0.225
vt 0.94792 0.025
vt 0.94792 0.225
vt 0.94792 0.225
vt 0.94792 0.025
vt 0.6375 0.525
vt 0.6375 0.725
vt 0.6875 0.725
vt 0.6875 0.525
vt 0.6375 0.525
vt 0.6875 0.725
vt 0.6875 0.525
vt 0.6875 0.725
vt 0.7375 0.725
vt 0.7375 0.525
vt 0.6875 0.525
vt 0.7375 0.725
vt 0.6375 0.525
vt 0.6375 0.725
vt 0.6875 0.725
vt 0.6875 0.525
vt 0.6375 0.525
vt 0.6875 0.725
vt 0.6875 0.525
vt 0.6875 0.725
vt 0.7375 0.725
vt 0.7375 0.525
vt 0.6875 0.525
vt 0.7375 0.725
vt 0.6375 0.525
vt 0.6375 0.725
vt 0.6875 0.525
vt 0.6375 0.725
vt 0.6875 0.725
vt 0.6875 0.525
vt 0.6875 0.525
vt 0.6875 0.725
vt 0.7375 0.525
vt 0.6875 0.725
vt 0.7375 0.725
vt 0.7375 0.525
vt 0.6375 0.525
vt 0.6375 0.725
vt 0.6875 0.525
vt 0.6375 0.725
vt 0.6875 0.725
vt 0.6875 0.525
vt 0.6875 0.525
vt 0.6875 0.725
vt 0.7375 0.525
vt 0.6875 0.725
vt 0.7375 0.725
vt 0.7375 0.525
vt 0.8125 0.775
vt 0.8125 0.975
vt 0.8375 0.975
vt 0.8375 0.775
vt 0.8125 0.775
vt 0.8375 0.975
vt 0.8375 0.775
vt 0.8375 0.975
vt 0.8625 0.975
vt 0.8625 0.775
vt 0.8375 0.775
vt 0.8625 0.975
vt 0.7625 0.775
vt 0.7625 0.975
vt 0.7875 0.975
vt 0.7875 0.775
vt 0.7625 0.775
vt 0.7875 0.975
vt 0.7875 0.775
vt 0.7875 0.975
vt 0.8125 0.975
vt 0.8125 0.775
vt 0.7875 0.775
vt 0.8125 0.975
vt 0.8125 0.775
vt 0.8125 0.975
vt 0.8375 0.775
vt 0.8125 0.975
vt 0.8375 0.975
vt 0.8375 0.775
vt 0.8375 0.775
vt 0.8375 0.975
vt 0.8625 0.775
vt 0.8375 0.975
vt 0.8625 0.975
vt 0.8625 0.775
vt 0.7625 0.775
vt 0.7625 0.975
vt 0.7875 0.775
vt 0.7625 0.975
vt 0.7875 0.975
vt 0.7875 0.775
vt 0.7875 0.775
vt 0.7875 0.975
vt 0.8125 0.775
vt 0.7875 0.975
vt 0.8125 0.975
vt 0.8125 0.775
vt 0.94792 0.025
vt 0.94792 0.225
vt 0.94792 0.225
vt 0.94792 0.025
vt 0.94792 0.025
vt 0.94792 0.225
vt 0.94792 0.025
vt 0.94792 0.225
vt 0.94792 0.225
vt 0.94792 0.025
vt 0.94792 0.025
vt 0.94792 0.225
vt 0.94792 0.025
vt 0.94792 0.225
vt 0.94792 0.225
vt 0.94792 0.025
vt 0.94792 0.025
vt 0.94792 0.225
vt 0.94792 0.025
vt 0.94792 0.225
vt 0.94792 0.225
vt 0.94792 0.025
vt 0.94792 0.025
vt 0.94792 0.225
vt 0.94792 0.025
vt 0.94792 0.225
vt 0.94792 0.025
vt 0.94792 0.225
vt 0.94792 0.225
vt 0.94792 0.025
vt 0.94792 0.025
vt 0.94792 0.225
vt 0.94792 0.025
vt 0.94792 0.225
vt 0.94792 0.225
vt 0.94792 0.025
vt 0.94792 0.025
vt 0.94792 0.225
vt 0.94792 0.025
vt 0.94792 0.225
vt 0.94792 0.225
vt 0.94792 0.025
vt 0.94792 0.025
vt 0.94792 0.225
vt 0.94792 0.025
vt 0.94792 0.225
vt 0.94792 0.225
vt 0.94792 0.025
vt 0.2625 0.775
vt 0.2625 0.975
vt 0.3625 0.975
vt 0.3625 0.775
vt 0.2625 0.775
vt 0.3625 0.975
vt 0.2625 0.775
vt 0.2625 0.975
vt 0.3625 0.975
vt 0.3625 0.775
vt 0.2625 0.775
vt 0.3625 0.975
vt 0.2625 0.775
vt 0.2625 0.975
vt 0.3625 0.975
vt 0.3625 0.775
vt 0.2625 0.775
vt 0.3625 0.975
vt 0.2625 0.775
vt 0.2625 0.975
vt 0.3625 0.975
vt 0.3625 0.775
vt 0.2625 0.775
vt 0.3625 0.975
vt 0.2625 0.775
vt 0.2625 0.975
vt 0.3625 0.775
vt 0.2625 0.975
vt 0.3625 0.975
vt 0.3625 0.775
vt 0.2625 0.775
vt 0.2625 0.975
vt 0.3625 0.775
vt 0.2625 0.975
vt 0.3625 0.975
vt 0.3625 0.775
vt 0.2625 0.775
vt 0.2625 0.975
vt 0.3625 0.775
vt 0.2625 0.975
vt 0.3625 0.975
vt 0.3625 0.775
vt 0.2625 0.775
vt 0.2625 0.975
vt 0.3625 0.775
vt 0.2625 0.975
vt 0.3625 0.975
vt 0.3625 0.775
vt 0.2625 0.525
vt 0.2625 0.725
vt 0.3125 0.725
vt 0.3125 0.525
vt 0.2625 0.525
vt 0.3125 0.725
vt 0.3125 0.525
vt 0.3125 0.725
vt 0.3625 0.725
vt 0.3625 0.525
vt 0.3125 0.525
vt 0.3625 0.725
vt 0.2625 0.525
vt 0.2625 0.725
vt 0.3125 0.725
vt 0.3125 0.525
vt 0.2625 0.525
vt 0.3125 0.725
vt 0.3125 0.525
vt 0.3125 0.725
vt 0.3625 0.725
vt 0.3625 0.525
vt 0.3125 0.525
vt 0.3625 0.725
vt 0.2625 0.525
vt 0.2625 0.725
vt 0.3125 0.525
vt 0.2625 0.725
vt 0.3125 0.725
vt 0.3125 0.525
vt 0.3125 0.525
vt 0.3125 0.725
vt 0.3625 0.525
vt 0.3125 0.725
vt 0.3625 0.725
vt 0.3625 0.525
vt 0.2625 0.525
vt 0.2625 0.725
vt 0.3125 0.525
vt 0.2625 0.725
vt 0.3125 0.725
vt 0.3125 0.525
vt 0.3125 0.525
vt 0.3125 0.725
vt 0.3625 0.525
vt 0.3125 0.725
vt 0.3625 0.725
vt 0.3625 0.525
vt 0.5125 0.775
vt 0.5125 0.975
vt 0.6125 0.975
vt 0.6125 0.775
vt 0.5125 0.775
vt 0.6125 0.975
vt 0.5125 0.775
vt 0.5125 0.975
vt 0.6125 0.975
vt 0.6125 0.775
vt 0.5125 0.775
vt 0.6125 0.975
vt 0.5125 0.775
vt 0.5125 0.975
vt 0.6125 0.975
vt 0.6125 0.775
vt 0.5125 0.775
vt 0.6125 0.975
vt 0.5125 0.775
vt 0.5125 0.975
vt 0.6125 0.975
vt 0.6125 0.775
vt 0.5125 0.775
vt 0.6125 0.975
vt 0.5125 0.775
vt 0.5125 0.975
vt 0.6125 0.775
vt 0.5125 0.975
vt 0.6125 0.975
vt 0.6125 0.775
vt 0.5125 0.775
vt 0.5125 0.975
vt 0.6125 0.775
vt 0.5125 0.975
vt 0.6125 0.975
vt 0.6125 0.775
vt 0.5125 0.775
vt 0.5125 0.975
vt 0.6125 0.775
vt 0.5125 0.975
vt 0.6125 0.975
vt 0.6125 0.775
vt 0.5125 0.775
vt 0.5125 0.975
vt 0.6125 0.775
vt 0.5125 0.975
vt 0.6125 0.975
vt 0.6125 0.775
vt 0.3875 0.525
vt 0.3875 0.725
vt 0.4375 0.725
vt 0.4375 0.525
vt 0.3875 0.525
vt 0.4375 0.725
vt 0.4375 0.525
vt 0.4375 0.725
vt 0.4875 0.725
vt 0.4875 0.525
vt 0.4375 0.525
vt 0.4875 0.725
vt 0.3875 0.525
vt 0.3875 0.725
vt 0.4375 0.725
vt 0.4375 0.525
vt 0.3875 0.525
vt 0.4375 0.725
vt 0.4375 0.525
vt 0.4375 0.725
vt 0.4875 0.725
vt 0.4875 0.525
vt 0.4375 0.525
vt 0.4875 0.725
vt 0.3875 0.525
vt 0.3875 0.725
vt 0.4375 0.525
vt 0.3875 0.725
vt 0.4375 0.725
vt 0.4375 0.525
vt 0.4375 0.525
vt 0.4375 0.725
vt 0.4875 0.525
vt 0.4375 0.725
vt 0.4875 0.725
vt 0.4875 0.525
vt 0.3875 0.525
vt 0.3875 0.725
vt 0.4375 0.525
vt 0.3875 0.725
vt 0.4375 0.725
vt 0.4375 0.525
vt 0.4375 0.525
vt 0.4375 0.725
vt 0.4875 0.525
vt 0.4375 0.725
vt 0.4875 0.725
vt 0.4875 0.525
vt 0.94792 0.025
vt 0.94792 0.225
vt 0.94792 0.225
vt 0.94792 0.025
vt 0.94792 0.025
vt 0.94792 0.225
vt 0.94792 0.025
vt 0.94792 0.225
vt 0.94792 0.225
vt 0.94792 0.025
vt 0.94792 0.025
vt 0.94792 0.225
vt 0.94792 0.025
vt 0.94792 0.225
vt 0.94792 0.225
vt 0.94792 0.025
vt 0.94792 0.025
vt 0.94792 0.225
vt 0.94792 0.025
vt 0.94792 0.225
vt 0.94792 0.225
vt 0.94792 0.025
vt 0.94792 0.025
vt 0.94792 0.225
vt 0.94792 0.025
vt 0.94792 0.225
vt 0.94792 0.025
vt 0.94792 0.225
vt 0.94792 0.225
vt 0.94792 0.025
vt 0.94792 0.025
vt 0.94792 0.225
vt 0.94792 0.025
vt 0.94792 0.225
vt 0.94792 0.225
vt 0.94792 0.025
vt 0.94792 0.025
vt 0.94792 0.225
vt 0.94792 0.025
vt 0.94792 0.225
vt 0.94792 0.225
vt 0.94792 0.025
vt 0.94792 0.025
vt 0.94792 0.225
vt 0.94792 0.025
vt 0.94792 0.225
vt 0.94792 0.225
vt 0.94792 0.025
vt 0.6375 0.525
vt 0.6375 0.725
vt 0.6875 0.725
vt 0.6875 0.525
vt 0.6375 0.525
vt 0.6875 0.725
vt 0.6875 0.525
vt 0.6875 0.725
vt 0.7375 0.725
vt 0.7375 0.525
vt 0.6875 0.525
vt 0.7375 0.725
vt 0.6375 0.525
vt 0.6375 0.725
vt 0.6875 0.725
vt 0.6875 0.525
vt 0.6375 0.525
vt 0.6875 0.725
vt 0.6875 0.525
vt 0.6875 0.725
vt 0.7375 0.725
vt 0.7375 0.525
vt 0.6875 0.525
vt 0.7375 0.725
vt 0.6375 0.525
vt 0.6375 0.725
vt 0.6875 0.525
vt 0.6375 0.725
vt 0.6875 0.725
vt 0.6875 0.525
vt 0.6875 0.525
vt 0.6875 0.725
vt 0.7375 0.525
vt 0.6875 0.725
vt 0.7375 0.725
vt 0.7375 0.525
vt 0.6375 0.525
vt 0.6375 0.725
vt 0.6875 0.525
vt 0.6375 0.725
vt 0.6875 0.725
vt 0.6875 0.525
vt 0.6875 0.525
vt 0.6875 0.725
vt 0.7375 0.525
vt 0.6875 0.725
vt 0.7375 0.725
vt 0.7375 0.525
vt 0.94792 0.025
vt 0.94792 0.225
vt 0.94792 0.225
vt 0.94792 0.025
vt 0.94792 0.025
vt 0.94792 0.225
vt 0.94792 0.025
vt 0.94792 0.225
vt 0.94792 0.225
vt 0.94792 0.025
vt 0.94792 0.025
vt 0.94792 0.225
vt 0.94792 0.025
vt 0.94792 0.225
vt 0.94792 0.025
vt 0.94792 0.225
vt 0.94792 0.225
vt 0.94792 0.025
vt 0.94792 0.025
vt 0.94792 0.225
vt 0.94792 0.025
vt 0.94792 0.225
vt 0.94792 0.225
vt 0.94792 0.025
vt 0.6375 0.525
vt 0.6375 0.725
vt 0.7375 0.725
vt 0.7375 0.525
vt 0.6375 0.525
vt 0.7375 0.725
vt 0.6375 0.525
vt 0.6375 0.725
vt 0.7375 0.725
vt 0.7375 0.525
vt 0.6375 0.525
vt 0.7375 0.725
vt 0.6375 0.525
vt 0.6375 0.725
vt 0.7375 0.525
vt 0.6375 0.725
vt 0.7375 0.725
vt 0.7375 0.525
vt 0.6375 0.525
vt 0.6375 0.725
vt 0.7375 0.525
vt 0.6375 0.725
vt 0.7375 0.725
vt 0.7375 0.525
vt 0.3875 0.525
vt 0.3875 0.725
vt 0.4875 0.725
vt 0.4875 0.525
vt 0.3875 0.525
vt 0.4875 0.725
vt 0.3875 0.525
vt 0.3875 0.725
vt 0.4875 0.725
vt 0.4875 0.525
vt 0.3875 0.525
vt 0.4875 0.725
vt 0.3875 0.525
vt 0.3875 0.725
vt 0.4875 0.525
vt 0.3875 0.725
vt 0.4875 0.725
vt 0.4875 0.525
vt 0.3875 0.525
vt 0.3875 0.725
vt 0.4875 0.525
vt 0.3875 0.725
vt 0.4875 0.725
vt 0.4875 0.525
vt 0.3875 0.775
vt 0.3875 0.975
vt 0.4875 0.975
vt 0.4875 0.775
vt 0.3875 0.775
vt 0.4875 0.975
vt 0.3875 0.775
vt 0.3875 0.975
vt 0.4875 0.975
vt 0.4875 0.775
vt 0.3875 0.775
vt 0.4875 0.975
vt 0.3875 0.775
vt 0.3875 0.975
vt 0.4875 0.775
vt 0.3875 0.975
vt 0.4875 0.975
vt 0.4875 0.775
vt 0.3875 0.775
vt 0.3875 0.975
vt 0.4875 0.775
vt 0.3875 0.975
vt 0.4875 0.975
vt 0.4875 0.775
vt 0.2625 0.525
vt 0.2625 0.725
vt 0.3625 0.725
vt 0.3625 0.525
vt 0.2625 0.525
vt 0.3625 0.725
vt 0.2625 0.525
vt 0.2625 0.725
vt 0.3625 0.725
vt 0.3625 0.525
vt 0.2625 0.525
vt 0.3625 0.725
vt 0.2625 0.525
vt 0.2625 0.725
vt 0.3625 0.525
vt 0.2625 0.725
vt 0.3625 0.725
vt 0.3625 0.525
vt 0.2625 0.525
vt 0.2625 0.725
vt 0.3625 0.525
vt 0.2625 0.725
vt 0.3625 0.725
vt 0.3625 0.525
vt 0.2625 0.775
vt 0.2625 0.975
vt 0.3625 0.975
vt 0.3625 0.775
vt 0.2625 0.775
vt 0.3625 0.975
vt 0.2625 0.775
vt 0.2625 0.975
vt 0.3625 0.975
vt 0.3625 0.775
vt 0.2625 0.775
vt 0.3625 0.975
vt 0.2625 0.775
vt 0.2625 0.975
vt 0.3625 0.775
vt 0.2625 0.975
vt 0.3625 0.975
vt 0.3625 0.775
vt 0.2625 0.775
vt 0.2625 0.975
vt 0.3625 0.775
vt 0.2625 0.975
vt 0.3625 0.975
vt 0.3625 0.775
vt 0.0125 0.525
vt 0.0125 0.725
vt 0.1125 0.725
vt 0.1125 0.525
vt 0.0125 0.525
vt 0.1125 0.725
vt 0.0125 0.525
vt 0.0125 0.725
vt 0.1125 0.725
vt 0.1125 0.525
vt 0.0125 0.525
vt 0.1125 0.725
vt 0.0125 0.525
vt 0.0125 0.725
vt 0.1125 0.525
vt 0.0125 0.725
vt 0.1125 0.725
vt 0.1125 0.525
vt 0.0125 0.525
vt 0.0125 0.725
vt 0.1125 0.525
vt 0.0125 0.725
vt 0.1125 0.725
vt 0.1125 0.525
vt 0.94792 0.025
vt 0.94792 0.225
vt 0.94792 0.225
vt 0.94792 0.025
vt 0.94792 0.025
vt 0.94792 0.225
vt 0.94792 0.025
vt 0.94792 0.225
vt 0.94792 0.225
vt 0.94792 0.025
vt 0.94792 0.025
vt 0.94792 0.225
vt 0.94792 0.025
vt 0.94792 0.225
vt 0.94792 0.025
vt 0.94792 0.225
vt 0.94792 0.225
vt 0.94792 0.025
vt 0.94792 0.025
vt 0.94792 0.225
vt 0.94792 0.025
vt 0.94792 0.225
vt 0.94792 0.225
vt 0.94792 0.025
vt 0.1375 0.275
vt 0.1375 0.475
vt 0.2375 0.475
vt 0.2375 0.275
vt 0.1375 0.275
vt 0.2375 0.475
vt 0.1375 0.275
vt 0.1375 0.475
vt 0.2375 0.475
vt 0.2375 0.275
vt 0.1375 0.275
vt 0.2375 0.475
vt 0.1375 0.275
vt 0.1375 0.475
vt 0.2375 0.275
vt 0.1375 0.475
vt 0.2375 0.475
vt 0.2375 0.275
vt 0.1375 0.275
vt 0.1375 0.475
vt 0.2375 0.275
vt 0.1375 0.475
vt 0.2375 0.475
vt 0.2375 0.275
vt 0.94792 0.025
vt 0.94792 0.225
vt 0.94792 0.225
vt 0.94792 0.025
vt 0.94792 0.025
vt 0.94792 0.225
vt 0.94792 0.025
vt 0.94792 0.225
vt 0.94792 0.225
vt 0.94792 0.025
vt 0.94792 0.025
vt 0.94792 0.225
vt 0.94792 0.025
vt 0.94792 0.225
vt 0.94792 0.025
vt 0.94792 0.225
vt 0.94792 0.225
vt 0.94792 0.025
vt 0.94792 0.025
vt 0.94792 0.225
vt 0.94792 0.025
vt 0.94792 0.225
vt 0.94792 0.225
vt 0.94792 0.025
vt 0.6375 0.525
vt 0.6375 0.725
vt 0.7375 0.725
vt 0.7375 0.525
vt 0.6375 0.525
vt 0.7375 0.725
vt 0.6375 0.525
vt 0.6375 0.725
vt 0.7375 0.725
vt 0.7375 0.525
vt 0.6375 0.525
vt 0.7375 0.725
vt 0.6375 0.525
vt 0.6375 0.725
vt 0.7375 0.525
vt 0.6375 0.725
vt 0.7375 0.725
vt 0.7375 0.525
vt 0.6375 0.525
vt 0.6375 0.725
vt 0.7375 0.525
vt 0.6375 0.725
vt 0.7375 0.725
vt 0.7375 0.525
vt 0.3875 0.525
vt 0.3875 0.725
vt 0.4875 0.725
vt 0.4875 0.525
vt 0.3875 0.525
vt 0.4875 0.725
vt 0.3875 0.525
vt 0.3875 0.725
vt 0.4875 0.725
vt 0.4875 0.525
vt 0.3875 0.525
vt 0.4875 0.725
vt 0.3875 0.525
vt 0.3875 0.725
vt 0.4875 0.525
vt 0.3875 0.725
vt 0.4875 0.725
vt 0.4875 0.525
vt 0.3875 0.525
vt 0.3875 0.725
vt 0.4875 0.525
vt 0.3875 0.725
vt 0.4875 0.725
vt 0.4875 0.525
vt 0.3875 0.775
vt 0.3875 0.975
vt 0.4875 0.975
vt 0.4875 0.775
vt 0.3875 0.775
vt 0.4875 0.975
vt 0.3875 0.775
vt 0.3875 0.975
vt 0.4875 0.975
vt 0.4875 0.775
vt 0.3875 0.775
vt 0.4875 0.975
vt 0.3875 0.775
vt 0.3875 0.975
vt 0.4875 0.775
vt 0.3875 0.975
vt 0.4875 0.975
vt 0.4875 0.775
vt 0.3875 0.775
vt 0.3875 0.975
vt 0.4875 0.775
vt 0.3875 0.975
vt 0.4875 0.975
vt 0.4875 0.775
vt 0.2625 0.525
vt 0.2625 0.725
vt 0.3625 0.725
vt 0.3625 0.525
vt 0.2625 0.525
vt 0.3625 0.725
vt 0.2625 0.525
vt 0.2625 0.725
vt 0.3625 0.725
vt 0.3625 0.525
vt 0.2625 0.525
vt 0.3625 0.725
vt 0.2625 0.525
vt 0.2625 0.725
vt 0.3625 0.525
vt 0.2625 0.725
vt 0.3625 0.725
vt 0.3625 0.525
vt 0.2625 0.525
vt 0.2625 0.725
vt 0.3625 0.525
vt 0.2625 0.725
vt 0.3625 0.725
vt 0.3625 0.525
vt 0.2625 0.775
vt 0.2625 0.975
vt 0.3625 0.975
vt 0.3625 0.775
vt 0.2625 0.775
vt 0.3625 0.975
vt 0.2625 0.775
vt 0.2625 0.975
vt 0.3625 0.975
vt 0.3625 0.775
vt 0.2625 0.775
vt 0.3625 0.975
vt 0.2625 0.775
vt 0.2625 0.975
vt 0.3625 0.775
vt 0.2625 0.975
vt 0.3625 0.975
vt 0.3625 0.775
vt 0.2625 0.775
vt 0.2625 0.975
vt 0.3625 0.775
vt 0.2625 0.975
vt 0.3625 0.975
vt 0.3625 0.775
vt 0.0125 0.525
vt 0.0125 0.725
vt 0.1125 0.725
vt 0.1125 0.525
vt 0.0125 0.525
vt 0.1125 0.725
vt 0.0125 0.525
vt 0.0125 0.725
vt 0.1125 0.725
vt 0.1125 0.525
vt 0.0125 0.525
vt 0.1125 0.725
vt 0.0125 0.525
vt 0.0125 0.725
vt 0.1125 0.525
vt 0.0125 0.725
vt 0.1125 0.725
vt 0.1125 0.525
vt 0.0125 0.525
vt 0.0125 0.725
vt 0.1125 0.525
vt 0.0125 0.725
vt 0.1125 0.725
vt 0.1125 0.525
vt 0.94792 0.025
vt 0.94792 0.225
vt 0.94792 0.225
vt 0.94792 0.025
vt 0.94792 0.025
vt 0.94792 0.225
vt 0.94792 0.025
vt 0.94792 0.225
vt 0.94792 0.225
vt 0.94792 0.025
vt 0.94792 0.025
vt 0.94792 0.225
vt 0.94792 0.025
vt 0.94792 0.225
vt 0.94792 0.025
vt 0.94792 0.225
vt 0.94792 0.225
vt 0.94792 0.025
vt 0.94792 0.025
vt 0.94792 0.225
vt 0.94792 0.025
vt 0.94792 0.225
vt 0.94792 0.225
vt 0.94792 0.025
vt 0.1375 0.275
vt 0.1375 0.475
vt 0.2375 0.475
vt 0.2375 0.275
vt 0.1375 0.275
vt 0.2375 0.475
vt 0.1375 0.275
vt 0.1375 0.475
vt 0.2375 0.475
vt 0.2375 0.275
vt 0.1375 0.275
vt 0.2375 0.475
vt 0.1375 0.275
vt 0.1375 0.475
vt 0.2375 0.275
vt 0.1375 0.475
vt 0.2375 0.475
vt 0.2375 0.275
vt 0.1375 0.275
vt 0.1375 0.475
vt 0.2375 0.275
vt 0.1375 0.475
vt 0.2375 0.475
vt 0.2375 0.275
vt 0.94792 0.025
vt 0.94792 0.225
vt 0.94792 0.225
vt 0.94792 0.025
vt 0.94792 0.025
vt 0.94792 0.225
vt 0.94792 0.025
vt 0.94792 0.225
vt 0.94792 0.225
vt 0.94792 0.025
vt 0.94792 0.025
vt 0.94792 0.225
vt 0.94792 0.025
vt 0.94792 0.225
vt 0.94792 0.025
vt 0.94792 0.225
vt 0.94792 0.225
vt 0.94792 0.025
vt 0.94792 0.025
vt 0.94792 0.225
vt 0.94792 0.025
vt 0.94792 0.225
vt 0.94792 0.225
vt 0.94792 0.025
vt 0.6375 0.525
vt 0.6375 0.725
vt 0.7375 0.725
vt 0.7375 0.525
vt 0.6375 0.525
vt 0.7375 0.725
vt 0.6375 0.525
vt 0.6375 0.725
vt 0.7375 0.725
vt 0.7375 0.525
vt 0.6375 0.525
vt 0.7375 0.725
vt 0.6375 0.525
vt 0.6375 0.725
vt 0.7375 0.525
vt 0.6375 0.725
vt 0.7375 0.725
vt 0.7375 0.525
vt 0.6375 0.525
vt 0.6375 0.725
vt 0.7375 0.525
vt 0.6375 0.725
vt 0.7375 0.725
vt 0.7375 0.525
vt 0.3875 0.525
vt 0.3875 0.725
vt 0.4875 0.725
vt 0.4875 0.525
vt 0.3875 0.525
vt 0.4875 0.725
vt 0.3875 0.525
vt 0.3875 0.725
vt 0.4875 0.725
vt 0.4875 0.525
vt 0.3875 0.525
vt 0.4875 0.725
vt 0.3875 0.525
vt 0.3875 0.725
vt 0.4875 0.525
vt 0.3875 0.725
vt 0.4875 0.725
vt 0.4875 0.525
vt 0.3875 0.525
vt 0.3875 0.725
vt 0.4875 0.525
vt 0.3875 0.725
vt 0.4875 0.725
vt 0.4875 0.525
vt 0.3875 0.775
vt 0.3875 0.975
vt 0.4875 0.975
vt 0.4875 0.775
vt 0.3875 0.775
vt 0.4875 0.975
vt 0.3875 0.775
vt 0.3875 0.975
vt 0.4875 0.975
vt 0.4875 0.775
vt 0.3875 0.775
vt 0.4875 0.975
vt 0.3875 0.775
vt 0.3875 0.975
vt 0.4875 0.775
vt 0.3875 0.975
vt 0.4875 0.975
vt 0.4875 0.775
vt 0.3875 0.775
vt 0.3875 0.975
vt 0.4875 0.775
vt 0.3875 0.975
vt 0.4875 0.975
vt 0.4875 0.775
vt 0.2625 0.525
vt 0.2625 0.725
vt 0.3625 0.725
vt 0.3625 0.525
vt 0.2625 0.525
vt 0.3625 0.725
vt 0.2625 0.525
vt 0.2625 0.725
vt 0.3625 0.725
vt 0.3625 0.525
vt 0.2625 0.525
vt 0.3625 0.725
vt 0.2625 0.525
vt 0.2625 0.725
vt 0.3625 0.525
vt 0.2625 0.725
vt 0.3625 0.725
vt 0.3625 0.525
vt 0.2625 0.525
vt 0.2625 0.725
vt 0.3625 0.525
vt 0.2625 0.725
vt 0.3625 0.725
vt 0.3625 0.525
vt 0.2625 0.775
vt 0.2625 0.975
vt 0.3625 0.975
vt 0.3625 0.775
vt 0.2625 0.775
vt 0.3625 0.975
vt 0.2625 0.775
vt 0.2625 0.975
vt 0.3625 0.975
vt 0.3625 0.775
vt 0.2625 0.775
vt 0.3625 0.975
vt 0.2625 0.775
vt 0.2625 0.975
vt 0.3625 0.775
vt 0.2625 0.975
vt 0.3625 0.975
vt 0.3625 0.775
vt 0.2625 0.775
vt 0.2625 0.975
vt 0.3625 0.775
vt 0.2625 0.975
vt 0.3625 0.975
vt 0.3625 0.775
vt 0.0125 0.525
vt 0.0125 0.725
vt 0.1125 0.725
vt 0.1125 0.525
vt 0.0125 0.525
vt 0.1125 0.725
vt 0.0125 0.525
vt 0.0125 0.725
vt 0.1125 0.725
vt 0.1125 0.525
vt 0.0125 0.525
vt 0.1125 0.725
vt 0.0125 0.525
vt 0.0125 0.725
vt 0.1125 0.525
vt 0.0125 0.725
vt 0.1125 0.725
vt 0.1125 0.525
vt 0.0125 0.525
vt 0.0125 0.725
vt 0.1125 0.525
vt 0.0125 0.725
vt 0.1125 0.725
vt 0.1125 0.525
vt 0.94792 0.025
vt 0.94792 0.225
vt 0.94792 0.225
vt 0.94792 0.025
vt 0.94792 0.025
vt 0.94792 0.225
vt 0.94792 0.025
vt 0.94792 0.225
vt 0.94792 0.225
vt 0.94792 0.025
vt 0.94792 0.025
vt 0.94792 0.225
vt 0.94792 0.025
vt 0.94792 0.225
vt 0.94792 0.025
vt 0.94792 0.225
vt 0.94792 0.225
vt 0.94792 0.025
vt 0.94792 0.025
vt 0.94792 0.225
vt 0.94792 0.025
vt 0.94792 0.225
vt 0.94792 0.225
vt 0.94792 0.025
vt 0.1375 0.275
vt 0.1375 0.475
vt 0.2375 0.475
vt 0.2375 0.275
vt 0.1375 0.275
vt 0.2375 0.475
vt 0.1375 0.275
vt 0.1375 0.475
vt 0.2375 0.475
vt 0.2375 0.275
vt 0.1375 0.275
vt 0.2375 0.475
vt 0.1375 0.275
vt 0.1375 0.475
vt 0.2375 0.275
vt 0.1375 0.475
vt 0.2375 0.475
vt 0.2375 0.275
vt 0.1375 0.275
vt 0.1375 0.475
vt 0.2375 0.275
vt 0.1375 0.475
vt 0.2375 0.475
vt 0.2375 0.275
vt 0.94792 0.025
vt 0.94792 0.225
vt 0.94792 0.225
vt 0.94792 0.025
vt 0.94792 0.025
vt 0.94792 0.225
vt 0.94792 0.025
vt 0.94792 0.225
vt 0.94792 0.225
vt 0.94792 0.025
vt 0.94792 0.025
vt 0.94792 0.225
vt 0.94792 0.025
vt 0.94792 0.225
vt 0.94792 0.025
vt 0.94792 0.225
vt 0.94792 0.225
vt 0.94792 0.025
vt 0.94792 0.025
vt 0.94792 0.225
vt 0.94792 0.025
vt 0.94792 0.225
vt 0.94792 0.225
vt 0.94792 0.025
vt 0.6375 0.525
vt 0.6375 0.725
vt 0.7375 0.725
vt 0.7375 0.525
vt 0.6375 0.525
vt 0.7375 0.725
vt 0.6375 0.525
vt 0.6375 0.725
vt 0.7375 0.725
vt 0.7375 0.525
vt 0.6375 0.525
vt 0.7375 0.725
vt 0.6375 0.525
vt 0.6375 0.725
vt 0.7375 0.525
vt 0.6375 0.725
vt 0.7375 0.725
vt 0.7375 0.525
vt 0.6375 0.525
vt 0.6375 0.725
vt 0.7375 0.525
vt 0.6375 0.725
vt 0.7375 0.725
vt 0.7375 0.525
vt 0.3875 0.525
vt 0.3875 0.725
vt 0.4875 0.725
vt 0.4875 0.525
vt 0.3875 0.525
vt 0.4875 0.725
vt 0.3875 0.525
vt 0.3875 0.725
vt 0.4875 0.725
vt 0.4875 0.525
vt 0.3875 0.525
vt 0.4875 0.725
vt 0.3875 0.525
vt 0.3875 0.725
vt 0.4875 0.525
vt 0.3875 0.725
vt 0.4875 0.725
vt 0.4875 0.525
vt 0.3875 0.525
vt 0.3875 0.725
vt 0.4875 0.525
vt 0.3875 0.725
vt 0.4875 0.725
vt 0.4875 0.525
vt 0.3875 0.775
vt 0.3875 0.975
vt 0.4875 0.975
vt 0.4875 0.775
vt 0.3875 0.775
vt 0.4875 0.975
vt 0.3875 0.775
vt 0.3875 0.975
vt 0.4875 0.975
vt 0.4875 0.775
vt 0.3875 0.775
vt 0.4875 0.975
vt 0.3875 0.775
vt 0.3875 0.975
vt 0.4875 0.775
vt 0.3875 0.975
vt 0.4875 0.975
vt 0.4875 0.775
vt 0.3875 0.775
vt 0.3875 0.975
vt 0.4875 0.775
vt 0.3875 0.975
vt 0.4875 0.975
vt 0.4875 0.775
vt 0.2625 0.525
vt 0.2625 0.725
vt 0.3625 0.725
vt 0.3625 0.525
vt 0.2625 0.525
vt 0.3625 0.725
vt 0.2625 0.525
vt 0.2625 0.725
vt 0.3625 0.725
vt 0.3625 0.525
vt 0.2625 0.525
vt 0.3625 0.725
vt 0.2625 0.525
vt 0.2625 0.725
vt 0.3625 0.525
vt 0.2625 0.725
vt 0.3625 0.725
vt 0.3625 0.525
vt 0.2625 0.525
vt 0.2625 0.725
vt 0.3625 0.525
vt 0.2625 0.725
vt 0.3625 0.725
vt 0.3625 0.525
vt 0.2625 0.775
vt 0.2625 0.975
vt 0.3625 0.975
vt 0.3625 0.775
vt 0.2625 0.775
vt 0.3625 0.975
vt 0.2625 0.775
vt 0.2625 0.975
vt 0.3625 0.975
vt 0.3625 0.775
vt 0.2625 0.775
vt 0.3625 0.975
vt 0.2625 0.775
vt 0.2625 0.975
vt 0.3625 0.775
vt 0.2625 0.975
vt 0.3625 0.975
vt 0.3625 0.775
vt 0.2625 0.775
vt 0.2625 0.975
vt 0.3625 0.775
vt 0.2625 0.975
vt 0.3625 0.975
vt 0.3625 0.775
vt 0.0125 0.525
vt 0.0125 0.725
vt 0.1125 0.725
vt 0.1125 0.525
vt 0.0125 0.525
vt 0.1125 0.725
vt 0.0125 0.525
vt 0.0125 0.725
vt 0.1125 0.725
vt 0.1125 0.525
vt 0.0125 0.525
vt 0.1125 0.725
vt 0.0125 0.525
vt 0.0125 0.725
vt 0.1125 0.525
vt 0.0125 0.725
vt 0.1125 0.725
vt 0.1125 0.525
vt 0.0125 0.525
vt 0.0125 0.725
vt 0.1125 0.525
vt 0.0125 0.725
vt 0.1125 0.725
vt 0.1125 0.525
vt 0.94792 0.025
vt 0.94792 0.225
vt 0.94792 0.225
vt 0.94792 0.025
vt 0.94792 0.025
vt 0.94792 0.225
vt 0.94792 0.025
vt 0.94792 0.225
vt 0.94792 0.225
vt 0.94792 0.025
vt 0.94792 0.025
vt 0.94792 0.225
vt 0.94792 0.025
vt 0.94792 0.225
vt 0.94792 0.025
vt 0.94792 0.225
vt 0.94792 0.225
vt 0.94792 0.025
vt 0.94792 0.025
vt 0.94792 0.225
vt 0.94792 0.025
vt 0.94792 0.225
vt 0.94792 0.225
vt 0.94792 0.025
vt 0.1375 0.275
vt 0.1375 0.475
vt 0.2375 0.475
vt 0.2375 0.275
vt 0.1375 0.275
vt 0.2375 0.475
vt 0.1375 0.275
vt 0.1375 0.475
vt 0.2375 0.475
vt 0.2375 0.275
vt 0.1375 0.275
vt 0.2375 0.475
vt 0.1375 0.275
vt 0.1375 0.475
vt 0.2375 0.275
vt 0.1375 0.475
vt 0.2375 0.475
vt 0.2375 0.275
vt 0.1375 0.275
vt 0.1375 0.475
vt 0.2375 0.275
vt 0.1375 0.475
vt 0.2375 0.475
vt 0.2375 0.275
vt 0.94792 0.025
vt 0.94792 0.225
vt 0.94792 0.225
vt 0.94792 0.025
vt 0.94792 0.025
vt 0.94792 0.225
vt 0.94792 0.025
vt 0.94792 0.225
vt 0.94792 0.225
vt 0.94792 0.025
vt 0.94792 0.025
vt 0.94792 0.225
vt 0.94792 0.025
vt 0.94792 0.225
vt 0.94792 0.225
vt 0.94792 0.025
vt 0.94792 0.025
vt 0.94792 0.225
vt 0.94792 0.025
vt 0.94792 0.225
vt 0.94792 0.225
vt 0.94792 0.025
vt 0.94792 0.025
vt 0.94792 0.225
vt 0.94792 0.025
vt 0.94792 0.225
vt 0.94792 0.025
vt 0.94792 0.225
vt 0.94792 0.225
vt 0.94792 0.025
vt 0.94792 0.025
vt 0.94792 0.225
vt 0.94792 0.025
vt 0.94792 0.225
vt 0.94792 0.225
vt 0.94792 0.025
vt 0.94792 0.025
vt 0.94792 0.225
vt 0.94792 0.025
vt 0.94792 0.225
vt 0.94792 0.225
vt 0.94792 0.025
vt 0.94792 0.025
vt 0.94792 0.225
vt 0.94792 0.025
vt 0.94792 0.225
vt 0.94792 0.225
vt 0.94792 0.025
vt 0.0125 0.525
vt 0.0125 0.725
vt 0.1125 0.725
vt 0.1125 0.525
vt 0.0125 0.525
vt 0.1125 0.725
vt 0.0125 0.525
vt 0.0125 0.725
vt 0.1125 0.725
vt 0.1125 0.525
vt 0.0125 0.525
vt 0.1125 0.725
vt 0.0125 0.525
vt 0.0125 0.725
vt 0.1125 0.725
vt 0.1125 0.525
vt 0.0125 0.525
vt 0.1125 0.725
vt 0.0125 0.525
vt 0.0125 0.725
vt 0.1125 0.725
vt 0.1125 0.525
vt 0.0125 0.525
vt 0.1125 0.725
vt 0.0125 0.525
vt 0.0125 0.725
vt 0.1125 0.525
vt 0.0125 0.725
vt 0.1125 0.725
vt 0.1125 0.525
vt 0.0125 0.525
vt 0.0125 0.725
vt 0.1125 0.525
vt 0.0125 0.725
vt 0.1125 0.725
vt 0.1125 0.525
vt 0.0125 0.525
vt 0.0125 0.725
vt 0.1125 0.525
vt 0.0125 0.725
vt 0.1125 0.725
vt 0.1125 0.525
vt 0.0125 0.525
vt 0.0125 0.725
vt 0.1125 0.525
vt 0.0125 0.725
vt 0.1125 0.725
vt 0.1125 0.525
vt 0.5125 0.775
vt 0.5125 0.975
vt 0.6125 0.975
vt 0.6125 0.775
vt 0.5125 0.775
vt 0.6125 0.975
vt 0.5125 0.775
vt 0.5125 0.975
vt 0.6125 0.975
vt 0.6125 0.775
vt 0.5125 0.775
vt 0.6125 0.975
vt 0.5125 0.775
vt 0.5125 0.975
vt 0.6125 0.975
vt 0.6125 0.775
vt 0.5125 0.775
vt 0.6125 0.975
vt 0.5125 0.775
vt 0.5125 0.975
vt 0.6125 0.975
vt 0.6125 0.775
vt 0.5125 0.775
vt 0.6125 0.975
vt 0.5125 0.775
vt 0.5125 0.975
vt 0.6125 0.775
vt 0.5125 0.975
vt 0.6125 0.975
vt 0.6125 0.775
vt 0.5125 0.775
vt 0.5125 0.975
vt 0.6125 0.775
vt 0.5125 0.975
vt 0.6125 0.975
vt 0.6125 0.775
vt 0.5125 0.775
vt 0.5125 0.975
vt 0.6125 0.775
vt 0.5125 0.975
vt 0.6125 0.975
vt 0.6125 0.775
vt 0.5125 0.775
vt 0.5125 0.975
vt 0.6125 0.775
vt 0.5125 0.975
vt 0.6125 0.975
vt 0.6125 0.775
vt 0.3875 0.775
vt 0.3875 0.975
vt 0.4875 0.975
vt 0.4875 0.775
vt 0.3875 0.775
vt 0.4875 0.975
vt 0.3875 0.775
vt 0.3875 0.975
vt 0.4875 0.975
vt 0.4875 0.775
vt 0.3875 0.775
vt 0.4875 0.975
vt 0.3875 0.775
vt 0.3875 0.975
vt 0.4875 0.975
vt 0.4875 0.775
vt 0.3875 0.775
vt 0.4875 0.975
vt 0.3875 0.775
vt 0.3875 0.975
vt 0.4875 0.975
vt 0.4875 0.775
vt 0.3875 0.775
vt 0.4875 0.975
vt 0.3875 0.775
vt 0.3875 0.975
vt 0.4875 0.775
vt 0.3875 0.975
vt 0.4875 0.975
vt 0.4875 0.775
vt 0.3875 0.775
vt 0.3875 0.975
vt 0.4875 0.775
vt 0.3875 0.975
vt 0.4875 0.975
vt 0.4875 0.775
vt 0.3875 0.775
vt 0.3875 0.975
vt 0.4875 0.775
vt 0.3875 0.975
vt 0.4875 0.975
vt 0.4875 0.775
vt 0.3875 0.775
vt 0.3875 0.975
vt 0.4875 0.775
vt 0.3875 0.975
vt 0.4875 0.975
vt 0.4875 0.775
vt 0.3875 0.525
vt 0.3875 0.725
vt 0.4875 0.725
vt 0.4875 0.525
vt 0.3875 0.525
vt 0.4875 0.725
vt 0.3875 0.525
vt 0.3875 0.725
vt 0.4875 0.725
vt 0.4875 0.525
vt 0.3875 0.525
vt 0.4875 0.725
vt 0.3875 0.525
vt 0.3875 0.725
vt 0.4875 0.725
vt 0.4875 0.525
vt 0.3875 0.525
vt 0.4875 0.725
vt 0.3875 0.525
vt 0.3875 0.725
vt 0.4875 0.725
vt 0.4875 0.525
vt 0.3875 0.525
vt 0.4875 0.725
vt 0.3875 0.525
vt 0.3875 0.725
vt 0.4875 0.525
vt 0.3875 0.725
vt 0.4875 0.725
vt 0.4875 0.525
vt 0.3875 0.525
vt 0.3875 0.725
vt 0.4875 0.525
vt 0.3875 0.725
vt 0.4875 0.725
vt 0.4875 0.525
vt 0.3875 0.525
vt 0.3875 0.725
vt 0.4875 0.525
vt 0.3875 0.725
vt 0.4875 0.725
vt 0.4875 0.525
vt 0.3875 0.525
vt 0.3875 0.725
vt 0.4875 0.525
vt 0.3875 0.725
vt 0.4875 0.725
vt 0.4875 0.525
vt 0.2625 0.525
vt 0.2625 0.725
vt 0.3625 0.725
vt 0.3625 0.525
vt 0.2625 0.525
vt 0.3625 0.725
vt 0.2625 0.525
vt 0.2625 0.725
vt 0.3625 0.725
vt 0.3625 0.525
vt 0.2625 0.525
vt 0.3625 0.725
vt 0.2625 0.525
vt 0.2625 0.725
vt 0.3625 0.725
vt 0.3625 0.525
vt 0.2625 0.525
vt 0.3625 0.725
vt 0.2625 0.525
vt 0.2625 0.725
vt 0.3625 0.725
vt 0.3625 0.525
vt 0.2625 0.525
vt 0.3625 0.725
vt 0.2625 0.525
vt 0.2625 0.725
vt 0.3625 0.525
vt 0.2625 0.725
vt 0.3625 0.725
vt 0.3625 0.525
vt 0.2625 0.525
vt 0.2625 0.725
vt 0.3625 0.525
vt 0.2625 0.725
vt 0.3625 0.725
vt 0.3625 0.525
vt 0.2625 0.525
vt 0.2625 0.725
vt 0.3625 0.525
vt 0.2625 0.725
vt 0.3625 0.725
vt 0.3625 0.525
vt 0.2625 0.525
vt 0.2625 0.725
vt 0.3625 0.525
vt 0.2625 0.725
vt 0.3625 0.725
vt 0.3625 0.525
vt 0.3875 0.775
vt 0.3875 0.975
vt 0.4875 0.975
vt 0.4875 0.775
vt 0.3875 0.775
vt 0.4875 0.975
vt 0.3875 0.775
vt 0.3875 0.975
vt 0.4875 0.975
vt 0.4875 0.775
vt 0.3875 0.775
vt 0.4875 0.975
vt 0.3875 0.775
vt 0.3875 0.975
vt 0.4875 0.975
vt 0.4875 0.775
vt 0.3875 0.775
vt 0.4875 0.975
vt 0.3875 0.775
vt 0.3875 0.975
vt 0.4875 0.975
vt 0.4875 0.775
vt 0.3875 0.775
vt 0.4875 0.975
vt 0.3875 0.775
vt 0.3875 0.975
vt 0.4875 0.775
vt 0.3875 0.975
vt 0.4875 0.975
vt 0.4875 0.775
vt 0.3875 0.775
vt 0.3875 0.975
vt 0.4875 0.775
vt 0.3875 0.975
vt 0.4875 0.975
vt 0.4875 0.775
vt 0.3875 0.775
vt 0.3875 0.975
vt 0.4875 0.775
vt 0.3875 0.975
vt 0.4875 0.975
vt 0.4875 0.775
vt 0.3875 0.775
vt 0.3875 0.975
vt 0.4875 0.775
vt 0.3875 0.975
vt 0.4875 0.975
vt 0.4875 0.775
vt 0.94792 0.025
vt 0.94792 0.225
vt 0.94792 0.225
vt 0.94792 0.025
vt 0.94792 0.025
vt 0.94792 0.225
vt 0.94792 0.025
vt 0.94792 0.225
vt 0.94792 0.225
vt 0.94792 0.025
vt 0.94792 0.025
vt 0.94792 0.225
vt 0.94792 0.025
vt 0.94792 0.225
vt 0.94792 0.225
vt 0.94792 0.025
vt 0.94792 0.025
vt 0.94792 0.225
vt 0.94792 0.025
vt 0.94792 0.225
vt 0.94792 0.225
vt 0.94792 0.025
vt 0.94792 0.025
vt 0.94792 0.225
vt 0.94792 0.025
vt 0.94792 0.225
vt 0.94792 0.025
vt 0.94792 0.225
vt 0.94792 0.225
vt 0.94792 0.025
vt 0.94792 0.025
vt 0.94792 0.225
vt 0.94792 0.025
vt 0.94792 0.225
vt 0.94792 0.225
vt 0.94792 0.025
vt 0.94792 0.025
vt 0.94792 0.225
vt 0.94792 0.025
vt 0.94792 0.225
vt 0.94792 0.225
vt 0.94792 0.025
vt 0.94792 0.025
vt 0.94792 0.225
vt 0.94792 0.025
vt 0.94792 0.225
vt 0.94792 0.225
vt 0.94792 0.025
vt 0.1375 0.275
vt 0.1375 0.475
vt 0.2375 0.475
vt 0.2375 0.275
vt 0.1375 0.275
vt 0.2375 0.475
vt 0.1375 0.275
vt 0.1375 0.475
vt 0.2375 0.475
vt 0.2375 0.275
vt 0.1375 0.275
vt 0.2375 0.475
vt 0.1375 0.275
vt 0.1375 0.475
vt 0.2375 0.475
vt 0.2375 0.275
vt 0.1375 0.275
vt 0.2375 0.475
vt 0.1375 0.275
vt 0.1375 0.475
vt 0.2375 0.475
vt 0.2375 0.275
vt 0.1375 0.275
vt 0.2375 0.475
vt 0.1375 0.275
vt 0.1375 0.475
vt 0.2375 0.275
vt 0.1375 0.475
vt 0.2375 0.475
vt 0.2375 0.275
vt 0.1375 0.275
vt 0.1375 0.475
vt 0.2375 0.275
vt 0.1375 0.475
vt 0.2375 0.475
vt 0.2375 0.275
vt 0.1375 0.275
vt 0.1375 0.475
vt 0.2375 0.275
vt 0.1375 0.475
vt 0.2375 0.475
vt 0.2375 0.275
vt 0.1375 0.275
vt 0.1375 0.475
vt 0.2375 0.275
vt 0.1375 0.475
vt 0.2375 0.475
vt 0.2375 0.275
vt 0.5125 0.775
vt 0.5125 0.975
vt 0.5625 0.975
vt 0.5625 0.775
vt 0.5125 0.775
vt 0.5625 0.975
vt 0.5625 0.775
vt 0.5625 0.975
vt 0.6125 0.975
vt 0.6125 0.775
vt 0.5625 0.775
vt 0.6125 0.975
vt 0.5125 0.775
vt 0.5125 0.975
vt 0.5625 0.975
vt 0.5625 0.775
vt 0.5125 0.775
vt 0.5625 0.975
vt 0.5625 0.775
vt 0.5625 0.975
vt 0.6125 0.975
vt 0.6125 0.775
vt 0.5625 0.775
vt 0.6125 0.975
vt 0.5125 0.775
vt 0.5125 0.975
vt 0.5625 0.775
vt 0.5125 0.975
vt 0.5625 0.975
vt 0.5625 0.775
vt 0.5625 0.775
vt 0.5625 0.975
vt 0.6125 0.775
vt 0.5625 0.975
vt 0.6125 0.975
vt 0.6125 0.775
vt 0.5125 0.775
vt 0.5125 0.975
vt 0.5625 0.775
vt 0.5125 0.975
vt 0.5625 0.975
vt 0.5625 0.775
vt 0.5625 0.775
vt 0.5625 0.975
vt 0.6125 0.775
vt 0.5625 0.975
vt 0.6125 0.975
vt 0.6125 0.775
vt 0.3875 0.525
vt 0.3875 0.725
vt 0.4875 0.725
vt 0.4875 0.525
vt 0.3875 0.525
vt 0.4875 0.725
vt 0.3875 0.525
vt 0.3875 0.725
vt 0.4875 0.725
vt 0.4875 0.525
vt 0.3875 0.525
vt 0.4875 0.725
vt 0.3875 0.525
vt 0.3875 0.725
vt 0.4875 0.725
vt 0.4875 0.525
vt 0.3875 0.525
vt 0.4875 0.725
vt 0.3875 0.525
vt 0.3875 0.725
vt 0.4875 0.725
vt 0.4875 0.525
vt 0.3875 0.525
vt 0.4875 0.725
vt 0.3875 0.525
vt 0.3875 0.725
vt 0.4875 0.525
vt 0.3875 0.725
vt 0.4875 0.725
vt 0.4875 0.525
vt 0.3875 0.525
vt 0.3875 0.725
vt 0.4875 0.525
vt 0.3875 0.725
vt 0.4875 0.725
vt 0.4875 0.525
vt 0.3875 0.525
vt 0.3875 0.725
vt 0.4875 0.525
vt 0.3875 0.725
vt 0.4875 0.725
vt 0.4875 0.525
vt 0.3875 0.525
vt 0.3875 0.725
vt 0.4875 0.525
vt 0.3875 0.725
vt 0.4875 0.725
vt 0.4875 0.525
vt 0.2625 0.775
vt 0.2625 0.975
vt 0.3625 0.975
vt 0.3625 0.775
vt 0.2625 0.775
vt 0.3625 0.975
vt 0.2625 0.775
vt 0.2625 0.975
vt 0.3625 0.975
vt 0.3625 0.775
vt 0.2625 0.775
vt 0.3625 0.975
vt 0.2625 0.775
vt 0.2625 0.975
vt 0.3625 0.975
vt 0.3625 0.775
vt 0.2625 0.775
vt 0.3625 0.975
vt 0.2625 0.775
vt 0.2625 0.975
vt 0.3625 0.975
vt 0.3625 0.775
vt 0.2625 0.775
vt 0.3625 0.975
vt 0.2625 0.775
vt 0.2625 0.975
vt 0.3625 0.775
vt 0.2625 0.975
vt 0.3625 0.975
vt 0.3625 0.775
vt 0.2625 0.775
vt 0.2625 0.975
vt 0.3625 0.775
vt 0.2625 0.975
vt 0.3625 0.975
vt 0.3625 0.775
vt 0.2625 0.775
vt 0.2625 0.975
vt 0.3625 0.775
vt 0.2625 0.975
vt 0.3625 0.975
vt 0.3625 0.775
vt 0.2625 0.775
vt 0.2625 0.975
vt 0.3625 0.775
vt 0.2625 0.975
vt 0.3625 0.975
vt 0.3625 0.775
vt 0.94792 0.025
vt 0.94792 0.225
vt 0.94792 0.225
vt 0.94792 0.025
vt 0.94792 0.025
vt 0.94792 0.225
vt 0.94792 0.025
vt 0.94792 0.225
vt 0.94792 0.225
vt 0.94792 0.025
vt 0.94792 0.025
vt 0.94792 0.225
vt 0.94792 0.025
vt 0.94792 0.225
vt 0.94792 0.225
vt 0.94792 0.025
vt 0.94792 0.025
vt 0.94792 0.225
vt 0.94792 0.025
vt 0.94792 0.225
vt 0.94792 0.225
vt 0.94792 0.025
vt 0.94792 0.025
vt 0.94792 0.225
vt 0.94792 0.025
vt 0.94792 0.225
vt 0.94792 0.025
vt 0.94792 0.225
vt 0.94792 0.225
vt 0.94792 0.025
vt 0.94792 0.025
vt 0.94792 0.225
vt 0.94792 0.025
vt 0.94792 0.225
vt 0.94792 0.225
vt 0.94792 0.025
vt 0.94792 0.025
vt 0.94792 0.225
vt 0.94792 0.025
vt 0.94792 0.225
vt 0.94792 0.225
vt 0.94792 0.025
vt 0.94792 0.025
vt 0.94792 0.225
vt 0.94792 0.025
vt 0.94792 0.225
vt 0.94792 0.225
vt 0.94792 0.025
vt 0.3875 0.775
vt 0.3875 0.975
vt 0.4875 0.975
vt 0.4875 0.775
vt 0.3875 0.775
vt 0.4875 0.975
vt 0.3875 0.775
vt 0.3875 0.975
vt 0.4875 0.975
vt 0.4875 0.775
vt 0.3875 0.775
vt 0.4875 0.975
vt 0.3875 0.775
vt 0.3875 0.975
vt 0.4875 0.975
vt 0.4875 0.775
vt 0.3875 0.775
vt 0.4875 0.975
vt 0.3875 0.775
vt 0.3875 0.975
vt 0.4875 0.975
vt 0.4875 0.775
vt 0.3875 0.775
vt 0.4875 0.975
vt 0.3875 0.775
vt 0.3875 0.975
vt 0.4875 0.775
vt 0.3875 0.975
vt 0.4875 0.975
vt 0.4875 0.775
vt 0.3875 0.775
vt 0.3875 0.975
vt 0.4875 0.775
vt 0.3875 0.975
vt 0.4875 0.975
vt 0.4875 0.775
vt 0.3875 0.775
vt 0.3875 0.975
vt 0.4875 0.775
vt 0.3875 0.975
vt 0.4875 0.975
vt 0.4875 0.775
vt 0.3875 0.775
vt 0.3875 0.975
vt 0.4875 0.775
vt 0.3875 0.975
vt 0.4875 0.975
vt 0.4875 0.775
vt 0.2625 0.525
vt 0.2625 0.725
vt 0.3625 0.725
vt 0.3625 0.525
vt 0.2625 0.525
vt 0.3625 0.725
vt 0.2625 0.525
vt 0.2625 0.725
vt 0.3625 0.725
vt 0.3625 0.525
vt 0.2625 0.525
vt 0.3625 0.725
vt 0.2625 0.525
vt 0.2625 0.725
vt 0.3625 0.725
vt 0.3625 0.525
vt 0.2625 0.525
vt 0.3625 0.725
vt 0.2625 0.525
vt 0.2625 0.725
vt 0.3625 0.725
vt 0.3625 0.525
vt 0.2625 0.525
vt 0.3625 0.725
vt 0.2625 0.525
vt 0.2625 0.725
vt 0.3625 0.525
vt 0.2625 0.725
vt 0.3625 0.725
vt 0.3625 0.525
vt 0.2625 0.525
vt 0.2625 0.725
vt 0.3625 0.525
vt 0.2625 0.725
vt 0.3625 0.725
vt 0.3625 0.525
vt 0.2625 0.525
vt 0.2625 0.725
vt 0.3625 0.525
vt 0.2625 0.725
vt 0.3625 0.725
vt 0.3625 0.525
vt 0.2625 0.525
vt 0.2625 0.725
vt 0.3625 0.525
vt 0.2625 0.725
vt 0.3625 0.725
vt 0.3625 0.525
vt 0.5125 0.775
vt 0.5125 0.975
vt 0.6125 0.975
vt 0.6125 0.775
vt 0.5125 0.775
vt 0.6125 0.975
vt 0.5125 0.775
vt 0.5125 0.975
vt 0.6125 0.975
vt 0.6125 0.775
vt 0.5125 0.775
vt 0.6125 0.975
vt 0.5125 0.775
vt 0.5125 0.975
vt 0.6125 0.975
vt 0.6125 0.775
vt 0.5125 0.775
vt 0.6125 0.975
vt 0.5125 0.775
vt 0.5125 0.975
vt 0.6125 0.975
vt 0.6125 0.775
vt 0.5125 0.775
vt 0.6125 0.975
vt 0.5125 0.775
vt 0.5125 0.975
vt 0.6125 0.775
vt 0.5125 0.975
vt 0.6125 0.975
vt 0.6125 0.775
vt 0.5125 0.775
vt 0.5125 0.975
vt 0.6125 0.775
vt 0.5125 0.975
vt 0.6125 0.975
vt 0.6125 0.775
vt 0.5125 0.775
vt 0.5125 0.975
vt 0.6125 0.775
vt 0.5125 0.975
vt 0.6125 0.975
vt 0.6125 0.775
vt 0.5125 0.775
vt 0.5125 0.975
vt 0.6125 0.775
vt 0.5125 0.975
vt 0.6125 0.975
vt 0.6125 0.775
vt 0.2625 0.775
vt 0.2625 0.975
vt 0.3625 0.975
vt 0.3625 0.775
vt 0.2625 0.775
vt 0.3625 0.975
vt 0.2625 0.775
vt 0.2625 0.975
vt 0.3625 0.975
vt 0.3625 0.775
vt 0.2625 0.775
vt 0.3625 0.975
vt 0.2625 0.775
vt 0.2625 0.975
vt 0.3625 0.975
vt 0.3625 0.775
vt 0.2625 0.775
vt 0.3625 0.975
vt 0.2625 0.775
vt 0.2625 0.975
vt 0.3625 0.975
vt 0.3625 0.775
vt 0.2625 0.775
vt 0.3625 0.975
vt 0.2625 0.775
vt 0.2625 0.975
vt 0.3625 0.775
vt 0.2625 0.975
vt 0.3625 0.975
vt 0.3625 0.775
vt 0.2625 0.775
vt 0.2625 0.975
vt 0.3625 0.775
vt 0.2625 0.975
vt 0.3625 0.975
vt 0.3625 0.775
vt 0.2625 0.775
vt 0.2625 0.975
vt 0.3625 0.775
vt 0.2625 0.975
vt 0.3625 0.975
vt 0.3625 0.775
vt 0.2625 0.775
vt 0.2625 0.975
vt 0.3625 0.775
vt 0.2625 0.975
vt 0.3625 0.975
vt 0.3625 0.775
vt 0.5125 0.775
vt 0.5125 0.975
vt 0.5625 0.975
vt 0.5625 0.775
vt 0.5125 0.775
vt 0.5625 0.975
vt 0.5625 0.775
vt 0.5625 0.975
vt 0.6125 0.975
vt 0.6125 0.775
vt 0.5625 0.775
vt 0.6125 0.975
vt 0.5125 0.775
vt 0.5125 0.975
vt 0.5625 0.975
vt 0.5625 0.775
vt 0.5125 0.775
vt 0.5625 0.975
vt 0.5625 0.775
vt 0.5625 0.975
vt 0.6125 0.975
vt 0.6125 0.775
vt 0.5625 0.775
vt 0.6125 0.975
vt 0.5125 0.775
vt 0.5125 0.975
vt 0.5625 0.775
vt 0.5125 0.975
vt 0.5625 0.975
vt 0.5625 0.775
vt 0.5625 0.775
vt 0.5625 0.975
vt 0.6125 0.775
vt 0.5625 0.975
vt 0.6125 0.975
vt 0.6125 0.775
vt 0.5125 0.775
vt 0.5125 0.975
vt 0.5625 0.775
vt 0.5125 0.975
vt 0.5625 0.975
vt 0.5625 0.775
vt 0.5625 0.775
vt 0.5625 0.975
vt 0.6125 0.775
vt 0.5625 0.975
vt 0.6125 0.975
vt 0.6125 0.775
vt 0.3875 0.525
vt 0.3875 0.725
vt 0.4875 0.725
vt 0.4875 0.525
vt 0.3875 0.525
vt 0.4875 0.725
vt 0.3875 0.525
vt 0.3875 0.725
vt 0.4875 0.725
vt 0.4875 0.525
vt 0.3875 0.525
vt 0.4875 0.725
vt 0.3875 0.525
vt 0.3875 0.725
vt 0.4875 0.725
vt 0.4875 0.525
vt 0.3875 0.525
vt 0.4875 0.725
vt 0.3875 0.525
vt 0.3875 0.725
vt 0.4875 0.725
vt 0.4875 0.525
vt 0.3875 0.525
vt 0.4875 0.725
vt 0.3875 0.525
vt 0.3875 0.725
vt 0.4875 0.525
vt 0.3875 0.725
vt 0.4875 0.725
vt 0.4875 0.525
vt 0.3875 0.525
vt 0.3875 0.725
vt 0.4875 0.525
vt 0.3875 0.725
vt 0.4875 0.725
vt 0.4875 0.525
vt 0.3875 0.525
vt 0.3875 0.725
vt 0.4875 0.525
vt 0.3875 0.725
vt 0.4875 0.725
vt 0.4875 0.525
vt 0.3875 0.525
vt 0.3875 0.725
vt 0.4875 0.525
vt 0.3875 0.725
vt 0.4875 0.725
vt 0.4875 0.525
vt 0.2625 0.775
vt 0.2625 0.975
vt 0.3625 0.975
vt 0.3625 0.775
vt 0.2625 0.775
vt 0.3625 0.975
vt 0.2625 0.775
vt 0.2625 0.975
vt 0.3625 0.975
vt 0.3625 0.775
vt 0.2625 0.775
vt 0.3625 0.975
vt 0.2625 0.775
vt 0.2625 0.975
vt 0.3625 0.975
vt 0.3625 0.775
vt 0.2625 0.775
vt 0.3625 0.975
vt 0.2625 0.775
vt 0.2625 0.975
vt 0.3625 0.975
vt 0.3625 0.775
vt 0.2625 0.775
vt 0.3625 0.975
vt 0.2625 0.775
vt 0.2625 0.975
vt 0.3625 0.775
vt 0.2625 0.975
vt 0.3625 0.975
vt 0.3625 0.775
vt 0.2625 0.775
vt 0.2625 0.975
vt 0.3625 0.775
vt 0.2625 0.975
vt 0.3625 0.975
vt 0.3625 0.775
vt 0.2625 0.775
vt 0.2625 0.975
vt 0.3625 0.775
vt 0.2625 0.975
vt 0.3625 0.975
vt 0.3625 0.775
vt 0.2625 0.775
vt 0.2625 0.975
vt 0.3625 0.775
vt 0.2625 0.975
vt 0.3625 0.975
vt 0.3625 0.775
vt 0.94792 0.025
vt 0.94792 0.225
vt 0.94792 0.225
vt 0.94792 0.025
vt 0.94792 0.025
vt 0.94792 0.225
vt 0.94792 0.025
vt 0.94792 0.225
vt 0.94792 0.225
vt 0.94792 0.025
vt 0.94792 0.025
vt 0.94792 0.225
vt 0.94792 0.025
vt 0.94792 0.225
vt 0.94792 0.225
vt 0.94792 0.025
vt 0.94792 0.025
vt 0.94792 0.225
vt 0.94792 0.025
vt 0.94792 0.225
vt 0.94792 0.225
vt 0.94792 0.025
vt 0.94792 0.025
vt 0.94792 0.225
vt 0.94792 0.025
vt 0.94792 0.225
vt 0.94792 0.025
vt 0.94792 0.225
vt 0.94792 0.225
vt 0.94792 0.025
vt 0.94792 0.025
vt 0.94792 0.225
vt 0.94792 0.025
vt 0.94792 0.225
vt 0.94792 0.225
vt 0.94792 0.025
vt 0.94792 0.025
vt 0.94792 0.225
vt 0.94792 0.025
vt 0.94792 0.225
vt 0.94792 0.225
vt 0.94792 0.025
vt 0.94792 0.025
vt 0.94792 0.225
vt 0.94792 0.025
vt 0.94792 0.225
vt 0.94792 0.225
vt 0.94792 0.025
vt 0.3875 0.775
vt 0.3875 0.975
vt 0.4875 0.975
vt 0.4875 0.775
vt 0.3875 0.775
vt 0.4875 0.975
vt 0.3875 0.775
vt 0.3875 0.975
vt 0.4875 0.975
vt 0.4875 0.775
vt 0.3875 0.775
vt 0.4875 0.975
vt 0.3875 0.775
vt 0.3875 0.975
vt 0.4875 0.975
vt 0.4875 0.775
vt 0.3875 0.775
vt 0.4875 0.975
vt 0.3875 0.775
vt 0.3875 0.975
vt 0.4875 0.975
vt 0.4875 0.775
vt 0.3875 0.775
vt 0.4875 0.975
vt 0.3875 0.775
vt 0.3875 0.975
vt 0.4875 0.775
vt 0.3875 0.975
vt 0.4875 0.975
vt 0.4875 0.775
vt 0.3875 0.775
vt 0.3875 0.975
vt 0.4875 0.775
vt 0.3875 0.975
vt 0.4875 0.975
vt 0.4875 0.775
vt 0.3875 0.775
vt 0.3875 0.975
vt 0.4875 0.775
vt 0.3875 0.975
vt 0.4875 0.975
vt 0.4875 0.775
vt 0.3875 0.775
vt 0.3875 0.975
vt 0.4875 0.775
vt 0.3875 0.975
vt 0.4875 0.975
vt 0.4875 0.775
vt 0.2625 0.525
vt 0.2625 0.725
vt 0.3625 0.725
vt 0.3625 0.525
vt 0.2625 0.525
vt 0.3625 0.725
vt 0.2625 0.525
vt 0.2625 0.725
vt 0.3625 0.725
vt 0.3625 0.525
vt 0.2625 0.525
vt 0.3625 0.725
vt 0.2625 0.525
vt 0.2625 0.725
vt 0.3625 0.725
vt 0.3625 0.525
vt 0.2625 0.525
vt 0.3625 0.725
vt 0.2625 0.525
vt 0.2625 0.725
vt 0.3625 0.725
vt 0.3625 0.525
vt 0.2625 0.525
vt 0.3625 0.725
vt 0.2625 0.525
vt 0.2625 0.725
vt 0.3625 0.525
vt 0.2625 0.725
vt 0.3625 0.725
vt 0.3625 0.525
vt 0.2625 0.525
vt 0.2625 0.725
vt 0.3625 0.525
vt 0.2625 0.725
vt 0.3625 0.725
vt 0.3625 0.525
vt 0.2625 0.525
vt 0.2625 0.725
vt 0.3625 0.525
vt 0.2625 0.725
vt 0.3625 0.725
vt 0.3625 0.525
vt 0.2625 0.525
vt 0.2625 0.725
vt 0.3625 0.525
vt 0.2625 0.725
vt 0.3625 0.725
vt 0.3625 0.525
vt 0.5125 0.775
vt 0.5125 0.975
vt 0.6125 0.975
vt 0.6125 0.775
vt 0.5125 0.775
vt 0.6125 0.975
vt 0.5125 0.775
vt 0.5125 0.975
vt 0.6125 0.975
vt 0.6125 0.775
vt 0.5125 0.775
vt 0.6125 0.975
vt 0.5125 0.775
vt 0.5125 0.975
vt 0.6125 0.975
vt 0.6125 0.775
vt 0.5125 0.775
vt 0.6125 0.975
vt 0.5125 0.775
vt 0.5125 0.975
vt 0.6125 0.975
vt 0.6125 0.775
vt 0.5125 0.775
vt 0.6125 0.975
vt 0.5125 0.775
vt 0.5125 0.975
vt 0.6125 0.775
vt 0.5125 0.975
vt 0.6125 0.975
vt 0.6125 0.775
vt 0.5125 0.775
vt 0.5125 0.975
vt 0.6125 0.775
vt 0.5125 0.975
vt 0.6125 0.975
vt 0.6125 0.775
vt 0.5125 0.775
vt 0.5125 0.975
vt 0.6125 0.775
vt 0.5125 0.975
vt 0.6125 0.975
vt 0.6125 0.775
vt 0.5125 0.775
vt 0.5125 0.975
vt 0.6125 0.775
vt 0.5125 0.975
vt 0.6125 0.975
vt 0.6125 0.775
vt 0.2625 0.775
vt 0.2625 0.975
vt 0.3625 0.975
vt 0.3625 0.775
vt 0.2625 0.775
vt 0.3625 0.975
vt 0.2625 0.775
vt 0.2625 0.975
vt 0.3625 0.975
vt 0.3625 0.775
vt 0.2625 0.775
vt 0.3625 0.975
vt 0.2625 0.775
vt 0.2625 0.975
vt 0.3625 0.975
vt 0.3625 0.775
vt 0.2625 0.775
vt 0.3625 0.975
vt 0.2625 0.775
vt 0.2625 0.975
vt 0.3625 0.975
vt 0.3625 0.775
vt 0.2625 0.775
vt 0.3625 0.975
vt 0.2625 0.775
vt 0.2625 0.975
vt 0.3625 0.775
vt 0.2625 0.975
vt 0.3625 0.975
vt 0.3625 0.775
vt 0.2625 0.775
vt 0.2625 0.975
vt 0.3625 0.775
vt 0.2625 0.975
vt 0.3625 0.975
vt 0.3625 0.775
vt 0.2625 0.775
vt 0.2625 0.975
vt 0.3625 0.775
vt 0.2625 0.975
vt 0.3625 0.975
vt 0.3625 0.775
vt 0.2625 0.775
vt 0.2625 0.975
vt 0.3625 0.775
vt 0.2625 0.975
vt 0.3625 0.975
vt 0.3625 0.775
vt 0.3875 0.775
vt 0.3875 0.815
vt 0.4875 0.775
vt 0.4875 0.775
vt 0.3875 0.815
vt 0.4875 0.815
vt 0.3875 0.815
vt 0.3875 0.975
vt 0.4875 0.815
vt 0.4875 0.815
vt 0.3875 0.975
vt 0.4875 0.975
vt 0.3875 0.775
vt 0.4875 0.775
vt 0.3875 0.815
vt 0.4875 0.775
vt 0.4875 0.815
vt 0.3875 0.815
vt 0.3875 0.815
vt 0.4875 0.815
vt 0.3875 0.975
vt 0.4875 0.815
vt 0.4875 0.975
vt 0.3875 0.975
vt 0.3875 0.775
vt 0.3875 0.815
vt 0.4875 0.775
vt 0.4875 0.775
vt 0.3875 0.815
vt 0.4875 0.975
vt 0.3875 0.815
vt 0.3875 0.975
vt 0.4875 0.975
vt 0.3875 0.775
vt 0.4875 0.775
vt 0.3875 0.815
vt 0.4875 0.775
vt 0.4875 0.975
vt 0.3875 0.815
vt 0.3875 0.815
vt 0.4875 0.975
vt 0.3875 0.975
vt 0.3875 0.815
vt 0.3875 0.775
vt 0.4875 0.775
vt 0.3875 0.815
vt 0.4875 0.775
vt 0.4875 0.815
vt 0.3875 0.975
vt 0.3875 0.815
vt 0.4875 0.815
vt 0.3875 0.975
vt 0.4875 0.815
vt 0.4875 0.975
vt 0.3875 0.815
vt 0.4875 0.775
vt 0.3875 0.775
vt 0.3875 0.815
vt 0.4875 0.815
vt 0.4875 0.775
vt 0.3875 0.975
vt 0.4875 0.815
vt 0.3875 0.815
vt 0.3875 0.975
vt 0.4875 0.975
vt 0.4875 0.815
vt 0.3875 0.815
vt 0.3875 0.775
vt 0.4875 0.775
vt 0.3875 0.815
vt 0.4875 0.775
vt 0.4875 0.975
vt 0.3875 0.975
vt 0.3875 0.815
vt 0.4875 0.975
vt 0.3875 0.815
vt 0.4875 0.775
vt 0.3875 0.775
vt 0.3875 0.815
vt 0.4875 0.975
vt 0.4875 0.775
vt 0.3875 0.975
vt 0.4875 0.975
vt 0.3875 0.815
vt 0.94792 0.025
vt 0.94792 0.065
vt 0.94792 0.025
vt 0.94792 0.025
vt 0.94792 0.065
vt 0.94792 0.065
vt 0.94792 0.065
vt 0.94792 0.225
vt 0.94792 0.065
vt 0.94792 0.065
vt 0.94792 0.225
vt 0.94792 0.225
vt 0.94792 0.025
vt 0.94792 0.025
vt 0.94792 0.065
vt 0.94792 0.025
vt 0.94792 0.065
vt 0.94792 0.065
vt 0.94792 0.065
vt 0.94792 0.065
vt 0.94792 0.225
vt 0.94792 0.065
vt 0.94792 0.225
vt 0.94792 0.225
vt 0.94792 0.025
vt 0.94792 0.065
vt 0.94792 0.025
vt 0.94792 0.025
vt 0.94792 0.065
vt 0.94792 0.225
vt 0.94792 0.065
vt 0.94792 0.225
vt 0.94792 0.225
vt 0.94792 0.025
vt 0.94792 0.025
vt 0.94792 0.065
vt 0.94792 0.025
vt 0.94792 0.225
vt 0.94792 0.065
vt 0.94792 0.065
vt 0.94792 0.225
vt 0.94792 0.225
vt 0.94792 0.065
vt 0.94792 0.025
vt 0.94792 0.025
vt 0.94792 0.065
vt 0.94792 0.025
vt 0.94792 0.065
vt 0.94792 0.225
vt 0.94792 0.065
vt 0.94792 0.065
vt 0.94792 0.225
vt 0.94792 0.065
vt 0.94792 0.225
vt 0.94792 0.065
vt 0.94792 0.025
vt 0.94792 0.025
vt 0.94792 0.065
vt 0.94792 0.065
vt 0.94792 0.025
vt 0.94792 0.225
vt 0.94792 0.065
vt 0.94792 0.065
vt 0.94792 0.225
vt 0.94792 0.225
vt 0.94792 0.065
vt 0.94792 0.065
vt 0.94792 0.025
vt 0.94792 0.025
vt 0.94792 0.065
vt 0.94792 0.025
vt 0.94792 0.225
vt 0.94792 0.225
vt 0.94792 0.065
vt 0.94792 0.225
vt 0.94792 0.065
vt 0.94792 0.025
vt 0.94792 0.025
vt 0.94792 0.065
vt 0.94792 0.225
vt 0.94792 0.025
vt 0.94792 0.225
vt 0.94792 0.225
vt 0.94792 0.065
vt 0.5125 0.775
vt 0.5125 0.815
vt 0.6125 0.775
vt 0.6125 0.775
vt 0.5125 0.815
vt 0.6125 0.975
vt 0.5125 0.815
vt 0.5125 0.975
vt 0.6125 0.975
vt 0.5125 0.775
vt 0.6125 0.775
vt 0.5125 0.815
vt 0.6125 0.775
vt 0.6125 0.975
vt 0.5125 0.815
vt 0.5125 0.815
vt 0.6125 0.975
vt 0.5125 0.975
vt 0.5125 0.815
vt 0.5125 0.775
vt 0.6125 0.775
vt 0.5125 0.815
vt 0.6125 0.775
vt 0.6125 0.975
vt 0.5125 0.975
vt 0.5125 0.815
vt 0.6125 0.975
vt 0.5125 0.815
vt 0.6125 0.775
vt 0.5125 0.775
vt 0.5125 0.815
vt 0.6125 0.975
vt 0.6125 0.775
vt 0.5125 0.975
vt 0.6125 0.975
vt 0.5125 0.815
vt 0.0125 0.525
vt 0.0125 0.605
vt 0.1125 0.525
vt 0.1125 0.525
vt 0.0125 0.605
vt 0.1125 0.605
vt 0.0125 0.605
vt 0.0125 0.725
vt 0.1125 0.605
vt 0.1125 0.605
vt 0.0125 0.725
vt 0.1125 0.725
vt 0.0125 0.525
vt 0.1125 0.525
vt 0.0125 0.605
vt 0.1125 0.525
vt 0.1125 0.605
vt 0.0125 0.605
vt 0.0125 0.605
vt 0.1125 0.605
vt 0.0125 0.725
vt 0.1125 0.605
vt 0.1125 0.725
vt 0.0125 0.725
vt 0.94792 0.025
vt 0.94792 0.105
vt 0.94792 0.025
vt 0.94792 0.025
vt 0.94792 0.105
vt 0.94792 0.105
vt 0.94792 0.105
vt 0.94792 0.225
vt 0.94792 0.105
vt 0.94792 0.105
vt 0.94792 0.225
vt 0.94792 0.225
vt 0.94792 0.025
vt 0.94792 0.025
vt 0.94792 0.105
vt 0.94792 0.025
vt 0.94792 0.105
vt 0.94792 0.105
vt 0.94792 0.105
vt 0.94792 0.105
vt 0.94792 0.225
vt 0.94792 0.105
vt 0.94792 0.225
vt 0.94792 0.225
vt 0.94792 0.025
vt 0.94792 0.105
vt 0.94792 0.025
vt 0.94792 0.025
vt 0.94792 0.105
vt 0.94792 0.105
vt 0.94792 0.105
vt 0.94792 0.225
vt 0.94792 0.105
vt 0.94792 0.105
vt 0.94792 0.225
vt 0.94792 0.225
vt 0.94792 0.025
vt 0.94792 0.025
vt 0.94792 0.105
vt 0.94792 0.025
vt 0.94792 0.105
vt 0.94792 0.105
vt 0.94792 0.105
vt 0.94792 0.105
vt 0.94792 0.225
vt 0.94792 0.105
vt 0.94792 0.225
vt 0.94792 0.225
vt 0.5125 0.775
vt 0.5125 0.855
vt 0.6125 0.775
vt 0.6125 0.775
vt 0.5125 0.855
vt 0.6125 0.975
vt 0.5125 0.855
vt 0.5125 0.975
vt 0.6125 0.975
vt 0.5125 0.775
vt 0.6125 0.775
vt 0.5125 0.855
vt 0.6125 0.775
vt 0.6125 0.975
vt 0.5125 0.855
vt 0.5125 0.855
vt 0.6125 0.975
vt 0.5125 0.975
vt 0.0125 0.605
vt 0.0125 0.525
vt 0.1125 0.525
vt 0.0125 0.605
vt 0.1125 0.525
vt 0.1125 0.605
vt 0.0125 0.725
vt 0.0125 0.605
vt 0.1125 0.605
vt 0.0125 0.725
vt 0.1125 0.605
vt 0.1125 0.725
vt 0.0125 0.605
vt 0.1125 0.525
vt 0.0125 0.525
vt 0.0125 0.605
vt 0.1125 0.605
vt 0.1125 0.525
vt 0.0125 0.725
vt 0.1125 0.605
vt 0.0125 0.605
vt 0.0125 0.725
vt 0.1125 0.725
vt 0.1125 0.605
vt 0.94792 0.105
vt 0.94792 0.025
vt 0.94792 0.025
vt 0.94792 0.105
vt 0.94792 0.025
vt 0.94792 0.105
vt 0.94792 0.225
vt 0.94792 0.105
vt 0.94792 0.105
vt 0.94792 0.225
vt 0.94792 0.105
vt 0.94792 0.225
vt 0.94792 0.105
vt 0.94792 0.025
vt 0.94792 0.025
vt 0.94792 0.105
vt 0.94792 0.105
vt 0.94792 0.025
vt 0.94792 0.225
vt 0.94792 0.105
vt 0.94792 0.105
vt 0.94792 0.225
vt 0.94792 0.225
vt 0.94792 0.105
vt 0.94792 0.105
vt 0.94792 0.025
vt 0.94792 0.025
vt 0.94792 0.105
vt 0.94792 0.025
vt 0.94792 0.105
vt 0.94792 0.225
vt 0.94792 0.105
vt 0.94792 0.105
vt 0.94792 0.225
vt 0.94792 0.105
vt 0.94792 0.225
vt 0.94792 0.105
vt 0.94792 0.025
vt 0.94792 0.025
vt 0.94792 0.105
vt 0.94792 0.105
vt 0.94792 0.025
vt 0.94792 0.225
vt 0.94792 0.105
vt 0.94792 0.105
vt 0.94792 0.225
vt 0.94792 0.225
vt 0.94792 0.105
vt 0.5125 0.855
vt 0.5125 0.775
vt 0.6125 0.775
vt 0.5125 0.855
vt 0.6125 0.775
vt 0.6125 0.975
vt 0.5125 0.975
vt 0.5125 0.855
vt 0.6125 0.975
vt 0.5125 0.855
vt 0.6125 0.775
vt 0.5125 0.775
vt 0.5125 0.855
vt 0.6125 0.975
vt 0.6125 0.775
vt 0.5125 0.975
vt 0.6125 0.975
vt 0.5125 0.855
vt 0.2625 0.775
vt 0.2625 0.875
vt 0.3625 0.775
vt 0.3625 0.775
vt 0.2625 0.875
vt 0.3625 0.975
vt 0.2625 0.875
vt 0.2625 0.975
vt 0.3625 0.975
vt 0.2625 0.775
vt 0.3625 0.775
vt 0.2625 0.875
vt 0.3625 0.775
vt 0.3625 0.975
vt 0.2625 0.875
vt 0.2625 0.875
vt 0.3625 0.975
vt 0.2625 0.975
vt 0.2625 0.875
vt 0.2625 0.775
vt 0.3625 0.775
vt 0.2625 0.875
vt 0.3625 0.775
vt 0.3625 0.975
vt 0.2625 0.975
vt 0.2625 0.875
vt 0.3625 0.975
vt 0.2625 0.875
vt 0.3625 0.775
vt 0.2625 0.775
vt 0.2625 0.875
vt 0.3625 0.975
vt 0.3625 0.775
vt 0.2625 0.975
vt 0.3625 0.975
vt 0.2625 0.875
vt 0.3875 0.775
vt 0.3875 0.875
vt 0.4875 0.775
vt 0.4875 0.775
vt 0.3875 0.875
vt 0.4875 0.975
vt 0.3875 0.875
vt 0.3875 0.975
vt 0.4875 0.975
vt 0.3875 0.775
vt 0.4875 0.775
vt 0.3875 0.875
vt 0.4875 0.775
vt 0.4875 0.975
vt 0.3875 0.875
vt 0.3875 0.875
vt 0.4875 0.975
vt 0.3875 0.975
vt 0.3875 0.875
vt 0.3875 0.775
vt 0.4875 0.775
vt 0.3875 0.875
vt 0.4875 0.775
vt 0.4875 0.975
vt 0.3875 0.975
vt 0.3875 0.875
vt 0.4875 0.975
vt 0.3875 0.875
vt 0.4875 0.775
vt 0.3875 0.775
vt 0.3875 0.875
vt 0.4875 0.975
vt 0.4875 0.775
vt 0.3875 0.975
vt 0.4875 0.975
vt 0.3875 0.875
vt 0.94792 0.025
vt 0.94792 0.125
vt 0.94792 0.025
vt 0.94792 0.025
vt 0.94792 0.125
vt 0.94792 0.225
vt 0.94792 0.125
vt 0.94792 0.225
vt 0.94792 0.225
vt 0.94792 0.025
vt 0.94792 0.025
vt 0.94792 0.125
vt 0.94792 0.025
vt 0.94792 0.225
vt 0.94792 0.125
vt 0.94792 0.125
vt 0.94792 0.225
vt 0.94792 0.225
vt 0.94792 0.125
vt 0.94792 0.025
vt 0.94792 0.025
vt 0.94792 0.125
vt 0.94792 0.025
vt 0.94792 0.225
vt 0.94792 0.225
vt 0.94792 0.125
vt 0.94792 0.225
vt 0.94792 0.125
vt 0.94792 0.025
vt 0.94792 0.025
vt 0.94792 0.125
vt 0.94792 0.225
vt 0.94792 0.025
vt 0.94792 0.225
vt 0.94792 0.225
vt 0.94792 0.125

f 9/1 1/2 2/3
f 10/4 9/5 2/6
f 10/7 2/8 3/9
f 11/10 10/11 3/12
f 11/13 3/14 4/15
f 12/16 11/17 4/18
f 12/19 4/20 5/21
f 13/22 12/23 5/24
f 13/25 5/26 14/27
f 5/28 6/29 14/30
f 14/31 6/32 15/33
f 6/34 7/35 15/36
f 15/37 7/38 16/39
f 7/40 8/41 16/42
f 16/43 8/44 9/45
f 8/46 1/47 9/48
f 17/49 9/50 10/51
f 18/52 17/53 10/54
f 18/55 10/56 11/57
f 19/58 18/59 11/60
f 19/61 11/62 12/63
f 20/64 19/65 12/66
f 20/67 12/68 13/69
f 21/70 20/71 13/72
f 21/73 13/74 22/75
f 13/76 14/77 22/78
f 22/79 14/80 23/81
f 14/82 15/83 23/84
f 23/85 15/86 24/87
f 15/88 16/89 24/90
f 24/91 16/92 17/93
f 16/94 9/95 17/96
f 25/97 17/98 18/99
f 26/100 25/101 18/102
f 26/103 18/104 19/105
f 27/106 26/107 19/108
f 27/109 19/110 20/111
f 28/112 27/113 20/114
f 28/115 20/116 21/117
f 29/118 28/119 21/120
f 29/121 21/122 30/123
f 21/124 22/125 30/126
f 30/127 22/128 31/129
f 22/130 23/131 31/132
f 31/133 23/134 32/135
f 23/136 24/137 32/138
f 32/139 24/140 25/141
f 24/142 17/143 25/144
f 33/145 25/146 26/147
f 34/148 33/149 26/150
f 34/151 26/152 27/153
f 35/154 34/155 27/156
f 35/157 27/158 28/159
f 36/160 35/161 28/162
f 36/163 28/164 29/165
f 37/166 36/167 29/168
f 37/169 29/170 38/171
f 29/172 30/173 38/174
f 38/175 30/176 39/177
f 30/178 31/179 39/180
f 39/181 31/182 40/183
f 31/184 32/185 40/186
f 40/187 32/188 33/189
f 32/190 25/191 33/192
f 41/193 33/194 34/195
f 42/196 41/197 34/198
f 42/199 34/200 35/201
f 43/202 42/203 35/204
f 43/205 35/206 36/207
f 44/208 43/209 36/210
f 44/211 36/212 37/213
f 45/214 44/215 37/216
f 45/217 37/218 46/219
f 37/220 38/221 46/222
f 46/223 38/224 47/225
f 38/226 39/227 47/228
f 47/229 39/230 48/231
f 39/232 40/233 48/234
f 48/235 40/236 41/237
f 40/238 33/239 41/240
f 49/241 41/242 42/243
f 50/244 49/245 42/246
f 50/247 42/248 43/249
f 51/250 50/251 43/252
f 51/253 43/254 44/255
f 52/256 51/257 44/258
f 52/259 44/260 45/261
f 53/262 52/263 45/264
f 53/265 45/266 54/267
f 45/268 46/269 54/270
f 54/271 46/272 55/273
f 46/274 47/275 55/276
f 55/277 47/278 56/279
f 47/280 48/281 56/282
f 56/283 48/284 49/285
f 48/286 41/287 49/288
f 57/289 49/290 50/291
f 58/292 57/293 50/294
f 58/295 50/296 51/297
f 59/298 58/299 51/300
f 59/301 51/302 52/303
f 60/304 59/305 52/306
f 60/307 52/308 53/309
f 61/310 60/311 53/312
f 61/313 53/314 62/315
f 53/316 54/317 62/318
f 62/319 54/320 63/321
f 54/322 55/323 63/324
f 63/325 55/326 64/327
f 55/328 56/329 64/330
f 64/331 56/332 57/333
f 56/334 49/335 57/336
f 65/337 57/338 58/339
f 66/340 65/341 58/342
f 66/343 58/344 59/345
f 67/346 66/347 59/348
f 67/349 59/350 60/351
f 68/352 67/353 60/354
f 68/355 60/356 61/357
f 69/358 68/359 61/360
f 69/361 61/362 70/363
f 61/364 62/365 70/366
f 70/367 62/368 71/369
f 62/370 63/371 71/372
f 71/373 63/374 72/375
f 63/376 64/377 72/378
f 72/379 64/380 65/381
f 64/382 57/383 65/384
f 73/385 65/386 66/387
f 74/388 73/389 66/390
f 74/391 66/392 67/393
f 75/394 74/395 67/396
f 75/397 67/398 68/399
f 76/400 75/401 68/402
f 76/403 68/404 69/405
f 77/406 76/407 69/408
f 77/409 69/410 78/411
f 69/412 70/413 78/414
f 78/415 70/416 79/417
f 70/418 71/419 79/420
f 79/421 71/422 80/423
f 71/424 72/425 80/426
f 80/427 72/428 73/429
f 72/430 65/431 73/432
f 89/433 81/434 82/435
f 90/436 89/437 82/438
f 90/439 82/440 83/441
f 91/442 90/443 83/444
f 91/445 83/446 84/447
f 92/448 91/449 84/450
f 92/451 84/452 85/453
f 93/454 92/455 85/456
f 93/457 85/458 94/459
f 85/460 86/461 94/462
f 94/463 86/464 95/465
f 86/466 87/467 95/468
f 95/469 87/470 96/471
f 87/472 88/473 96/474
f 96/475 88/476 89/477
f 88/478 81/479 89/480
f 97/481 89/482 90/483
f 98/484 97/485 90/486
f 98/487 90/488 91/489
f 99/490 98/491 91/492
f 99/493 91/494 92/495
f 100/496 99/497 92/498
f 100/499 92/500 93/501
f 101/502 100/503 93/504
f 101/505 93/506 102/507
f 93/508 94/509 102/510
f 102/511 94/512 103/513
f 94/514 95/515 103/516
f 103/517 95/518 104/519
f 95/520 96/521 104/522
f 104/523 96/524 97/525
f 96/526 89/527 97/528
f 105/529 97/530 98/531
f 106/532 105/533 98/534
f 106/535 98/536 99/537
f 107/538 106/539 99/540
f 107/541 99/542 100/543
f 108/544 107/545 100/546
f 108/547 100/548 101/549
f 109/550 108/551 101/552
f 109/553 101/554 110/555
f 101/556 102/557 110/558
f 110/559 102/560 111/561
f 102/562 103/563 111/564
f 111/565 103/566 112/567
f 103/568 104/569 112/570
f 112/571 104/572 105/573
f 104/574 97/575 105/576
f 113/577 105/578 106/579
f 114/580 113/581 106/582
f 114/583 106/584 107/585
f 115/586 114/587 107/588
f 115/589 107/590 108/591
f 116/592 115/593 108/594
f 116/595 108/596 109/597
f 117/598 116/599 109/600
f 117/601 109/602 118/603
f 109/604 110/605 118/606
f 118/607 110/608 119/609
f 110/610 111/611 119/612
f 119/613 111/614 120/615
f 111/616 112/617 120/618
f 120/619 112/620 113/621
f 112/622 105/623 113/624
f 121/625 113/626 114/627
f 122/628 121/629 114/630
f 122/631 114/632 115/633
f 123/634 122/635 115/636
f 123/637 115/638 116/639
f 124/640 123/641 116/642
f 124/643 116/644 117/645
f 125/646 124/647 117/648
f 125/649 117/650 126/651
f 117/652 118/653 126/654
f 126/655 118/656 127/657
f 118/658 119/659 127/660
f 127/661 119/662 128/663
f 119/664 120/665 128/666
f 128/667 120/668 121/669
f 120/670 113/671 121/672
f 129/673 121/674 122/675
f 130/676 129/677 122/678
f 130/679 122/680 123/681
f 131/682 130/683 123/684
f 131/685 123/686 124/687
f 132/688 131/689 124/690
f 132/691 124/692 125/693
f 133/694 132/695 125/696
f 133/697 125/698 134/699
f 125/700 126/701 134/702
f 134/703 126/704 135/705
f 126/706 127/707 135/708
f 135/709 127/710 136/711
f 127/712 128/713 136/714
f 136/715 128/716 129/717
f 128/718 121/719 129/720
f 137/721 129/722 130/723
f 138/724 137/725 130/726
f 138/727 130/728 131/729
f 139/730 138/731 131/732
f 139/733 131/734 132/735
f 140/736 139/737 132/738
f 140/739 132/740 133/741
f 141/742 140/743 133/744
f 141/745 133/746 142/747
f 133/748 134/749 142/750
f 142/751 134/752 143/753
f 134/754 135/755 143/756
f 143/757 135/758 144/759
f 135/760 136/761 144/762
f 144/763 136/764 137/765
f 136/766 129/767 137/768
f 145/769 137/770 138/771
f 146/772 145/773 138/774
f 146/775 138/776 139/777
f 147/778 146/779 139/780
f 147/781 139/782 140/783
f 148/784 147/785 140/786
f 148/787 140/788 141/789
f 149/790 148/791 141/792
f 149/793 141/794 150/795
f 141/796 142/797 150/798
f 150/799 142/800 151/801
f 142/802 143/803 151/804
f 151/805 143/806 152/807
f 143/808 144/809 152/810
f 152/811 144/812 145/813
f 144/814 137/815 145/816
f 153/817 145/818 146/819
f 154/820 153/821 146/822
f 154/823 146/824 147/825
f 155/826 154/827 147/828
f 155/829 147/830 148/831
f 156/832 155/833 148/834
f 156/835 148/836 149/837
f 157/838 156/839 149/840
f 157/841 149/842 158/843
f 149/844 150/845 158/846
f 158/847 150/848 159/849
f 150/850 151/851 159/852
f 159/853 151/854 160/855
f 151/856 152/857 160/858
f 160/859 152/860 153/861
f 152/862 145/863 153/864
f 161/865 153/866 154/867
f 162/868 161/869 154/870
f 162/871 154/872 155/873
f 163/874 162/875 155/876
f 163/877 155/878 156/879
f 164/880 163/881 156/882
f 164/883 156/884 157/885
f 165/886 164/887 157/888
f 165/889 157/890 166/891
f 157/892 158/893 166/894
f 166/895 158/896 167/897
f 158/898 159/899 167/900
f 167/901 159/902 168/903
f 159/904 160/905 168/906
f 168/907 160/908 161/909
f 160/910 153/911 161/912
f 169/913 161/914 162/915
f 170/916 169/917 162/918
f 170/919 162/920 163/921
f 171/922 170/923 163/924
f 171/925 163/926 164/927
f 172/928 171/929 164/930
f 172/931 164/932 165/933
f 173/934 172/935 165/936
f 173/937 165/938 174/939
f 165/940 166/941 174/942
f 174/943 166/944 175/945
f 166/946 167/947 175/948
f 175/949 167/950 176/951
f 167/952 168/953 176/954
f 176/955 168/956 169/957
f 168/958 161/959 169/960
f 177/961 169/962 170/963
f 178/964 177/965 170/966
f 178/967 170/968 171/969
f 179/970 178/971 171/972
f 179/973 171/974 172/975
f 180/976 179/977 172/978
f 180/979 172/980 173/981
f 181/982 180/983 173/984
f 181/985 173/986 182/987
f 173/988 174/989 182/990
f 182/991 174/992 183/993
f 174/994 175/995 183/996
f 183/997 175/998 184/999
f 175/1000 176/1001 184/1002
f 184/1003 176/1004 177/1005
f 176/1006 169/1007 177/1008
f 185/1009 177/1010 178/1011
f 186/1012 185/1013 178/1014
f 186/1015 178/1016 179/1017
f 187/1018 186/1019 179/1020
f 187/1021 179/1022 180/1023
f 188/1024 187/1025 180/1026
f 188/1027 180/1028 181/1029
f 189/1030 188/1031 181/1032
f 189/1033 181/1034 190/1035
f 181/1036 182/1037 190/1038
f 190/1039 182/1040 191/1041
f 182/1042 183/1043 191/1044
f 191/1045 183/1046 192/1047
f 183/1048 184/1049 192/1050
f 192/1051 184/1052 185/1053
f 184/1054 177/1055 185/1056
f 201/1057 193/1058 194/1059
f 202/1060 201/1061 194/1062
f 202/1063 194/1064 195/1065
f 203/1066 202/1067 195/1068
f 203/1069 195/1070 196/1071
f 204/1072 203/1073 196/1074
f 204/1075 196/1076 197/1077
f 205/1078 204/1079 197/1080
f 205/1081 197/1082 206/1083
f 197/1084 198/1085 206/1086
f 206/1087 198/1088 207/1089
f 198/1090 199/1091 207/1092
f 207/1093 199/1094 208/1095
f 199/1096 200/1097 208/1098
f 208/1099 200/1100 201/1101
f 200/1102 193/1103 201/1104
f 209/1105 201/1106 202/1107
f 210/1108 209/1109 202/1110
f 210/1111 202/1112 203/1113
f 211/1114 210/1115 203/1116
f 211/1117 203/1118 204/1119
f 212/1120 211/1121 204/1122
f 212/1123 204/1124 205/1125
f 213/1126 212/1127 205/1128
f 213/1129 205/1130 214/1131
f 205/1132 206/1133 214/1134
f 214/1135 206/1136 215/1137
f 206/1138 207/1139 215/1140
f 215/1141 207/1142 216/1143
f 207/1144 208/1145 216/1146
f 216/1147 208/1148 209/1149
f 208/1150 201/1151 209/1152
f 217/1153 209/1154 210/1155
f 218/1156 217/1157 210/1158
f 218/1159 210/1160 211/1161
f 219/1162 218/1163 211/1164
f 219/1165 211/1166 212/1167
f 220/1168 219/1169 212/1170
f 220/1171 212/1172 213/1173
f 221/1174 220/1175 213/1176
f 221/1177 213/1178 222/1179
f 213/1180 214/1181 222/1182
f 222/1183 214/1184 223/1185
f 214/1186 215/1187 223/1188
f 223/1189 215/1190 224/1191
f 215/1192 216/1193 224/1194
f 224/1195 216/1196 217/1197
f 216/1198 209/1199 217/1200
f 225/1201 217/1202 218/1203
f 226/1204 225/1205 218/1206
f 226/1207 218/1208 219/1209
f 227/1210 226/1211 219/1212
f 227/1213 219/1214 220/1215
f 228/1216 227/1217 220/1218
f 228/1219 220/1220 221/1221
f 229/1222 228/1223 221/1224
f 229/1225 221/1226 230/1227
f 221/1228 222/1229 230/1230
f 230/1231 222/1232 231/1233
f 222/1234 223/1235 231/1236
f 231/1237 223/1238 232/1239
f 223/1240 224/1241 232/1242
f 232/1243 224/1244 225/1245
f 224/1246 217/1247 225/1248
f 233/1249 225/1250 226/1251
f 234/1252 233/1253 226/1254
f 234/1255 226/1256 227/1257
f 235/1258 234/1259 227/1260
f 235/1261 227/1262 228/1263
f 236/1264 235/1265 228/1266
f 236/1267 228/1268 229/1269
f 237/1270 236/1271 229/1272
f 237/1273 229/1274 238/1275
f 229/1276 230/1277 238/1278
f 238/1279 230/1280 239/1281
f 230/1282 231/1283 239/1284
f 239/1285 231/1286 240/1287
f 231/1288 232/1289 240/1290
f 240/1291 232/1292 233/1293
f 232/1294 225/1295 233/1296
f 241/1297 233/1298 234/1299
f 242/1300 241/1301 234/1302
f 242/1303 234/1304 235/1305
f 243/1306 242/1307 235/1308
f 243/1309 235/1310 236/1311
f 244/1312 243/1313 236/1314
f 244/1315 236/1316 237/1317
f 245/1318 244/1319 237/1320
f 245/1321 237/1322 246/1323
f 237/1324 238/1325 246/1326
f 246/1327 238/1328 247/1329
f 238/1330 239/1331 247/1332
f 247/1333 239/1334 248/1335
f 239/1336 240/1337 248/1338
f 248/1339 240/1340 241/1341
f 240/1342 233/1343 241/1344
f 249/1345 241/1346 242/1347
f 250/1348 249/1349 242/1350
f 250/1351 242/1352 243/1353
f 251/1354 250/1355 243/1356
f 251/1357 243/1358 244/1359
f 252/1360 251/1361 244/1362
f 252/1363 244/1364 245/1365
f 253/1366 252/1367 245/1368
f 253/1369 245/1370 254/1371
f 245/1372 246/1373 254/1374
f 254/1375 246/1376 255/1377
f 246/1378 247/1379 255/1380
f 255/1381 247/1382 256/1383
f 247/1384 248/1385 256/1386
f 256/1387 248/1388 249/1389
f 248/1390 241/1391 249/1392
f 257/1393 249/1394 250/1395
f 258/1396 257/1397 250/1398
f 258/1399 250/1400 251/1401
f 259/1402 258/1403 251/1404
f 259/1405 251/1406 252/1407
f 260/1408 259/1409 252/1410
f 260/1411 252/1412 253/1413
f 261/1414 260/1415 253/1416
f 261/1417 253/1418 262/1419
f 253/1420 254/1421 262/1422
f 262/1423 254/1424 263/1425
f 254/1426 255/1427 263/1428
f 263/1429 255/1430 264/1431
f 255/1432 256/1433 264/1434
f 264/1435 256/1436 257/1437
f 256/1438 249/1439 257/1440
f 265/1441 257/1442 258/1443
f 266/1444 265/1445 258/1446
f 266/1447 258/1448 259/1449
f 267/1450 266/1451 259/1452
f 267/1453 259/1454 260/1455
f 268/1456 267/1457 260/1458
f 268/1459 260/1460 261/1461
f 269/1462 268/1463 261/1464
f 269/1465 261/1466 270/1467
f 261/1468 262/1469 270/1470
f 270/1471 262/1472 271/1473
f 262/1474 263/1475 271/1476
f 271/1477 263/1478 272/1479
f 263/1480 264/1481 272/1482
f 272/1483 264/1484 265/1485
f 264/1486 257/1487 265/1488
f 273/1489 265/1490 266/1491
f 274/1492 273/1493 266/1494
f 274/1495 266/1496 267/1497
f 275/1498 274/1499 267/1500
f 275/1501 267/1502 268/1503
f 276/1504 275/1505 268/1506
f 276/1507 268/1508 269/1509
f 277/1510 276/1511 269/1512
f 277/1513 269/1514 278/1515
f 269/1516 270/1517 278/1518
f 278/1519 270/1520 279/1521
f 270/1522 271/1523 279/1524
f 279/1525 271/1526 280/1527
f 271/1528 272/1529 280/1530
f 280/1531 272/1532 273/1533
f 272/1534 265/1535 273/1536
f 281/1537 273/1538 274/1539
f 282/1540 281/1541 274/1542
f 282/1543 274/1544 275/1545
f 283/1546 282/1547 275/1548
f 283/1549 275/1550 276/1551
f 284/1552 283/1553 276/1554
f 284/1555 276/1556 277/1557
f 285/1558 284/1559 277/1560
f 285/1561 277/1562 286/1563
f 277/1564 278/1565 286/1566
f 286/1567 278/1568 287/1569
f 278/1570 279/1571 287/1572
f 287/1573 279/1574 288/1575
f 279/1576 280/1577 288/1578
f 288/1579 280/1580 281/1581
f 280/1582 273/1583 281/1584
f 289/1585 281/1586 282/1587
f 290/1588 289/1589 282/1590
f 290/1591 282/1592 283/1593
f 291/1594 290/1595 283/1596
f 291/1597 283/1598 284/1599
f 292/1600 291/1601 284/1602
f 292/1603 284/1604 285/1605
f 293/1606 292/1607 285/1608
f 293/1609 285/1610 294/1611
f 285/1612 286/1613 294/1614
f 294/1615 286/1616 295/1617
f 286/1618 287/1619 295/1620
f 295/1621 287/1622 296/1623
f 287/1624 288/1625 296/1626
f 296/1627 288/1628 289/1629
f 288/1630 281/1631 289/1632
f 297/1633 289/1634 290/1635
f 298/1636 297/1637 290/1638
f 298/1639 290/1640 291/1641
f 299/1642 298/1643 291/1644
f 299/1645 291/1646 292/1647
f 300/1648 299/1649 292/1650
f 300/1651 292/1652 293/1653
f 301/1654 300/1655 293/1656
f 301/1657 293/1658 302/1659
f 293/1660 294/1661 302/1662
f 302/1663 294/1664 303/1665
f 294/1666 295/1667 303/1668
f 303/1669 295/1670 304/1671
f 295/1672 296/1673 304/1674
f 304/1675 296/1676 297/1677
f 296/1678 289/1679 297/1680
f 313/1681 305/1682 306/1683
f 314/1684 313/1685 306/1686
f 314/1687 306/1688 307/1689
f 315/1690 314/1691 307/1692
f 315/1693 307/1694 308/1695
f 316/1696 315/1697 308/1698
f 316/1699 308/1700 309/1701
f 317/1702 316/1703 309/1704
f 317/1705 309/1706 318/1707
f 309/1708 310/1709 318/1710
f 318/1711 310/1712 319/1713
f 310/1714 311/1715 319/1716
f 319/1717 311/1718 320/1719
f 311/1720 312/1721 320/1722
f 320/1723 312/1724 313/1725
f 312/1726 305/1727 313/1728
f 321/1729 313/1730 314/1731
f 322/1732 321/1733 314/1734
f 322/1735 314/1736 315/1737
f 323/1738 322/1739 315/1740
f 323/1741 315/1742 316/1743
f 324/1744 323/1745 316/1746
f 324/1747 316/1748 317/1749
f 325/1750 324/1751 317/1752
f 325/1753 317/1754 326/1755
f 317/1756 318/1757 326/1758
f 326/1759 318/1760 327/1761
f 318/1762 319/1763 327/1764
f 327/1765 319/1766 328/1767
f 319/1768 320/1769 328/1770
f 328/1771 320/1772 321/1773
f 320/1774 313/1775 321/1776
f 329/1777 321/1778 322/1779
f 330/1780 329/1781 322/1782
f 330/1783 322/1784 323/1785
f 331/1786 330/1787 323/1788
f 331/1789 323/1790 324/1791
f 332/1792 331/1793 324/1794
f 332/1795 324/1796 325/1797
f 333/1798 332/1799 325/1800
f 333/1801 325/1802 334/1803
f 325/1804 326/1805 334/1806
f 334/1807 326/1808 335/1809
f 326/1810 327/1811 335/1812
f 335/1813 327/1814 336/1815
f 327/1816 328/1817 336/1818
f 336/1819 328/1820 329/1821
f 328/1822 321/1823 329/1824
f 337/1825 329/1826 330/1827
f 338/1828 337/1829 330/1830
f 338/1831 330/1832 331/1833
f 339/1834 338/1835 331/1836
f 339/1837 331/1838 332/1839
f 340/1840 339/1841 332/1842
f 340/1843 332/1844 333/1845
f 341/1846 340/1847 333/1848
f 341/1849 333/1850 342/1851
f 333/1852 334/1853 342/1854
f 342/1855 334/1856 343/1857
f 334/1858 335/1859 343/1860
f 343/1861 335/1862 344/1863
f 335/1864 336/1865 344/1866
f 344/1867 336/1868 337/1869
f 336/1870 329/1871 337/1872
f 345/1873 337/1874 338/1875
f 346/1876 345/1877 338/1878
f 346/1879 338/1880 339/1881
f 347/1882 346/1883 339/1884
f 347/1885 339/1886 340/1887
f 348/1888 347/1889 340/1890
f 348/1891 340/1892 341/1893
f 349/1894 348/1895 341/1896
f 349/1897 341/1898 350/1899
f 341/1900 342/1901 350/1902
f 350/1903 342/1904 351/1905
f 342/1906 343/1907 351/1908
f 351/1909 343/1910 352/1911
f 343/1912 344/1913 352/1914
f 352/1915 344/1916 345/1917
f 344/1918 337/1919 345/1920
f 353/1921 345/1922 346/1923
f 354/1924 353/1925 346/1926
f 354/1927 346/1928 347/1929
f 355/1930 354/1931 347/1932
f 355/1933 347/1934 348/1935
f 356/1936 355/1937 348/1938
f 356/1939 348/1940 349/1941
f 357/1942 356/1943 349/1944
f 357/1945 349/1946 358/1947
f 349/1948 350/1949 358/1950
f 358/1951 350/1952 359/1953
f 350/1954 351/1955 359/1956
f 359/1957 351/1958 360/1959
f 351/1960 352/1961 360/1962
f 360/1963 352/1964 353/1965
f 352/1966 345/1967 353/1968
f 361/1969 353/1970 354/1971
f 362/1972 361/1973 354/1974
f 362/1975 354/1976 355/1977
f 363/1978 362/1979 355/1980
f 363/1981 355/1982 356/1983
f 364/1984 363/1985 356/1986
f 364/1987 356/1988 357/1989
f 365/1990 364/1991 357/1992
f 365/1993 357/1994 366/1995
f 357/1996 358/1997 366/1998
f 366/1999 358/2000 367/2001
f 358/2002 359/2003 367/2004
f 367/2005 359/2006 368/2007
f 359/2008 360/2009 368/2010
f 368/2011 360/2012 361/2013
f 360/2014 353/2015 361/2016
f 369/2017 361/2018 362/2019
f 370/2020 369/2021 362/2022
f 370/2023 362/2024 363/2025
f 371/2026 370/2027 363/2028
f 371/2029 363/2030 364/2031
f 372/2032 371/2033 364/2034
f 372/2035 364/2036 365/2037
f 373/2038 372/2039 365/2040
f 373/2041 365/2042 374/2043
f 365/2044 366/2045 374/2046
f 374/2047 366/2048 375/2049
f 366/2050 367/2051 375/2052
f 375/2053 367/2054 376/2055
f 367/2056 368/2057 376/2058
f 376/2059 368/2060 369/2061
f 368/2062 361/2063 369/2064
f 377/2065 369/2066 370/2067
f 378/2068 377/2069 370/2070
f 378/2071 370/2072 371/2073
f 379/2074 378/2075 371/2076
f 379/2077 371/2078 372/2079
f 380/2080 379/2081 372/2082
f 380/2083 372/2084 373/2085
f 381/2086 380/2087 373/2088
f 381/2089 373/2090 382/2091
f 373/2092 374/2093 382/2094
f 382/2095 374/2096 383/2097
f 374/2098 375/2099 383/2100
f 383/2101 375/2102 384/2103
f 375/2104 376/2105 384/2106
f 384/2107 376/2108 377/2109
f 376/2110 369/2111 377/2112
f 385/2113 377/2114 378/2115
f 386/2116 385/2117 378/2118
f 386/2119 378/2120 379/2121
f 387/2122 386/2123 379/2124
f 387/2125 379/2126 380/2127
f 388/2128 387/2129 380/2130
f 388/2131 380/2132 381/2133
f 389/2134 388/2135 381/2136
f 389/2137 381/2138 390/2139
f 381/2140 382/2141 390/2142
f 390/2143 382/2144 391/2145
f 382/2146 383/2147 391/2148
f 391/2149 383/2150 392/2151
f 383/2152 384/2153 392/2154
f 392/2155 384/2156 385/2157
f 384/2158 377/2159 385/2160
f 393/2161 385/2162 386/2163
f 394/2164 393/2165 386/2166
f 394/2167 386/2168 387/2169
f 395/2170 394/2171 387/2172
f 395/2173 387/2174 388/2175
f 396/2176 395/2177 388/2178
f 396/2179 388/2180 389/2181
f 397/2182 396/2183 389/2184
f 397/2185 389/2186 398/2187
f 389/2188 390/2189 398/2190
f 398/2191 390/2192 399/2193
f 390/2194 391/2195 399/2196
f 399/2197 391/2198 400/2199
f 391/2200 392/2201 400/2202
f 400/2203 392/2204 393/2205
f 392/2206 385/2207 393/2208
f 401/2209 393/2210 394/2211
f 402/2212 401/2213 394/2214
f 402/2215 394/2216 395/2217
f 403/2218 402/2219 395/2220
f 403/2221 395/2222 396/2223
f 404/2224 403/2225 396/2226
f 404/2227 396/2228 397/2229
f 405/2230 404/2231 397/2232
f 405/2233 397/2234 406/2235
f 397/2236 398/2237 406/2238
f 406/2239 398/2240 407/2241
f 398/2242 399/2243 407/2244
f 407/2245 399/2246 408/2247
f 399/2248 400/2249 408/2250
f 408/2251 400/2252 401/2253
f 400/2254 393/2255 401/2256
f 409/2257 401/2258 402/2259
f 410/2260 409/2261 402/2262
f 410/2263 402/2264 403/2265
f 411/2266 410/2267 403/2268
f 411/2269 403/2270 404/2271
f 412/2272 411/2273 404/2274
f 412/2275 404/2276 405/2277
f 413/2278 412/2279 405/2280
f 413/2281 405/2282 414/2283
f 405/2284 406/2285 414/2286
f 414/2287 406/2288 415/2289
f 406/2290 407/2291 415/2292
f 415/2293 407/2294 416/2295
f 407/2296 408/2297 416/2298
f 416/2299 408/2300 409/2301
f 408/2302 401/2303 409/2304
f 417/2305 409/2306 410/2307
f 418/2308 417/2309 410/2310
f 418/2311 410/2312 411/2313
f 419/2314 418/2315 411/2316
f 419/2317 411/2318 412/2319
f 420/2320 419/2321 412/2322
f 420/2323 412/2324 413/2325
f 421/2326 420/2327 413/2328
f 421/2329 413/2330 422/2331
f 413/2332 414/2333 422/2334
f 422/2335 414/2336 423/2337
f 414/2338 415/2339 423/2340
f 423/2341 415/2342 424/2343
f 415/2344 416/2345 424/2346
f 424/2347 416/2348 417/2349
f 416/2350 409/2351 417/2352
f 433/2353 425/2354 426/2355
f 434/2356 433/2357 426/2358
f 434/2359 426/2360 427/2361
f 435/2362 434/2363 427/2364
f 435/2365 427/2366 428/2367
f 436/2368 435/2369 428/2370
f 436/2371 428/2372 429/2373
f 437/2374 436/2375 429/2376
f 437/2377 429/2378 438/2379
f 429/2380 430/2381 438/2382
f 438/2383 430/2384 439/2385
f 430/2386 431/2387 439/2388
f 439/2389 431/2390 440/2391
f 431/2392 432/2393 440/2394
f 440/2395 432/2396 433/2397
f 432/2398 425/2399 433/2400
f 441/2401 433/2402 434/2403
f 442/2404 441/2405 434/2406
f 442/2407 434/2408 435/2409
f 443/2410 442/2411 435/2412
f 443/2413 435/2414 436/2415
f 444/2416 443/2417 436/2418
f 444/2419 436/2420 437/2421
f 445/2422 444/2423 437/2424
f 445/2425 437/2426 446/2427
f 437/2428 438/2429 446/2430
f 446/2431 438/2432 447/2433
f 438/2434 439/2435 447/2436
f 447/2437 439/2438 448/2439
f 439/2440 440/2441 448/2442
f 448/2443 440/2444 441/2445
f 440/2446 433/2447 441/2448
f 449/2449 441/2450 442/2451
f 450/2452 449/2453 442/2454
f 450/2455 442/2456 443/2457
f 451/2458 450/2459 443/2460
f 451/2461 443/2462 444/2463
f 452/2464 451/2465 444/2466
f 452/2467 444/2468 445/2469
f 453/2470 452/2471 445/2472
f 453/2473 445/2474 454/2475
f 445/2476 446/2477 454/2478
f 454/2479 446/2480 455/2481
f 446/2482 447/2483 455/2484
f 455/2485 447/2486 456/2487
f 447/2488 448/2489 456/2490
f 456/2491 448/2492 449/2493
f 448/2494 441/2495 449/2496
f 457/2497 449/2498 450/2499
f 458/2500 457/2501 450/2502
f 458/2503 450/2504 451/2505
f 459/2506 458/2507 451/2508
f 459/2509 451/2510 452/2511
f 460/2512 459/2513 452/2514
f 460/2515 452/2516 453/2517
f 461/2518 460/2519 453/2520
f 461/2521 453/2522 462/2523
f 453/2524 454/2525 462/2526
f 462/2527 454/2528 463/2529
f 454/2530 455/2531 463/2532
f 463/2533 455/2534 464/2535
f 455/2536 456/2537 464/2538
f 464/2539 456/2540 457/2541
f 456/2542 449/2543 457/2544
f 465/2545 457/2546 458/2547
f 466/2548 465/2549 458/2550
f 466/2551 458/2552 459/2553
f 467/2554 466/2555 459/2556
f 467/2557 459/2558 460/2559
f 468/2560 467/2561 460/2562
f 468/2563 460/2564 461/2565
f 469/2566 468/2567 461/2568
f 469/2569 461/2570 470/2571
f 461/2572 462/2573 470/2574
f 470/2575 462/2576 471/2577
f 462/2578 463/2579 471/2580
f 471/2581 463/2582 472/2583
f 463/2584 464/2585 472/2586
f 472/2587 464/2588 465/2589
f 464/2590 457/2591 465/2592
f 473/2593 465/2594 466/2595
f 474/2596 473/2597 466/2598
f 474/2599 466/2600 467/2601
f 475/2602 474/2603 467/2604
f 475/2605 467/2606 468/2607
f 476/2608 475/2609 468/2610
f 476/2611 468/2612 469/2613
f 477/2614 476/2615 469/2616
f 477/2617 469/2618 478/2619
f 469/2620 470/2621 478/2622
f 478/2623 470/2624 479/2625
f 470/2626 471/2627 479/2628
f 479/2629 471/2630 480/2631
f 471/2632 472/2633 480/2634
f 480/2635 472/2636 473/2637
f 472/2638 465/2639 473/2640
f 481/2641 473/2642 474/2643
f 482/2644 481/2645 474/2646
f 482/2647 474/2648 475/2649
f 483/2650 482/2651 475/2652
f 483/2653 475/2654 476/2655
f 484/2656 483/2657 476/2658
f 484/2659 476/2660 477/2661
f 485/2662 484/2663 477/2664
f 485/2665 477/2666 486/2667
f 477/2668 478/2669 486/2670
f 486/2671 478/2672 487/2673
f 478/2674 479/2675 487/2676
f 487/2677 479/2678 488/2679
f 479/2680 480/2681 488/2682
f 488/2683 480/2684 481/2685
f 480/2686 473/2687 481/2688
f 489/2689 481/2690 482/2691
f 490/2692 489/2693 482/2694
f 490/2695 482/2696 483/2697
f 491/2698 490/2699 483/2700
f 491/2701 483/2702 484/2703
f 492/2704 491/2705 484/2706
f 492/2707 484/2708 485/2709
f 493/2710 492/2711 485/2712
f 493/2713 485/2714 494/2715
f 485/2716 486/2717 494/2718
f 494/2719 486/2720 495/2721
f 486/2722 487/2723 495/2724
f 495/2725 487/2726 496/2727
f 487/2728 488/2729 496/2730
f 496/2731 488/2732 489/2733
f 488/2734 481/2735 489/2736
f 497/2737 489/2738 490/2739
f 498/2740 497/2741 490/2742
f 498/2743 490/2744 491/2745
f 499/2746 498/2747 491/2748
f 499/2749 491/2750 492/2751
f 500/2752 499/2753 492/2754
f 500/2755 492/2756 493/2757
f 501/2758 500/2759 493/2760
f 501/2761 493/2762 502/2763
f 493/2764 494/2765 502/2766
f 502/2767 494/2768 503/2769
f 494/2770 495/2771 503/2772
f 503/2773 495/2774 504/2775
f 495/2776 496/2777 504/2778
f 504/2779 496/2780 497/2781
f 496/2782 489/2783 497/2784
f 505/2785 497/2786 498/2787
f 506/2788 505/2789 498/2790
f 506/2791 498/2792 499/2793
f 507/2794 506/2795 499/2796
f 507/2797 499/2798 500/2799
f 508/2800 507/2801 500/2802
f 508/2803 500/2804 501/2805
f 509/2806 508/2807 501/2808
f 509/2809 501/2810 510/2811
f 501/2812 502/2813 510/2814
f 510/2815 502/2816 511/2817
f 502/2818 503/2819 511/2820
f 511/2821 503/2822 512/2823
f 503/2824 504/2825 512/2826
f 512/2827 504/2828 505/2829
f 504/2830 497/2831 505/2832
f 513/2833 505/2834 506/2835
f 514/2836 513/2837 506/2838
f 514/2839 506/2840 507/2841
f 515/2842 514/2843 507/2844
f 515/2845 507/2846 508/2847
f 516/2848 515/2849 508/2850
f 516/2851 508/2852 509/2853
f 517/2854 516/2855 509/2856
f 517/2857 509/2858 518/2859
f 509/2860 510/2861 518/2862
f 518/2863 510/2864 519/2865
f 510/2866 511/2867 519/2868
f 519/2869 511/2870 520/2871
f 511/2872 512/2873 520/2874
f 520/2875 512/2876 513/2877
f 512/2878 505/2879 513/2880
f 521/2881 513/2882 514/2883
f 522/2884 521/2885 514/2886
f 522/2887 514/2888 515/2889
f 523/2890 522/2891 515/2892
f 523/2893 515/2894 516/2895
f 524/2896 523/2897 516/2898
f 524/2899 516/2900 517/2901
f 525/2902 524/2903 517/2904
f 525/2905 517/2906 526/2907
f 517/2908 518/2909 526/2910
f 526/2911 518/2912 527/2913
f 518/2914 519/2915 527/2916
f 527/2917 519/2918 528/2919
f 519/2920 520/2921 528/2922
f 528/2923 520/2924 521/2925
f 520/2926 513/2927 521/2928
f 529/2929 521/2930 522/2931
f 530/2932 529/2933 522/2934
f 530/2935 522/2936 523/2937
f 531/2938 530/2939 523/2940
f 531/2941 523/2942 524/2943
f 532/2944 531/2945 524/2946
f 532/2947 524/2948 525/2949
f 533/2950 532/2951 525/2952
f 533/2953 525/2954 534/2955
f 525/2956 526/2957 534/2958
f 534/2959 526/2960 535/2961
f 526/2962 527/2963 535/2964
f 535/2965 527/2966 536/2967
f 527/2968 528/2969 536/2970
f 536/2971 528/2972 529/2973
f 528/2974 521/2975 529/2976
f 537/2977 529/2978 530/2979
f 538/2980 537/2981 530/2982
f 538/2983 530/2984 531/2985
f 539/2986 538/2987 531/2988
f 539/2989 531/2990 532/2991
f 540/2992 539/2993 532/2994
f 540/2995 532/2996 533/2997
f 541/2998 540/2999 533/3000
f 541/3001 533/3002 542/3003
f 533/3004 534/3005 542/3006
f 542/3007 534/3008 543/3009
f 534/3010 535/3011 543/3012
f 543/3013 535/3014 544/3015
f 535/3016 536/3017 544/3018
f 544/3019 536/3020 537/3021
f 536/3022 529/3023 537/3024
f 553/3025 545/3026 546/3027
f 554/3028 553/3029 546/3030
f 554/3031 546/3032 547/3033
f 555/3034 554/3035 547/3036
f 555/3037 547/3038 548/3039
f 556/3040 555/3041 548/3042
f 556/3043 548/3044 549/3045
f 557/3046 556/3047 549/3048
f 557/3049 549/3050 558/3051
f 549/3052 550/3053 558/3054
f 558/3055 550/3056 559/3057
f 550/3058 551/3059 559/3060
f 559/3061 551/3062 560/3063
f 551/3064 552/3065 560/3066
f 560/3067 552/3068 553/3069
f 552/3070 545/3071 553/3072
f 561/3073 553/3074 554/3075
f 562/3076 561/3077 554/3078
f 562/3079 554/3080 555/3081
f 563/3082 562/3083 555/3084
f 563/3085 555/3086 556/3087
f 564/3088 563/3089 556/3090
f 564/3091 556/3092 557/3093
f 565/3094 564/3095 557/3096
f 565/3097 557/3098 566/3099
f 557/3100 558/3101 566/3102
f 566/3103 558/3104 567/3105
f 558/3106 559/3107 567/3108
f 567/3109 559/3110 568/3111
f 559/3112 560/3113 568/3114
f 568/3115 560/3116 561/3117
f 560/3118 553/3119 561/3120
f 569/3121 561/3122 562/3123
f 570/3124 569/3125 562/3126
f 570/3127 562/3128 563/3129
f 571/3130 570/3131 563/3132
f 571/3133 563/3134 564/3135
f 572/3136 571/3137 564/3138
f 572/3139 564/3140 565/3141
f 573/3142 572/3143 565/3144
f 573/3145 565/3146 574/3147
f 565/3148 566/3149 574/3150
f 574/3151 566/3152 575/3153
f 566/3154 567/3155 575/3156
f 575/3157 567/3158 576/3159
f 567/3160 568/3161 576/3162
f 576/3163 568/3164 569/3165
f 568/3166 561/3167 569/3168
f 577/3169 569/3170 570/3171
f 578/3172 577/3173 570/3174
f 578/3175 570/3176 571/3177
f 579/3178 578/3179 571/3180
f 579/3181 571/3182 572/3183
f 580/3184 579/3185 572/3186
f 580/3187 572/3188 573/3189
f 581/3190 580/3191 573/3192
f 581/3193 573/3194 582/3195
f 573/3196 574/3197 582/3198
f 582/3199 574/3200 583/3201
f 574/3202 575/3203 583/3204
f 583/3205 575/3206 584/3207
f 575/3208 576/3209 584/3210
f 584/3211 576/3212 577/3213
f 576/3214 569/3215 577/3216
f 585/3217 577/3218 578/3219
f 586/3220 585/3221 578/3222
f 586/3223 578/3224 579/3225
f 587/3226 586/3227 579/3228
f 587/3229 579/3230 580/3231
f 588/3232 587/3233 580/3234
f 588/3235 580/3236 581/3237
f 589/3238 588/3239 581/3240
f 589/3241 581/3242 590/3243
f 581/3244 582/3245 590/3246
f 590/3247 582/3248 591/3249
f 582/3250 583/3251 591/3252
f 591/3253 583/3254 592/3255
f 583/3256 584/3257 592/3258
f 592/3259 584/3260 585/3261
f 584/3262 577/3263 585/3264
f 593/3265 585/3266 586/3267
f 594/3268 593/3269 586/3270
f 594/3271 586/3272 587/3273
f 595/3274 594/3275 587/3276
f 595/3277 587/3278 588/3279
f 596/3280 595/3281 588/3282
f 596/3283 588/3284 589/3285
f 597/3286 596/3287 589/3288
f 597/3289 589/3290 598/3291
f 589/3292 590/3293 598/3294
f 598/3295 590/3296 599/3297
f 590/3298 591/3299 599/3300
f 599/3301 591/3302 600/3303
f 591/3304 592/3305 600/3306
f 600/3307 592/3308 593/3309
f 592/3310 585/3311 593/3312
f 601/3313 593/3314 594/3315
f 602/3316 601/3317 594/3318
f 602/3319 594/3320 595/3321
f 603/3322 602/3323 595/3324
f 603/3325 595/3326 596/3327
f 604/3328 603/3329 596/3330
f 604/3331 596/3332 597/3333
f 605/3334 604/3335 597/3336
f 605/3337 597/3338 606/3339
f 597/3340 598/3341 606/3342
f 606/3343 598/3344 607/3345
f 598/3346 599/3347 607/3348
f 607/3349 599/3350 608/3351
f 599/3352 600/3353 608/3354
f 608/3355 600/3356 601/3357
f 600/3358 593/3359 601/3360
f 609/3361 601/3362 602/3363
f 610/3364 609/3365 602/3366
f 610/3367 602/3368 603/3369
f 611/3370 610/3371 603/3372
f 611/3373 603/3374 604/3375
f 612/3376 611/3377 604/3378
f 612/3379 604/3380 605/3381
f 613/3382 612/3383 605/3384
f 613/3385 605/3386 614/3387
f 605/3388 606/3389 614/3390
f 614/3391 606/3392 615/3393
f 606/3394 607/3395 615/3396
f 615/3397 607/3398 616/3399
f 607/3400 608/3401 616/3402
f 616/3403 608/3404 609/3405
f 608/3406 601/3407 609/3408
f 625/3409 617/3410 618/3411
f 626/3412 625/3413 618/3414
f 626/3415 618/3416 619/3417
f 627/3418 626/3419 619/3420
f 627/3421 619/3422 620/3423
f 628/3424 627/3425 620/3426
f 628/3427 620/3428 621/3429
f 629/3430 628/3431 621/3432
f 629/3433 621/3434 630/3435
f 621/3436 622/3437 630/3438
f 630/3439 622/3440 631/3441
f 622/3442 623/3443 631/3444
f 631/3445 623/3446 632/3447
f 623/3448 624/3449 632/3450
f 632/3451 624/3452 625/3453
f 624/3454 617/3455 625/3456
f 633/3457 625/3458 626/3459
f 634/3460 633/3461 626/3462
f 634/3463 626/3464 627/3465
f 635/3466 634/3467 627/3468
f 635/3469 627/3470 628/3471
f 636/3472 635/3473 628/3474
f 636/3475 628/3476 629/3477
f 637/3478 636/3479 629/3480
f 637/3481 629/3482 638/3483
f 629/3484 630/3485 638/3486
f 638/3487 630/3488 639/3489
f 630/3490 631/3491 639/3492
f 639/3493 631/3494 640/3495
f 631/3496 632/3497 640/3498
f 640/3499 632/3500 633/3501
f 632/3502 625/3503 633/3504
f 641/3505 633/3506 634/3507
f 642/3508 641/3509 634/3510
f 642/3511 634/3512 635/3513
f 643/3514 642/3515 635/3516
f 643/3517 635/3518 636/3519
f 644/3520 643/3521 636/3522
f 644/3523 636/3524 637/3525
f 645/3526 644/3527 637/3528
f 645/3529 637/3530 646/3531
f 637/3532 638/3533 646/3534
f 646/3535 638/3536 647/3537
f 638/3538 639/3539 647/3540
f 647/3541 639/3542 648/3543
f 639/3544 640/3545 648/3546
f 648/3547 640/3548 641/3549
f 640/3550 633/3551 641/3552
f 649/3553 641/3554 642/3555
f 650/3556 649/3557 642/3558
f 650/3559 642/3560 643/3561
f 651/3562 650/3563 643/3564
f 651/3565 643/3566 644/3567
f 652/3568 651/3569 644/3570
f 652/3571 644/3572 645/3573
f 653/3574 652/3575 645/3576
f 653/3577 645/3578 654/3579
f 645/3580 646/3581 654/3582
f 654/3583 646/3584 655/3585
f 646/3586 647/3587 655/3588
f 655/3589 647/3590 656/3591
f 647/3592 648/3593 656/3594
f 656/3595 648/3596 649/3597
f 648/3598 641/3599 649/3600
f 657/3601 649/3602 650/3603
f 658/3604 657/3605 650/3606
f 658/3607 650/3608 651/3609
f 659/3610 658/3611 651/3612
f 659/3613 651/3614 652/3615
f 660/3616 659/3617 652/3618
f 660/3619 652/3620 653/3621
f 661/3622 660/3623 653/3624
f 661/3625 653/3626 662/3627
f 653/3628 654/3629 662/3630
f 662/3631 654/3632 663/3633
f 654/3634 655/3635 663/3636
f 663/3637 655/3638 664/3639
f 655/3640 656/3641 664/3642
f 664/3643 656/3644 657/3645
f 656/3646 649/3647 657/3648
f 665/3649 657/3650 658/3651
f 666/3652 665/3653 658/3654
f 666/3655 658/3656 659/3657
f 667/3658 666/3659 659/3660
f 667/3661 659/3662 660/3663
f 668/3664 667/3665 660/3666
f 668/3667 660/3668 661/3669
f 669/3670 668/3671 661/3672
f 669/3673 661/3674 670/3675
f 661/3676 662/3677 670/3678
f 670/3679 662/3680 671/3681
f 662/3682 663/3683 671/3684
f 671/3685 663/3686 672/3687
f 663/3688 664/3689 672/3690
f 672/3691 664/3692 665/3693
f 664/3694 657/3695 665/3696
f 673/3697 665/3698 666/3699
f 674/3700 673/3701 666/3702
f 674/3703 666/3704 667/3705
f 675/3706 674/3707 667/3708
f 675/3709 667/3710 668/3711
f 676/3712 675/3713 668/3714
f 676/3715 668/3716 669/3717
f 677/3718 676/3719 669/3720
f 677/3721 669/3722 678/3723
f 669/3724 670/3725 678/3726
f 678/3727 670/3728 679/3729
f 670/3730 671/3731 679/3732
f 679/3733 671/3734 680/3735
f 671/3736 672/3737 680/3738
f 680/3739 672/3740 673/3741
f 672/3742 665/3743 673/3744
f 681/3745 673/3746 674/3747
f 682/3748 681/3749 674/3750
f 682/3751 674/3752 675/3753
f 683/3754 682/3755 675/3756
f 683/3757 675/3758 676/3759
f 684/3760 683/3761 676/3762
f 684/3763 676/3764 677/3765
f 685/3766 684/3767 677/3768
f 685/3769 677/3770 686/3771
f 677/3772 678/3773 686/3774
f 686/3775 678/3776 687/3777
f 678/3778 679/3779 687/3780
f 687/3781 679/3782 688/3783
f 679/3784 680/3785 688/3786
f 688/3787 680/3788 681/3789
f 680/3790 673/3791 681/3792
f 697/3793 689/3794 690/3795
f 698/3796 697/3797 690/3798
f 698/3799 690/3800 691/3801
f 699/3802 698/3803 691/3804
f 699/3805 691/3806 692/3807
f 700/3808 699/3809 692/3810
f 700/3811 692/3812 693/3813
f 701/3814 700/3815 693/3816
f 701/3817 693/3818 702/3819
f 693/3820 694/3821 702/3822
f 702/3823 694/3824 703/3825
f 694/3826 695/3827 703/3828
f 703/3829 695/3830 704/3831
f 695/3832 696/3833 704/3834
f 704/3835 696/3836 697/3837
f 696/3838 689/3839 697/3840
f 705/3841 697/3842 698/3843
f 706/3844 705/3845 698/3846
f 706/3847 698/3848 699/3849
f 707/3850 706/3851 699/3852
f 707/3853 699/3854 700/3855
f 708/3856 707/3857 700/3858
f 708/3859 700/3860 701/3861
f 709/3862 708/3863 701/3864
f 709/3865 701/3866 710/3867
f 701/3868 702/3869 710/3870
f 710/3871 702/3872 711/3873
f 702/3874 703/3875 711/3876
f 711/3877 703/3878 712/3879
f 703/3880 704/3881 712/3882
f 712/3883 704/3884 705/3885
f 704/3886 697/3887 705/3888
f 713/3889 705/3890 706/3891
f 714/3892 713/3893 706/3894
f 714/3895 706/3896 707/3897
f 715/3898 714/3899 707/3900
f 715/3901 707/3902 708/3903
f 716/3904 715/3905 708/3906
f 716/3907 708/3908 709/3909
f 717/3910 716/3911 709/3912
f 717/3913 709/3914 718/3915
f 709/3916 710/3917 718/3918
f 718/3919 710/3920 719/3921
f 710/3922 711/3923 719/3924
f 719/3925 711/3926 720/3927
f 711/3928 712/3929 720/3930
f 720/3931 712/3932 713/3933
f 712/3934 705/3935 713/3936
f 721/3937 713/3938 714/3939
f 722/3940 721/3941 714/3942
f 722/3943 714/3944 715/3945
f 723/3946 722/3947 715/3948
f 723/3949 715/3950 716/3951
f 724/3952 723/3953 716/3954
f 724/3955 716/3956 717/3957
f 725/3958 724/3959 717/3960
f 725/3961 717/3962 726/3963
f 717/3964 718/3965 726/3966
f 726/3967 718/3968 727/3969
f 718/3970 719/3971 727/3972
f 727/3973 719/3974 728/3975
f 719/3976 720/3977 728/3978
f 728/3979 720/3980 721/3981
f 720/3982 713/3983 721/3984
f 729/3985 721/3986 722/3987
f 730/3988 729/3989 722/3990
f 730/3991 722/3992 723/3993
f 731/3994 730/3995 723/3996
f 731/3997 723/3998 724/3999
f 732/4000 731/4001 724/4002
f 732/4003 724/4004 725/4005
f 733/4006 732/4007 725/4008
f 733/4009 725/4010 734/4011
f 725/4012 726/4013 734/4014
f 734/4015 726/4016 735/4017
f 726/4018 727/4019 735/4020
f 735/4021 727/4022 736/4023
f 727/4024 728/4025 736/4026
f 736/4027 728/4028 729/4029
f 728/4030 721/4031 729/4032
f 737/4033 729/4034 730/4035
f 738/4036 737/4037 730/4038
f 738/4039 730/4040 731/4041
f 739/4042 738/4043 731/4044
f 739/4045 731/4046 732/4047
f 740/4048 739/4049 732/4050
f 740/4051 732/4052 733/4053
f 741/4054 740/4055 733/4056
f 741/4057 733/4058 742/4059
f 733/4060 734/4061 742/4062
f 742/4063 734/4064 743/4065
f 734/4066 735/4067 743/4068
f 743/4069 735/4070 744/4071
f 735/4072 736/4073 744/4074
f 744/4075 736/4076 737/4077
f 736/4078 729/4079 737/4080
f 745/4081 737/4082 738/4083
f 746/4084 745/4085 738/4086
f 746/4087 738/4088 739/4089
f 747/4090 746/4091 739/4092
f 747/4093 739/4094 740/4095
f 748/4096 747/4097 740/4098
f 748/4099 740/4100 741/4101
f 749/4102 748/4103 741/4104
f 749/4105 741/4106 750/4107
f 741/4108 742/4109 750/4110
f 750/4111 742/4112 751/4113
f 742/4114 743/4115 751/4116
f 751/4117 743/4118 752/4119
f 743/4120 744/4121 752/4122
f 752/4123 744/4124 745/4125
f 744/4126 737/4127 745/4128
f 753/4129 745/4130 746/4131
f 754/4132 753/4133 746/4134
f 754/4135 746/4136 747/4137
f 755/4138 754/4139 747/4140
f 755/4141 747/4142 748/4143
f 756/4144 755/4145 748/4146
f 756/4147 748/4148 749/4149
f 757/4150 756/4151 749/4152
f 757/4153 749/4154 758/4155
f 749/4156 750/4157 758/4158
f 758/4159 750/4160 759/4161
f 750/4162 751/4163 759/4164
f 759/4165 751/4166 760/4167
f 751/4168 752/4169 760/4170
f 760/4171 752/4172 753/4173
f 752/4174 745/4175 753/4176
f 769/4177 761/4178 762/4179
f 770/4180 769/4181 762/4182
f 770/4183 762/4184 763/4185
f 771/4186 770/4187 763/4188
f 771/4189 763/4190 764/4191
f 772/4192 771/4193 764/4194
f 772/4195 764/4196 765/4197
f 773/4198 772/4199 765/4200
f 773/4201 765/4202 774/4203
f 765/4204 766/4205 774/4206
f 774/4207 766/4208 775/4209
f 766/4210 767/4211 775/4212
f 775/4213 767/4214 776/4215
f 767/4216 768/4217 776/4218
f 776/4219 768/4220 769/4221
f 768/4222 761/4223 769/4224
f 777/4225 769/4226 770/4227
f 778/4228 777/4229 770/4230
f 778/4231 770/4232 771/4233
f 779/4234 778/4235 771/4236
f 779/4237 771/4238 772/4239
f 780/4240 779/4241 772/4242
f 780/4243 772/4244 773/4245
f 781/4246 780/4247 773/4248
f 781/4249 773/4250 782/4251
f 773/4252 774/4253 782/4254
f 782/4255 774/4256 783/4257
f 774/4258 775/4259 783/4260
f 783/4261 775/4262 784/4263
f 775/4264 776/4265 784/4266
f 784/4267 776/4268 777/4269
f 776/4270 769/4271 777/4272
f 785/4273 777/4274 778/4275
f 786/4276 785/4277 778/4278
f 786/4279 778/4280 779/4281
f 787/4282 786/4283 779/4284
f 787/4285 779/4286 780/4287
f 788/4288 787/4289 780/4290
f 788/4291 780/4292 781/4293
f 789/4294 788/4295 781/4296
f 789/4297 781/4298 790/4299
f 781/4300 782/4301 790/4302
f 790/4303 782/4304 791/4305
f 782/4306 783/4307 791/4308
f 791/4309 783/4310 792/4311
f 783/4312 784/4313 792/4314
f 792/4315 784/4316 785/4317
f 784/4318 777/4319 785/4320
f 793/4321 785/4322 786/4323
f 794/4324 793/4325 786/4326
f 794/4327 786/4328 787/4329
f 795/4330 794/4331 787/4332
f 795/4333 787/4334 788/4335
f 796/4336 795/4337 788/4338
f 796/4339 788/4340 789/4341
f 797/4342 796/4343 789/4344
f 797/4345 789/4346 798/4347
f 789/4348 790/4349 798/4350
f 798/4351 790/4352 799/4353
f 790/4354 791/4355 799/4356
f 799/4357 791/4358 800/4359
f 791/4360 792/4361 800/4362
f 800/4363 792/4364 793/4365
f 792/4366 785/4367 793/4368
f 801/4369 793/4370 794/4371
f 802/4372 801/4373 794/4374
f 802/4375 794/4376 795/4377
f 803/4378 802/4379 795/4380
f 803/4381 795/4382 796/4383
f 804/4384 803/4385 796/4386
f 804/4387 796/4388 797/4389
f 805/4390 804/4391 797/4392
f 805/4393 797/4394 806/4395
f 797/4396 798/4397 806/4398
f 806/4399 798/4400 807/4401
f 798/4402 799/4403 807/4404
f 807/4405 799/4406 808/4407
f 799/4408 800/4409 808/4410
f 808/4411 800/4412 801/4413
f 800/4414 793/4415 801/4416
f 809/4417 801/4418 802/4419
f 810/4420 809/4421 802/4422
f 810/4423 802/4424 803/4425
f 811/4426 810/4427 803/4428
f 811/4429 803/4430 804/4431
f 812/4432 811/4433 804/4434
f 812/4435 804/4436 805/4437
f 813/4438 812/4439 805/4440
f 813/4441 805/4442 814/4443
f 805/4444 806/4445 814/4446
f 814/4447 806/4448 815/4449
f 806/4450 807/4451 815/4452
f 815/4453 807/4454 816/4455
f 807/4456 808/4457 816/4458
f 816/4459 808/4460 809/4461
f 808/4462 801/4463 809/4464
f 817/4465 809/4466 810/4467
f 818/4468 817/4469 810/4470
f 818/4471 810/4472 811/4473
f 819/4474 818/4475 811/4476
f 819/4477 811/4478 812/4479
f 820/4480 819/4481 812/4482
f 820/4483 812/4484 813/4485
f 821/4486 820/4487 813/4488
f 821/4489 813/4490 822/4491
f 813/4492 814/4493 822/4494
f 822/4495 814/4496 823/4497
f 814/4498 815/4499 823/4500
f 823/4501 815/4502 824/4503
f 815/4504 816/4505 824/4506
f 824/4507 816/4508 817/4509
f 816/4510 809/4511 817/4512
f 825/4513 817/4514 818/4515
f 826/4516 825/4517 818/4518
f 826/4519 818/4520 819/4521
f 827/4522 826/4523 819/4524
f 827/4525 819/4526 820/4527
f 828/4528 827/4529 820/4530
f 828/4531 820/4532 821/4533
f 829/4534 828/4535 821/4536
f 829/4537 821/4538 830/4539
f 821/4540 822/4541 830/4542
f 830/4543 822/4544 831/4545
f 822/4546 823/4547 831/4548
f 831/4549 823/4550 832/4551
f 823/4552 824/4553 832/4554
f 832/4555 824/4556 825/4557
f 824/4558 817/4559 825/4560
f 837/4561 833/4562 834/4563
f 838/4564 837/4565 834/4566
f 838/4567 834/4568 835/4569
f 839/4570 838/4571 835/4572
f 839/4573 835/4574 840/4575
f 835/4576 836/4577 840/4578
f 840/4579 836/4580 837/4581
f 836/4582 833/4583 837/4584
f 841/4585 837/4586 838/4587
f 842/4588 841/4589 838/4590
f 842/4591 838/4592 839/4593
f 843/4594 842/4595 839/4596
f 843/4597 839/4598 844/4599
f 839/4600 840/4601 844/4602
f 844/4603 840/4604 841/4605
f 840/4606 837/4607 841/4608
f 845/4609 841/4610 842/4611
f 846/4612 845/4613 842/4614
f 846/4615 842/4616 843/4617
f 847/4618 846/4619 843/4620
f 847/4621 843/4622 848/4623
f 843/4624 844/4625 848/4626
f 848/4627 844/4628 845/4629
f 844/4630 841/4631 845/4632
f 849/4633 845/4634 846/4635
f 850/4636 849/4637 846/4638
f 850/4639 846/4640 847/4641
f 851/4642 850/4643 847/4644
f 851/4645 847/4646 852/4647
f 847/4648 848/4649 852/4650
f 852/4651 848/4652 849/4653
f 848/4654 845/4655 849/4656
f 853/4657 849/4658 850/4659
f 854/4660 853/4661 850/4662
f 854/4663 850/4664 851/4665
f 855/4666 854/4667 851/4668
f 855/4669 851/4670 856/4671
f 851/4672 852/4673 856/4674
f 856/4675 852/4676 853/4677
f 852/4678 849/4679 853/4680
f 857/4681 853/4682 854/4683
f 858/4684 857/4685 854/4686
f 858/4687 854/4688 855/4689
f 859/4690 858/4691 855/4692
f 859/4693 855/4694 860/4695
f 855/4696 856/4697 860/4698
f 860/4699 856/4700 857/4701
f 856/4702 853/4703 857/4704
f 861/4705 857/4706 858/4707
f 862/4708 861/4709 858/4710
f 862/4711 858/4712 859/4713
f 863/4714 862/4715 859/4716
f 863/4717 859/4718 864/4719
f 859/4720 860/4721 864/4722
f 864/4723 860/4724 861/4725
f 860/4726 857/4727 861/4728
f 865/4729 861/4730 862/4731
f 866/4732 865/4733 862/4734
f 866/4735 862/4736 863/4737
f 867/4738 866/4739 863/4740
f 867/4741 863/4742 868/4743
f 863/4744 864/4745 868/4746
f 868/4747 864/4748 865/4749
f 864/4750 861/4751 865/4752
f 869/4753 865/4754 866/4755
f 870/4756 869/4757 866/4758
f 870/4759 866/4760 867/4761
f 871/4762 870/4763 867/4764
f 871/4765 867/4766 872/4767
f 867/4768 868/4769 872/4770
f 872/4771 868/4772 869/4773
f 868/4774 865/4775 869/4776
f 877/4777 873/4778 874/4779
f 878/4780 877/4781 874/4782
f 878/4783 874/4784 875/4785
f 879/4786 878/4787 875/4788
f 879/4789 875/4790 880/4791
f 875/4792 876/4793 880/4794
f 880/4795 876/4796 877/4797
f 876/4798 873/4799 877/4800
f 881/4801 877/4802 878/4803
f 882/4804 881/4805 878/4806
f 882/4807 878/4808 879/4809
f 883/4810 882/4811 879/4812
f 883/4813 879/4814 884/4815
f 879/4816 880/4817 884/4818
f 884/4819 880/4820 881/4821
f 880/4822 877/4823 881/4824
f 885/4825 881/4826 882/4827
f 886/4828 885/4829 882/4830
f 886/4831 882/4832 883/4833
f 887/4834 886/4835 883/4836
f 887/4837 883/4838 888/4839
f 883/4840 884/4841 888/4842
f 888/4843 884/4844 885/4845
f 884/4846 881/4847 885/4848
f 889/4849 885/4850 886/4851
f 890/4852 889/4853 886/4854
f 890/4855 886/4856 887/4857
f 891/4858 890/4859 887/4860
f 891/4861 887/4862 892/4863
f 887/4864 888/4865 892/4866
f 892/4867 888/4868 889/4869
f 888/4870 885/4871 889/4872
f 893/4873 889/4874 890/4875
f 894/4876 893/4877 890/4878
f 894/4879 890/4880 891/4881
f 895/4882 894/4883 891/4884
f 895/4885 891/4886 896/4887
f 891/4888 892/4889 896/4890
f 896/4891 892/4892 893/4893
f 892/4894 889/4895 893/4896
f 897/4897 893/4898 894/4899
f 898/4900 897/4901 894/4902
f 898/4903 894/4904 895/4905
f 899/4906 898/4907 895/4908
f 899/4909 895/4910 900/4911
f 895/4912 896/4913 900/4914
f 900/4915 896/4916 897/4917
f 896/4918 893/4919 897/4920
f 901/4921 897/4922 898/4923
f 902/4924 901/4925 898/4926
f 902/4927 898/4928 899/4929
f 903/4930 902/4931 899/4932
f 903/4933 899/4934 904/4935
f 899/4936 900/4937 904/4938
f 904/4939 900/4940 901/4941
f 900/4942 897/4943 901/4944
f 905/4945 901/4946 902/4947
f 906/4948 905/4949 902/4950
f 906/4951 902/4952 903/4953
f 907/4954 906/4955 903/4956
f 907/4957 903/4958 908/4959
f 903/4960 904/4961 908/4962
f 908/4963 904/4964 905/4965
f 904/4966 901/4967 905/4968
f 909/4969 905/4970 906/4971
f 910/4972 909/4973 906/4974
f 910/4975 906/4976 907/4977
f 911/4978 910/4979 907/4980
f 911/4981 907/4982 912/4983
f 907/4984 908/4985 912/4986
f 912/4987 908/4988 909/4989
f 908/4990 905/4991 909/4992
f 917/4993 913/4994 914/4995
f 918/4996 917/4997 914/4998
f 918/4999 914/5000 915/5001
f 919/5002 918/5003 915/5004
f 919/5005 915/5006 920/5007
f 915/5008 916/5009 920/5010
f 920/5011 916/5012 917/5013
f 916/5014 913/5015 917/5016
f 921/5017 917/5018 918/5019
f 922/5020 921/5021 918/5022
f 922/5023 918/5024 919/5025
f 923/5026 922/5027 919/5028
f 923/5029 919/5030 924/5031
f 919/5032 920/5033 924/5034
f 924/5035 920/5036 921/5037
f 920/5038 917/5039 921/5040
f 925/5041 921/5042 922/5043
f 926/5044 925/5045 922/5046
f 926/5047 922/5048 923/5049
f 927/5050 926/5051 923/5052
f 927/5053 923/5054 928/5055
f 923/5056 924/5057 928/5058
f 928/5059 924/5060 925/5061
f 924/5062 921/5063 925/5064
f 929/5065 925/5066 926/5067
f 930/5068 929/5069 926/5070
f 930/5071 926/5072 927/5073
f 931/5074 930/5075 927/5076
f 931/5077 927/5078 932/5079
f 927/5080 928/5081 932/5082
f 932/5083 928/5084 929/5085
f 928/5086 925/5087 929/5088
f 933/5089 929/5090 930/5091
f 934/5092 933/5093 930/5094
f 934/5095 930/5096 931/5097
f 935/5098 934/5099 931/5100
f 935/5101 931/5102 936/5103
f 931/5104 932/5105 936/5106
f 936/5107 932/5108 933/5109
f 932/5110 929/5111 933/5112
f 937/5113 933/5114 934/5115
f 938/5116 937/5117 934/5118
f 938/5119 934/5120 935/5121
f 939/5122 938/5123 935/5124
f 939/5125 935/5126 940/5127
f 935/5128 936/5129 940/5130
f 940/5131 936/5132 937/5133
f 936/5134 933/5135 937/5136
f 941/5137 937/5138 938/5139
f 942/5140 941/5141 938/5142
f 942/5143 938/5144 939/5145
f 943/5146 942/5147 939/5148
f 943/5149 939/5150 944/5151
f 939/5152 940/5153 944/5154
f 944/5155 940/5156 941/5157
f 940/5158 937/5159 941/5160
f 945/5161 941/5162 942/5163
f 946/5164 945/5165 942/5166
f 946/5167 942/5168 943/5169
f 947/5170 946/5171 943/5172
f 947/5173 943/5174 948/5175
f 943/5176 944/5177 948/5178
f 948/5179 944/5180 945/5181
f 944/5182 941/5183 945/5184
f 949/5185 945/5186 946/5187
f 950/5188 949/5189 946/5190
f 950/5191 946/5192 947/5193
f 951/5194 950/5195 947/5196
f 951/5197 947/5198 952/5199
f 947/5200 948/5201 952/5202
f 952/5203 948/5204 949/5205
f 948/5206 945/5207 949/5208
f 957/5209 953/5210 954/5211
f 958/5212 957/5213 954/5214
f 958/5215 954/5216 955/5217
f 959/5218 958/5219 955/5220
f 959/5221 955/5222 960/5223
f 955/5224 956/5225 960/5226
f 960/5227 956/5228 957/5229
f 956/5230 953/5231 957/5232
f 961/5233 957/5234 958/5235
f 962/5236 961/5237 958/5238
f 962/5239 958/5240 959/5241
f 963/5242 962/5243 959/5244
f 963/5245 959/5246 964/5247
f 959/5248 960/5249 964/5250
f 964/5251 960/5252 961/5253
f 960/5254 957/5255 961/5256
f 965/5257 961/5258 962/5259
f 966/5260 965/5261 962/5262
f 966/5263 962/5264 963/5265
f 967/5266 966/5267 963/5268
f 967/5269 963/5270 968/5271
f 963/5272 964/5273 968/5274
f 968/5275 964/5276 965/5277
f 964/5278 961/5279 965/5280
f 969/5281 965/5282 966/5283
f 970/5284 969/5285 966/5286
f 970/5287 966/5288 967/5289
f 971/5290 970/5291 967/5292
f 971/5293 967/5294 972/5295
f 967/5296 968/5297 972/5298
f 972/5299 968/5300 969/5301
f 968/5302 965/5303 969/5304
f 973/5305 969/5306 970/5307
f 974/5308 973/5309 970/5310
f 974/5311 970/5312 971/5313
f 975/5314 974/5315 971/5316
f 975/5317 971/5318 976/5319
f 971/5320 972/5321 976/5322
f 976/5323 972/5324 973/5325
f 972/5326 969/5327 973/5328
f 977/5329 973/5330 974/5331
f 978/5332 977/5333 974/5334
f 978/5335 974/5336 975/5337
f 979/5338 978/5339 975/5340
f 979/5341 975/5342 980/5343
f 975/5344 976/5345 980/5346
f 980/5347 976/5348 977/5349
f 976/5350 973/5351 977/5352
f 981/5353 977/5354 978/5355
f 982/5356 981/5357 978/5358
f 982/5359 978/5360 979/5361
f 983/5362 982/5363 979/5364
f 983/5365 979/5366 984/5367
f 979/5368 980/5369 984/5370
f 984/5371 980/5372 981/5373
f 980/5374 977/5375 981/5376
f 985/5377 981/5378 982/5379
f 986/5380 985/5381 982/5382
f 986/5383 982/5384 983/5385
f 987/5386 986/5387 983/5388
f 987/5389 983/5390 988/5391
f 983/5392 984/5393 988/5394
f 988/5395 984/5396 985/5397
f 984/5398 981/5399 985/5400
f 989/5401 985/5402 986/5403
f 990/5404 989/5405 986/5406
f 990/5407 986/5408 987/5409
f 991/5410 990/5411 987/5412
f 991/5413 987/5414 992/5415
f 987/5416 988/5417 992/5418
f 992/5419 988/5420 989/5421
f 988/5422 985/5423 989/5424
f 1001/5425 993/5426 994/5427
f 1002/5428 1001/5429 994/5430
f 1002/5431 994/5432 995/5433
f 1003/5434 1002/5435 995/5436
f 1003/5437 995/5438 996/5439
f 1004/5440 1003/5441 996/5442
f 1004/5443 996/5444 997/5445
f 1005/5446 1004/5447 997/5448
f 1005/5449 997/5450 1006/5451
f 997/5452 998/5453 1006/5454
f 1006/5455 998/5456 1007/5457
f 998/5458 999/5459 1007/5460
f 1007/5461 999/5462 1008/5463
f 999/5464 1000/5465 1008/5466
f 1008/5467 1000/5468 1001/5469
f 1000/5470 993/5471 1001/5472
f 1009/5473 1001/5474 1002/5475
f 1010/5476 1009/5477 1002/5478
f 1010/5479 1002/5480 1003/5481
f 1011/5482 1010/5483 1003/5484
f 1011/5485 1003/5486 1004/5487
f 1012/5488 1011/5489 1004/5490
f 1012/5491 1004/5492 1005/5493
f 1013/5494 1012/5495 1005/5496
f 1013/5497 1005/5498 1014/5499
f 1005/5500 1006/5501 1014/5502
f 1014/5503 1006/5504 1015/5505
f 1006/5506 1007/5507 1015/5508
f 1015/5509 1007/5510 1016/5511
f 1007/5512 1008/5513 1016/5514
f 1016/5515 1008/5516 1009/5517
f 1008/5518 1001/5519 1009/5520
f 1017/5521 1009/5522 1010/5523
f 1018/5524 1017/5525 1010/5526
f 1018/5527 1010/5528 1011/5529
f 1019/5530 1018/5531 1011/5532
f 1019/5533 1011/5534 1012/5535
f 1020/5536 1019/5537 1012/5538
f 1020/5539 1012/5540 1013/5541
f 1021/5542 1020/5543 1013/5544
f 1021/5545 1013/5546 1022/5547
f 1013/5548 1014/5549 1022/5550
f 1022/5551 1014/5552 1023/5553
f 1014/5554 1015/5555 1023/5556
f 1023/5557 1015/5558 1024/5559
f 1015/5560 1016/5561 1024/5562
f 1024/5563 1016/5564 1017/5565
f 1016/5566 1009/5567 1017/5568
f 1025/5569 1017/5570 1018/5571
f 1026/5572 1025/5573 1018/5574
f 1026/5575 1018/5576 1019/5577
f 1027/5578 1026/5579 1019/5580
f 1027/5581 1019/5582 1020/5583
f 1028/5584 1027/5585 1020/5586
f 1028/5587 1020/5588 1021/5589
f 1029/5590 1028/5591 1021/5592
f 1029/5593 1021/5594 1030/5595
f 1021/5596 1022/5597 1030/5598
f 1030/5599 1022/5600 1031/5601
f 1022/5602 1023/5603 1031/5604
f 1031/5605 1023/5606 1032/5607
f 1023/5608 1024/5609 1032/5610
f 1032/5611 1024/5612 1025/5613
f 1024/5614 1017/5615 1025/5616
f 1033/5617 1025/5618 1026/5619
f 1034/5620 1033/5621 1026/5622
f 1034/5623 1026/5624 1027/5625
f 1035/5626 1034/5627 1027/5628
f 1035/5629 1027/5630 1028/5631
f 1036/5632 1035/5633 1028/5634
f 1036/5635 1028/5636 1029/5637
f 1037/5638 1036/5639 1029/5640
f 1037/5641 1029/5642 1038/5643
f 1029/5644 1030/5645 1038/5646
f 1038/5647 1030/5648 1039/5649
f 1030/5650 1031/5651 1039/5652
f 1039/5653 1031/5654 1040/5655
f 1031/5656 1032/5657 1040/5658
f 1040/5659 1032/5660 1033/5661
f 1032/5662 1025/5663 1033/5664
f 1041/5665 1033/5666 1034/5667
f 1042/5668 1041/5669 1034/5670
f 1042/5671 1034/5672 1035/5673
f 1043/5674 1042/5675 1035/5676
f 1043/5677 1035/5678 1036/5679
f 1044/5680 1043/5681 1036/5682
f 1044/5683 1036/5684 1037/5685
f 1045/5686 1044/5687 1037/5688
f 1045/5689 1037/5690 1046/5691
f 1037/5692 1038/5693 1046/5694
f 1046/5695 1038/5696 1047/5697
f 1038/5698 1039/5699 1047/5700
f 1047/5701 1039/5702 1048/5703
f 1039/5704 1040/5705 1048/5706
f 1048/5707 1040/5708 1041/5709
f 1040/5710 1033/5711 1041/5712
f 1049/5713 1041/5714 1042/5715
f 1050/5716 1049/5717 1042/5718
f 1050/5719 1042/5720 1043/5721
f 1051/5722 1050/5723 1043/5724
f 1051/5725 1043/5726 1044/5727
f 1052/5728 1051/5729 1044/5730
f 1052/5731 1044/5732 1045/5733
f 1053/5734 1052/5735 1045/5736
f 1053/5737 1045/5738 1054/5739
f 1045/5740 1046/5741 1054/5742
f 1054/5743 1046/5744 1055/5745
f 1046/5746 1047/5747 1055/5748
f 1055/5749 1047/5750 1056/5751
f 1047/5752 1048/5753 1056/5754
f 1056/5755 1048/5756 1049/5757
f 1048/5758 1041/5759 1049/5760
f 1057/5761 1049/5762 1050/5763
f 1058/5764 1057/5765 1050/5766
f 1058/5767 1050/5768 1051/5769
f 1059/5770 1058/5771 1051/5772
f 1059/5773 1051/5774 1052/5775
f 1060/5776 1059/5777 1052/5778
f 1060/5779 1052/5780 1053/5781
f 1061/5782 1060/5783 1053/5784
f 1061/5785 1053/5786 1062/5787
f 1053/5788 1054/5789 1062/5790
f 1062/5791 1054/5792 1063/5793
f 1054/5794 1055/5795 1063/5796
f 1063/5797 1055/5798 1064/5799
f 1055/5800 1056/5801 1064/5802
f 1064/5803 1056/5804 1057/5805
f 1056/5806 1049/5807 1057/5808
f 1065/5809 1057/5810 1058/5811
f 1066/5812 1065/5813 1058/5814
f 1066/5815 1058/5816 1059/5817
f 1067/5818 1066/5819 1059/5820
f 1067/5821 1059/5822 1060/5823
f 1068/5824 1067/5825 1060/5826
f 1068/5827 1060/5828 1061/5829
f 1069/5830 1068/5831 1061/5832
f 1069/5833 1061/5834 1070/5835
f 1061/5836 1062/5837 1070/5838
f 1070/5839 1062/5840 1071/5841
f 1062/5842 1063/5843 1071/5844
f 1071/5845 1063/5846 1072/5847
f 1063/5848 1064/5849 1072/5850
f 1072/5851 1064/5852 1065/5853
f 1064/5854 1057/5855 1065/5856
f 1081/5857 1073/5858 1074/5859
f 1082/5860 1081/5861 1074/5862
f 1082/5863 1074/5864 1075/5865
f 1083/5866 1082/5867 1075/5868
f 1083/5869 1075/5870 1076/5871
f 1084/5872 1083/5873 1076/5874
f 1084/5875 1076/5876 1077/5877
f 1085/5878 1084/5879 1077/5880
f 1085/5881 1077/5882 1086/5883
f 1077/5884 1078/5885 1086/5886
f 1086/5887 1078/5888 1087/5889
f 1078/5890 1079/5891 1087/5892
f 1087/5893 1079/5894 1088/5895
f 1079/5896 1080/5897 1088/5898
f 1088/5899 1080/5900 1081/5901
f 1080/5902 1073/5903 1081/5904
f 1089/5905 1081/5906 1082/5907
f 1090/5908 1089/5909 1082/5910
f 1090/5911 1082/5912 1083/5913
f 1091/5914 1090/5915 1083/5916
f 1091/5917 1083/5918 1084/5919
f 1092/5920 1091/5921 1084/5922
f 1092/5923 1084/5924 1085/5925
f 1093/5926 1092/5927 1085/5928
f 1093/5929 1085/5930 1094/5931
f 1085/5932 1086/5933 1094/5934
f 1094/5935 1086/5936 1095/5937
f 1086/5938 1087/5939 1095/5940
f 1095/5941 1087/5942 1096/5943
f 1087/5944 1088/5945 1096/5946
f 1096/5947 1088/5948 1089/5949
f 1088/5950 1081/5951 1089/5952
f 1097/5953 1089/5954 1090/5955
f 1098/5956 1097/5957 1090/5958
f 1098/5959 1090/5960 1091/5961
f 1099/5962 1098/5963 1091/5964
f 1099/5965 1091/5966 1092/5967
f 1100/5968 1099/5969 1092/5970
f 1100/5971 1092/5972 1093/5973
f 1101/5974 1100/5975 1093/5976
f 1101/5977 1093/5978 1102/5979
f 1093/5980 1094/5981 1102/5982
f 1102/5983 1094/5984 1103/5985
f 1094/5986 1095/5987 1103/5988
f 1103/5989 1095/5990 1104/5991
f 1095/5992 1096/5993 1104/5994
f 1104/5995 1096/5996 1097/5997
f 1096/5998 1089/5999 1097/6000
f 1105/6001 1097/6002 1098/6003
f 1106/6004 1105/6005 1098/6006
f 1106/6007 1098/6008 1099/6009
f 1107/6010 1106/6011 1099/6012
f 1107/6013 1099/6014 1100/6015
f 1108/6016 1107/6017 1100/6018
f 1108/6019 1100/6020 1101/6021
f 1109/6022 1108/6023 1101/6024
f 1109/6025 1101/6026 1110/6027
f 1101/6028 1102/6029 1110/6030
f 1110/6031 1102/6032 1111/6033
f 1102/6034 1103/6035 1111/6036
f 1111/6037 1103/6038 1112/6039
f 1103/6040 1104/6041 1112/6042
f 1112/6043 1104/6044 1105/6045
f 1104/6046 1097/6047 1105/6048
f 1113/6049 1105/6050 1106/6051
f 1114/6052 1113/6053 1106/6054
f 1114/6055 1106/6056 1107/6057
f 1115/6058 1114/6059 1107/6060
f 1115/6061 1107/6062 1108/6063
f 1116/6064 1115/6065 1108/6066
f 1116/6067 1108/6068 1109/6069
f 1117/6070 1116/6071 1109/6072
f 1117/6073 1109/6074 1118/6075
f 1109/6076 1110/6077 1118/6078
f 1118/6079 1110/6080 1119/6081
f 1110/6082 1111/6083 1119/6084
f 1119/6085 1111/6086 1120/6087
f 1111/6088 1112/6089 1120/6090
f 1120/6091 1112/6092 1113/6093
f 1112/6094 1105/6095 1113/6096
f 1121/6097 1113/6098 1114/6099
f 1122/6100 1121/6101 1114/6102
f 1122/6103 1114/6104 1115/6105
f 1123/6106 1122/6107 1115/6108
f 1123/6109 1115/6110 1116/6111
f 1124/6112 1123/6113 1116/6114
f 1124/6115 1116/6116 1117/6117
f 1125/6118 1124/6119 1117/6120
f 1125/6121 1117/6122 1126/6123
f 1117/6124 1118/6125 1126/6126
f 1126/6127 1118/6128 1127/6129
f 1118/6130 1119/6131 1127/6132
f 1127/6133 1119/6134 1128/6135
f 1119/6136 1120/6137 1128/6138
f 1128/6139 1120/6140 1121/6141
f 1120/6142 1113/6143 1121/6144
f 1129/6145 1121/6146 1122/6147
f 1130/6148 1129/6149 1122/6150
f 1130/6151 1122/6152 1123/6153
f 1131/6154 1130/6155 1123/6156
f 1131/6157 1123/6158 1124/6159
f 1132/6160 1131/6161 1124/6162
f 1132/6163 1124/6164 1125/6165
f 1133/6166 1132/6167 1125/6168
f 1133/6169 1125/6170 1134/6171
f 1125/6172 1126/6173 1134/6174
f 1134/6175 1126/6176 1135/6177
f 1126/6178 1127/6179 1135/6180
f 1135/6181 1127/6182 1136/6183
f 1127/6184 1128/6185 1136/6186
f 1136/6187 1128/6188 1129/6189
f 1128/6190 1121/6191 1129/6192
f 1137/6193 1129/6194 1130/6195
f 1138/6196 1137/6197 1130/6198
f 1138/6199 1130/6200 1131/6201
f 1139/6202 1138/6203 1131/6204
f 1139/6205 1131/6206 1132/6207
f 1140/6208 1139/6209 1132/6210
f 1140/6211 1132/6212 1133/6213
f 1141/6214 1140/6215 1133/6216
f 1141/6217 1133/6218 1142/6219
f 1133/6220 1134/6221 1142/6222
f 1142/6223 1134/6224 1143/6225
f 1134/6226 1135/6227 1143/6228
f 1143/6229 1135/6230 1144/6231
f 1135/6232 1136/6233 1144/6234
f 1144/6235 1136/6236 1137/6237
f 1136/6238 1129/6239 1137/6240
f 1153/6241 1145/6242 1146/6243
f 1154/6244 1153/6245 1146/6246
f 1154/6247 1146/6248 1147/6249
f 1155/6250 1154/6251 1147/6252
f 1155/6253 1147/6254 1148/6255
f 1156/6256 1155/6257 1148/6258
f 1156/6259 1148/6260 1149/6261
f 1157/6262 1156/6263 1149/6264
f 1157/6265 1149/6266 1158/6267
f 1149/6268 1150/6269 1158/6270
f 1158/6271 1150/6272 1159/6273
f 1150/6274 1151/6275 1159/6276
f 1159/6277 1151/6278 1160/6279
f 1151/6280 1152/6281 1160/6282
f 1160/6283 1152/6284 1153/6285
f 1152/6286 1145/6287 1153/6288
f 1161/6289 1153/6290 1154/6291
f 1162/6292 1161/6293 1154/6294
f 1162/6295 1154/6296 1155/6297
f 1163/6298 1162/6299 1155/6300
f 1163/6301 1155/6302 1156/6303
f 1164/6304 1163/6305 1156/6306
f 1164/6307 1156/6308 1157/6309
f 1165/6310 1164/6311 1157/6312
f 1165/6313 1157/6314 1166/6315
f 1157/6316 1158/6317 1166/6318
f 1166/6319 1158/6320 1167/6321
f 1158/6322 1159/6323 1167/6324
f 1167/6325 1159/6326 1168/6327
f 1159/6328 1160/6329 1168/6330
f 1168/6331 1160/6332 1161/6333
f 1160/6334 1153/6335 1161/6336
f 1169/6337 1161/6338 1162/6339
f 1170/6340 1169/6341 1162/6342
f 1170/6343 1162/6344 1163/6345
f 1171/6346 1170/6347 1163/6348
f 1171/6349 1163/6350 1164/6351
f 1172/6352 1171/6353 1164/6354
f 1172/6355 1164/6356 1165/6357
f 1173/6358 1172/6359 1165/6360
f 1173/6361 1165/6362 1174/6363
f 1165/6364 1166/6365 1174/6366
f 1174/6367 1166/6368 1175/6369
f 1166/6370 1167/6371 1175/6372
f 1175/6373 1167/6374 1176/6375
f 1167/6376 1168/6377 1176/6378
f 1176/6379 1168/6380 1169/6381
f 1168/6382 1161/6383 1169/6384
f 1177/6385 1169/6386 1170/6387
f 1178/6388 1177/6389 1170/6390
f 1178/6391 1170/6392 1171/6393
f 1179/6394 1178/6395 1171/6396
f 1179/6397 1171/6398 1172/6399
f 1180/6400 1179/6401 1172/6402
f 1180/6403 1172/6404 1173/6405
f 1181/6406 1180/6407 1173/6408
f 1181/6409 1173/6410 1182/6411
f 1173/6412 1174/6413 1182/6414
f 1182/6415 1174/6416 1183/6417
f 1174/6418 1175/6419 1183/6420
f 1183/6421 1175/6422 1184/6423
f 1175/6424 1176/6425 1184/6426
f 1184/6427 1176/6428 1177/6429
f 1176/6430 1169/6431 1177/6432
f 1185/6433 1177/6434 1178/6435
f 1186/6436 1185/6437 1178/6438
f 1186/6439 1178/6440 1179/6441
f 1187/6442 1186/6443 1179/6444
f 1187/6445 1179/6446 1180/6447
f 1188/6448 1187/6449 1180/6450
f 1188/6451 1180/6452 1181/6453
f 1189/6454 1188/6455 1181/6456
f 1189/6457 1181/6458 1190/6459
f 1181/6460 1182/6461 1190/6462
f 1190/6463 1182/6464 1191/6465
f 1182/6466 1183/6467 1191/6468
f 1191/6469 1183/6470 1192/6471
f 1183/6472 1184/6473 1192/6474
f 1192/6475 1184/6476 1185/6477
f 1184/6478 1177/6479 1185/6480
f 1193/6481 1185/6482 1186/6483
f 1194/6484 1193/6485 1186/6486
f 1194/6487 1186/6488 1187/6489
f 1195/6490 1194/6491 1187/6492
f 1195/6493 1187/6494 1188/6495
f 1196/6496 1195/6497 1188/6498
f 1196/6499 1188/6500 1189/6501
f 1197/6502 1196/6503 1189/6504
f 1197/6505 1189/6506 1198/6507
f 1189/6508 1190/6509 1198/6510
f 1198/6511 1190/6512 1199/6513
f 1190/6514 1191/6515 1199/6516
f 1199/6517 1191/6518 1200/6519
f 1191/6520 1192/6521 1200/6522
f 1200/6523 1192/6524 1193/6525
f 1192/6526 1185/6527 1193/6528
f 1201/6529 1193/6530 1194/6531
f 1202/6532 1201/6533 1194/6534
f 1202/6535 1194/6536 1195/6537
f 1203/6538 1202/6539 1195/6540
f 1203/6541 1195/6542 1196/6543
f 1204/6544 1203/6545 1196/6546
f 1204/6547 1196/6548 1197/6549
f 1205/6550 1204/6551 1197/6552
f 1205/6553 1197/6554 1206/6555
f 1197/6556 1198/6557 1206/6558
f 1206/6559 1198/6560 1207/6561
f 1198/6562 1199/6563 1207/6564
f 1207/6565 1199/6566 1208/6567
f 1199/6568 1200/6569 1208/6570
f 1208/6571 1200/6572 1201/6573
f 1200/6574 1193/6575 1201/6576
f 1209/6577 1201/6578 1202/6579
f 1210/6580 1209/6581 1202/6582
f 1210/6583 1202/6584 1203/6585
f 1211/6586 1210/6587 1203/6588
f 1211/6589 1203/6590 1204/6591
f 1212/6592 1211/6593 1204/6594
f 1212/6595 1204/6596 1205/6597
f 1213/6598 1212/6599 1205/6600
f 1213/6601 1205/6602 1214/6603
f 1205/6604 1206/6605 1214/6606
f 1214/6607 1206/6608 1215/6609
f 1206/6610 1207/6611 1215/6612
f 1215/6613 1207/6614 1216/6615
f 1207/6616 1208/6617 1216/6618
f 1216/6619 1208/6620 1209/6621
f 1208/6622 1201/6623 1209/6624
f 1217/6625 1218/6626 1221/6627
f 1221/6628 1218/6629 1222/6630
f 1218/6631 1220/6632 1222/6633
f 1222/6634 1220/6635 1224/6636
f 1217/6637 1221/6638 1219/6639
f 1221/6640 1223/6641 1219/6642
f 1219/6643 1223/6644 1220/6645
f 1223/6646 1224/6647 1220/6648
f 1221/6649 1222/6650 1225/6651
f 1225/6652 1222/6653 1226/6654
f 1222/6655 1224/6656 1226/6657
f 1221/6658 1225/6659 1223/6660
f 1225/6661 1226/6662 1223/6663
f 1223/6664 1226/6665 1224/6666
f 1228/6667 1227/6668 1231/6669
f 1228/6670 1231/6671 1232/6672
f 1230/6673 1228/6674 1232/6675
f 1230/6676 1232/6677 1234/6678
f 1229/6679 1231/6680 1227/6681
f 1229/6682 1233/6683 1231/6684
f 1230/6685 1233/6686 1229/6687
f 1230/6688 1234/6689 1233/6690
f 1232/6691 1231/6692 1235/6693
f 1232/6694 1235/6695 1236/6696
f 1234/6697 1232/6698 1236/6699
f 1233/6700 1235/6701 1231/6702
f 1233/6703 1236/6704 1235/6705
f 1234/6706 1236/6707 1233/6708
f 1237/6709 1238/6710 1241/6711
f 1241/6712 1238/6713 1242/6714
f 1238/6715 1240/6716 1242/6717
f 1242/6718 1240/6719 1244/6720
f 1237/6721 1241/6722 1239/6723
f 1241/6724 1243/6725 1239/6726
f 1239/6727 1243/6728 1240/6729
f 1243/6730 1244/6731 1240/6732
f 1241/6733 1242/6734 1245/6735
f 1245/6736 1242/6737 1246/6738
f 1242/6739 1244/6740 1246/6741
f 1241/6742 1245/6743 1243/6744
f 1245/6745 1246/6746 1243/6747
f 1243/6748 1246/6749 1244/6750
f 1248/6751 1247/6752 1251/6753
f 1248/6754 1251/6755 1252/6756
f 1250/6757 1248/6758 1252/6759
f 1250/6760 1252/6761 1254/6762
f 1249/6763 1251/6764 1247/6765
f 1249/6766 1253/6767 1251/6768
f 1250/6769 1253/6770 1249/6771
f 1250/6772 1254/6773 1253/6774
f 1252/6775 1251/6776 1255/6777
f 1252/6778 1255/6779 1256/6780
f 1254/6781 1252/6782 1256/6783
f 1253/6784 1255/6785 1251/6786
f 1253/6787 1256/6788 1255/6789
f 1254/6790 1256/6791 1253/6792
f 1257/6793 1258/6794 1261/6795
f 1261/6796 1258/6797 1262/6798
f 1258/6799 1260/6800 1262/6801
f 1257/6802 1261/6803 1259/6804
f 1261/6805 1262/6806 1259/6807
f 1259/6808 1262/6809 1260/6810
f 1264/6811 1263/6812 1267/6813
f 1264/6814 1267/6815 1268/6816
f 1266/6817 1264/6818 1268/6819
f 1265/6820 1267/6821 1263/6822
f 1265/6823 1268/6824 1267/6825
f 1266/6826 1268/6827 1265/6828
f 1269/6829 1270/6830 1273/6831
f 1273/6832 1270/6833 1274/6834
f 1270/6835 1272/6836 1274/6837
f 1274/6838 1272/6839 1276/6840
f 1269/6841 1273/6842 1271/6843
f 1273/6844 1275/6845 1271/6846
f 1271/6847 1275/6848 1272/6849
f 1275/6850 1276/6851 1272/6852
f 1273/6853 1274/6854 1277/6855
f 1277/6856 1274/6857 1278/6858
f 1274/6859 1276/6860 1278/6861
f 1278/6862 1276/6863 1280/6864
f 1273/6865 1277/6866 1275/6867
f 1277/6868 1279/6869 1275/6870
f 1275/6871 1279/6872 1276/6873
f 1279/6874 1280/6875 1276/6876
f 1277/6877 1278/6878 1281/6879
f 1281/6880 1278/6881 1282/6882
f 1278/6883 1280/6884 1282/6885
f 1282/6886 1280/6887 1284/6888
f 1277/6889 1281/6890 1279/6891
f 1281/6892 1283/6893 1279/6894
f 1279/6895 1283/6896 1280/6897
f 1283/6898 1284/6899 1280/6900
f 1281/6901 1282/6902 1285/6903
f 1285/6904 1282/6905 1286/6906
f 1282/6907 1284/6908 1286/6909
f 1281/6910 1285/6911 1283/6912
f 1285/6913 1286/6914 1283/6915
f 1283/6916 1286/6917 1284/6918
f 1288/6919 1287/6920 1291/6921
f 1288/6922 1291/6923 1292/6924
f 1290/6925 1288/6926 1292/6927
f 1290/6928 1292/6929 1294/6930
f 1289/6931 1291/6932 1287/6933
f 1289/6934 1293/6935 1291/6936
f 1290/6937 1293/6938 1289/6939
f 1290/6940 1294/6941 1293/6942
f 1292/6943 1291/6944 1295/6945
f 1292/6946 1295/6947 1296/6948
f 1294/6949 1292/6950 1296/6951
f 1294/6952 1296/6953 1298/6954
f 1293/6955 1295/6956 1291/6957
f 1293/6958 1297/6959 1295/6960
f 1294/6961 1297/6962 1293/6963
f 1294/6964 1298/6965 1297/6966
f 1296/6967 1295/6968 1299/6969
f 1296/6970 1299/6971 1300/6972
f 1298/6973 1296/6974 1300/6975
f 1298/6976 1300/6977 1302/6978
f 1297/6979 1299/6980 1295/6981
f 1297/6982 1301/6983 1299/6984
f 1298/6985 1301/6986 1297/6987
f 1298/6988 1302/6989 1301/6990
f 1300/6991 1299/6992 1303/6993
f 1300/6994 1303/6995 1304/6996
f 1302/6997 1300/6998 1304/6999
f 1301/7000 1303/7001 1299/7002
f 1301/7003 1304/7004 1303/7005
f 1302/7006 1304/7007 1301/7008
f 1305/7009 1306/7010 1309/7011
f 1309/7012 1306/7013 1310/7014
f 1306/7015 1308/7016 1310/7017
f 1305/7018 1309/7019 1307/7020
f 1309/7021 1310/7022 1307/7023
f 1307/7024 1310/7025 1308/7026
f 1312/7027 1311/7028 1315/7029
f 1312/7030 1315/7031 1316/7032
f 1314/7033 1312/7034 1316/7035
f 1313/7036 1315/7037 1311/7038
f 1313/7039 1316/7040 1315/7041
f 1314/7042 1316/7043 1313/7044
f 1317/7045 1318/7046 1321/7047
f 1321/7048 1318/7049 1322/7050
f 1318/7051 1320/7052 1322/7053
f 1317/7054 1321/7055 1319/7056
f 1321/7057 1322/7058 1319/7059
f 1319/7060 1322/7061 1320/7062
f 1324/7063 1323/7064 1327/7065
f 1324/7066 1327/7067 1328/7068
f 1326/7069 1324/7070 1328/7071
f 1325/7072 1327/7073 1323/7074
f 1325/7075 1328/7076 1327/7077
f 1326/7078 1328/7079 1325/7080
f 1329/7081 1330/7082 1333/7083
f 1333/7084 1330/7085 1334/7086
f 1330/7087 1332/7088 1334/7089
f 1329/7090 1333/7091 1331/7092
f 1333/7093 1334/7094 1331/7095
f 1331/7096 1334/7097 1332/7098
f 1336/7099 1335/7100 1339/7101
f 1336/7102 1339/7103 1340/7104
f 1338/7105 1336/7106 1340/7107
f 1337/7108 1339/7109 1335/7110
f 1337/7111 1340/7112 1339/7113
f 1338/7114 1340/7115 1337/7116
